short_name,age,nationality_name,overall,potential,club_name,value_eur,wage_eur,player_positions
L. Messi,34,Argentina,93,93,Paris Saint-Germain,78000000.0,320000.0,RW
Cristiano Ronaldo,36,Portugal,91,91,Manchester United,45000000.0,270000.0,ST
Neymar Jr,29,Brazil,91,91,Paris Saint-Germain,129000000.0,270000.0,LW
K. Mbappé,22,France,91,95,Paris Saint-Germain,194000000.0,230000.0,ST
M. Neuer,35,Germany,90,90,FC Bayern München,13500000.0,86000.0,GK
M. ter Stegen,29,Germany,90,92,FC Barcelona,99000000.0,250000.0,GK
H. Kane,27,England,90,90,Tottenham Hotspur,129500000.0,240000.0,ST
N. Kanté,30,France,90,90,Chelsea,100000000.0,230000.0,CDM
Casemiro,29,Brazil,89,89,Real Madrid CF,88000000.0,310000.0,CDM
Ederson,27,Brazil,89,91,Manchester City,94000000.0,200000.0,GK
J. Kimmich,26,Germany,89,90,FC Bayern München,108000000.0,160000.0,CDM
Alisson,28,Brazil,89,90,Liverpool,82000000.0,190000.0,GK
G. Donnarumma,22,Italy,89,93,Paris Saint-Germain,119500000.0,110000.0,GK
T. Kroos,31,Germany,88,88,Real Madrid CF,75000000.0,310000.0,CM
R. Sterling,26,England,88,89,Manchester City,107500000.0,290000.0,LW
Bruno Fernandes,26,Portugal,88,89,Manchester United,107500000.0,250000.0,CAM
H. Lloris,34,France,87,87,Tottenham Hotspur,13500000.0,125000.0,GK
Á. Di María,33,Argentina,87,87,Paris Saint-Germain,49500000.0,160000.0,RW
T. Müller,31,Germany,87,87,FC Bayern München,66000000.0,140000.0,CAM
C. Immobile,31,Italy,87,87,Lazio,67500000.0,125000.0,ST
M. Verratti,28,Italy,87,87,Paris Saint-Germain,79500000.0,155000.0,CM
Marquinhos,27,Brazil,87,90,Paris Saint-Germain,90500000.0,135000.0,CB
L. Goretzka,26,Germany,87,88,FC Bayern München,93000000.0,140000.0,CM
P. Dybala,27,Argentina,87,88,Juventus,93000000.0,160000.0,CF
T. Alexander-Arnold,22,England,87,92,Liverpool,114000000.0,150000.0,RB
J. Sancho,21,England,87,91,Manchester United,116500000.0,150000.0,RM
Rúben Dias,24,Portugal,87,91,Manchester City,102500000.0,170000.0,CB
G. Chiellini,36,Italy,86,86,Juventus,12000000.0,88000.0,CB
M. Hummels,32,Germany,86,86,Borussia Dortmund,44000000.0,95000.0,CB
Jordi Alba,32,Spain,86,86,FC Barcelona,47000000.0,200000.0,LB
Thiago,30,Spain,86,86,Liverpool,65000000.0,180000.0,CM
Sergio Busquets,32,Spain,86,86,FC Barcelona,45000000.0,200000.0,CDM
Parejo,32,Spain,86,86,Villarreal CF,53500000.0,64000.0,CM
L. Insigne,30,Italy,86,86,Napoli,65500000.0,125000.0,LW
R. Varane,28,France,86,88,Manchester United,68500000.0,180000.0,CB
Gerard Moreno,29,Spain,86,86,Villarreal CF,68000000.0,73000.0,ST
J. Vardy,34,England,86,86,Leicester City,33000000.0,180000.0,ST
Fabinho,27,Brazil,86,88,Liverpool,73500000.0,165000.0,CDM
João Cancelo,27,Portugal,86,87,Manchester City,71500000.0,185000.0,RB
A. Laporte,27,Spain,86,89,Manchester City,77000000.0,185000.0,CB
K. Coman,25,France,86,87,FC Bayern München,81000000.0,120000.0,LM
Bernardo Silva,26,Portugal,86,87,Manchester City,80000000.0,200000.0,CAM
Marcos Llorente,26,Spain,86,89,Atlético de Madrid,88000000.0,95000.0,CM
Rodri,25,Spain,86,89,Manchester City,81000000.0,175000.0,CDM
A. Gómez,33,Argentina,85,85,Sevilla FC,33500000.0,51000.0,CAM
Thiago Silva,36,Brazil,85,85,Chelsea,9500000.0,105000.0,CB
David Silva,35,Spain,85,85,Real Sociedad,22000000.0,44000.0,CAM
L. Bonucci,34,Italy,85,85,Juventus,17500000.0,110000.0,CB
İ. Gündoğan,30,Germany,85,85,Manchester City,51500000.0,185000.0,CM
M. Reus,32,Germany,85,85,Borussia Dortmund,43000000.0,95000.0,CAM
K. Walker,31,England,85,85,Manchester City,39000000.0,170000.0,RB
Koke,29,Spain,85,85,Atlético de Madrid,52500000.0,90000.0,CM
A. Griezmann,30,France,85,85,Atlético de Madrid,53000000.0,220000.0,ST
Roberto Firmino,29,Brazil,85,85,Liverpool,54000000.0,185000.0,CF
Carvajal,29,Spain,85,85,Real Madrid CF,47500000.0,210000.0,RB
Jorginho,29,Italy,85,85,Chelsea,52500000.0,170000.0,CM
S. Gnabry,25,Germany,85,86,FC Bayern München,64500000.0,110000.0,RM
Oyarzabal,24,Spain,85,89,Real Sociedad,77500000.0,57000.0,LW
L. Martínez,23,Argentina,85,89,Inter,78000000.0,145000.0,ST
M. Rashford,23,England,85,89,Manchester United,77500000.0,150000.0,LM
Jesús Navas,35,Spain,84,84,Sevilla FC,13000000.0,30000.0,RB
Piqué,34,Spain,84,84,FC Barcelona,13500000.0,175000.0,CB
J. Henderson,31,England,84,84,Liverpool,29500000.0,140000.0,CDM
Fernando,33,Brazil,84,84,Sevilla FC,21000000.0,43000.0,CDM
K. Trippier,30,England,84,84,Atlético de Madrid,36500000.0,74000.0,RB
Iago Aspas,33,Spain,84,84,RC Celta de Vigo,27000000.0,46000.0,ST
De Gea,30,Spain,84,84,Manchester United,28000000.0,120000.0,GK
Luis Alberto,28,Spain,84,84,Lazio,42500000.0,95000.0,CAM
W. Ben Yedder,30,France,84,84,AS Monaco,41500000.0,88000.0,ST
L. Digne,27,France,84,84,Everton,40500000.0,110000.0,LB
E. Martínez,28,Argentina,84,85,Aston Villa,33500000.0,81000.0,GK
H. Maguire,28,England,84,86,Manchester United,42500000.0,155000.0,CB
L. Shaw,25,England,84,86,Manchester United,48500000.0,140000.0,LB
J. Grealish,25,England,84,85,Manchester City,50500000.0,180000.0,LW
M. Ginter,27,Germany,84,85,Borussia Mönchengladbach,42500000.0,45000.0,CB
Felipe,32,Brazil,84,84,Atlético de Madrid,27500000.0,74000.0,CB
R. Guerreiro,27,Portugal,84,84,Borussia Dortmund,40500000.0,79000.0,LB
Ricardo Pereira,27,Portugal,84,84,Leicester City,40500000.0,130000.0,RB
T. Werner,25,Germany,84,87,Chelsea,56500000.0,155000.0,ST
M. Maignan,25,France,84,89,AC Milan,49500000.0,45000.0,GK
N. Fekir,27,France,84,84,Real Betis Balompié,45000000.0,42000.0,CAM
L. Sané,25,Germany,84,87,FC Bayern München,56000000.0,105000.0,RM
N. Barella,24,Italy,84,89,Inter,63500000.0,120000.0,CM
M. Acuña,29,Argentina,84,84,Sevilla FC,37000000.0,45000.0,LB
André Silva,25,Portugal,84,85,RB Leipzig,51000000.0,110000.0,ST
T. Hernández,23,France,84,90,AC Milan,62500000.0,51000.0,LB
K. Havertz,22,Germany,84,92,Chelsea,94500000.0,130000.0,CAM
P. Foden,21,England,84,92,Manchester City,94500000.0,125000.0,CAM
Fernandinho,36,Brazil,83,83,Manchester City,7000000.0,100000.0,CDM
Sergio Asenjo,32,Spain,83,83,Villarreal CF,18000000.0,37000.0,GK
J. Boateng,32,Germany,83,83,Olympique Lyonnais,23500000.0,81000.0,CB
Azpilicueta,31,Spain,83,83,Chelsea,25000000.0,125000.0,CB
Paulinho,32,Brazil,83,83,Al Ahli,28500000.0,61000.0,CM
Muniain,28,Spain,83,83,Athletic Club de Bilbao,36500000.0,44000.0,CAM
Canales,30,Spain,83,83,Real Betis Balompié,34500000.0,38000.0,CM
Alex Sandro,30,Brazil,83,83,Juventus,31500000.0,95000.0,LB
B. Leno,29,Germany,83,84,Arsenal,28000000.0,87000.0,GK
F. Acerbi,33,Italy,83,83,Lazio,17500000.0,75000.0,CB
Allan,30,Brazil,83,83,Everton,30500000.0,100000.0,CDM
K. Volland,28,Germany,83,83,AS Monaco,37000000.0,83000.0,ST
Morata,28,Spain,83,83,Juventus,37000000.0,84000.0,ST
M. Icardi,28,Argentina,83,83,Paris Saint-Germain,37000000.0,120000.0,ST
L. Spinazzola,28,Italy,83,83,Roma,33000000.0,72000.0,LWB
J. Stones,27,England,83,86,Manchester City,41000000.0,140000.0,CB
N. Pope,29,England,83,83,Burnley,25000000.0,45000.0,GK
J. Pickford,27,England,83,85,Everton,33000000.0,83000.0,GK
A. Rüdiger,28,Germany,83,84,Chelsea,34500000.0,130000.0,CB
L. Ocampos,26,Argentina,83,83,Sevilla FC,39500000.0,46000.0,LW
Gayà,26,Spain,83,86,Valencia CF,43500000.0,48000.0,LB
T. Lemar,25,France,83,86,Atlético de Madrid,48000000.0,71000.0,LM
Á. Correa,26,Argentina,83,86,Atlético de Madrid,48000000.0,80000.0,ST
Angeliño,24,Spain,83,86,RB Leipzig,46000000.0,77000.0,LWB
L. Hernández,25,France,83,86,FC Bayern München,44500000.0,85000.0,LB
Marco Asensio,25,Spain,83,86,Real Madrid CF,48000000.0,190000.0,RW
R. Gosens,26,Germany,83,83,Atalanta,36000000.0,65000.0,LWB
Merino,25,Spain,83,87,Real Sociedad,50000000.0,47000.0,CM
P. Kimpembe,25,France,83,87,Paris Saint-Germain,45500000.0,90000.0,CB
F. Mendy,26,France,83,86,Real Madrid CF,43500000.0,170000.0,LB
A. Wan-Bissaka,23,England,83,87,Manchester United,48500000.0,115000.0,RB
Ronaldo Cabrais,29,Brazil,83,83,Grêmio,35500000.0,49000.0,CAM
Arthur,24,Brazil,83,85,Juventus,47000000.0,90000.0,CM
Gabriel Jesus,24,Brazil,83,87,Manchester City,52500000.0,150000.0,ST
O. Dembélé,24,France,83,88,FC Barcelona,55000000.0,165000.0,RW
M. Mount,22,England,83,89,Chelsea,58500000.0,120000.0,CAM
F. Chiesa,23,Italy,83,91,Juventus,80500000.0,74000.0,RW
J. Koundé,22,France,83,89,Sevilla FC,53000000.0,33000.0,CB
João Félix,21,Portugal,83,91,Atlético de Madrid,82000000.0,61000.0,CF
Pepe,38,Portugal,82,82,FC Porto,5500000.0,14000.0,CB
Raúl Albiol,35,Spain,82,82,Villarreal CF,8000000.0,30000.0,CB
S. Sirigu,34,Italy,82,82,Genoa,5000000.0,20000.0,GK
Rui Patrício,33,Portugal,82,82,Roma,10000000.0,51000.0,GK
É. Banega,33,Argentina,82,82,Al Shabab,15000000.0,46000.0,CDM
Yuri Berchiche,31,Spain,82,82,Athletic Club de Bilbao,22000000.0,35000.0,LB
L. Stindl,32,Germany,82,82,Borussia Mönchengladbach,24000000.0,41000.0,CAM
Oscar,29,Brazil,82,82,Shanghai Port FC,30000000.0,38000.0,CAM
K. Trapp,30,Germany,82,82,Eintracht Frankfurt,20500000.0,31000.0,GK
Coutinho,29,Brazil,82,82,FC Barcelona,30000000.0,165000.0,CAM
M. Götze,29,Germany,82,82,PSV,30000000.0,29000.0,CAM
A. Areola,28,France,82,84,West Ham United,26000000.0,75000.0,GK
A. Lacazette,30,France,82,82,Arsenal,30000000.0,110000.0,ST
O. Baumann,31,Germany,82,82,TSG Hoffenheim,16000000.0,37000.0,GK
Neto,31,Brazil,82,82,FC Barcelona,16000000.0,115000.0,GK
Isco,29,Spain,82,82,Real Madrid CF,30000000.0,175000.0,CAM
A. Lopes,30,Portugal,82,83,Olympique Lyonnais,23000000.0,60000.0,GK
Campaña,28,Spain,82,82,Levante Unión Deportiva,30500000.0,43000.0,CM
Gabriel Paulista,30,Brazil,82,82,Valencia CF,25000000.0,44000.0,CB
J. Veretout,28,France,82,83,Roma,29500000.0,66000.0,CDM
Suso,27,Spain,82,82,Sevilla FC,32500000.0,42000.0,RW
Juan Bernat,28,Spain,82,82,Paris Saint-Germain,27500000.0,90000.0,LB
Portu,29,Spain,82,82,Real Sociedad,30000000.0,51000.0,RW
E. Can,27,Germany,82,83,Borussia Dortmund,35000000.0,72000.0,CM
Saúl,26,Spain,82,85,Chelsea,39500000.0,68000.0,CM
Grimaldo,25,Spain,82,85,SL Benfica,37000000.0,18000.0,LB
A. Romagnoli,26,Italy,82,83,AC Milan,31500000.0,49000.0,CB
D. Berardi,26,Italy,82,82,U.S. Sassuolo Calcio,33500000.0,51000.0,RW
N. Tagliafico,28,Argentina,82,82,Ajax,27500000.0,24000.0,LB
P. Gollini,26,Italy,82,87,Tottenham Hotspur,35000000.0,48000.0,GK
N. Süle,25,Germany,82,87,FC Bayern München,40500000.0,78000.0,CB
Alex Telles,28,Brazil,82,82,Manchester United,27500000.0,130000.0,LB
Anderson Talisca,27,Brazil,82,83,Al Nassr,35500000.0,61000.0,CF
R. De Paul,27,Argentina,82,83,Atlético de Madrid,35000000.0,68000.0,CM
Rafa,28,Portugal,82,82,SL Benfica,30500000.0,22000.0,RM
Diego Carlos,28,Brazil,82,84,Sevilla FC,30500000.0,37000.0,CB
C. Lenglet,26,France,82,86,FC Barcelona,37500000.0,145000.0,CB
J. Maddison,24,England,82,85,Leicester City,41500000.0,100000.0,CAM
M. Locatelli,23,Italy,82,87,Juventus,42000000.0,74000.0,CDM
Rúben Neves,24,Portugal,82,87,Wolverhampton Wanderers,46000000.0,89000.0,CM
Diogo Jota,24,Portugal,82,87,Liverpool,46000000.0,120000.0,LW
J. Gomez,24,England,82,88,Liverpool,43500000.0,100000.0,CB
Fabián,25,Spain,82,86,Napoli,42000000.0,77000.0,CM
Palhinha,25,Portugal,82,87,Sporting CP,41000000.0,18000.0,CDM
D. Upamecano,22,France,82,90,FC Bayern München,64000000.0,70000.0,CB
Mario Hermoso,26,Spain,82,85,Atlético de Madrid,35500000.0,62000.0,CB
B. Chilwell,24,England,82,86,Chelsea,40500000.0,100000.0,LWB
Raphaelinho Anjos,33,Brazil,82,82,RB Bragantino,10000000.0,20000.0,GK
Josué Chiamulera,29,Brazil,82,82,Grêmio,25500000.0,41000.0,CB
Unai Simón,24,Spain,82,86,Athletic Club de Bilbao,34500000.0,24000.0,GK
Richarlison,24,Brazil,82,87,Everton,46500000.0,100000.0,ST
C. Romero,23,Argentina,82,87,Tottenham Hotspur,41500000.0,51000.0,CB
Raphinha,24,Brazil,82,87,Leeds United,46000000.0,89000.0,RM
D. Rice,22,England,82,87,West Ham United,43000000.0,69000.0,CDM
F. Neuhaus,24,Germany,82,87,Borussia Mönchengladbach,46000000.0,36000.0,CM
T. Ndombele,24,France,82,87,Tottenham Hotspur,46000000.0,95000.0,CAM
Éder Militão,23,Brazil,82,89,Real Madrid CF,56500000.0,130000.0,CB
Ferran Torres,21,Spain,82,90,Manchester City,68500000.0,120000.0,RW
Pau Torres,24,Spain,82,89,Villarreal CF,56500000.0,35000.0,CB
Dani Olmo,23,Spain,82,87,RB Leipzig,46000000.0,78000.0,CAM
Joaquín,39,Spain,81,81,Real Betis Balompié,8500000.0,23000.0,RM
Nani,34,Portugal,81,81,Orlando City Soccer Club,12000000.0,14000.0,LW
A. Gignac,35,France,81,81,Tigres U.A.N.L.,11000000.0,50000.0,ST
A. Consigli,34,Italy,81,81,U.S. Sassuolo Calcio,4400000.0,32000.0,GK
S. Mandanda,36,France,81,81,Olympique de Marseille,2900000.0,24000.0,GK
G. Higuaín,33,Argentina,81,81,Inter Miami CF,16500000.0,14000.0,ST
José Fonte,37,Portugal,81,81,LOSC Lille,4600000.0,30000.0,CB
Lucas Leiva,34,Brazil,81,81,Lazio,9000000.0,64000.0,CDM
Adán,34,Spain,81,81,Sporting CP,4400000.0,14000.0,GK
M. Kruse,33,Germany,81,81,1. FC Union Berlin,16500000.0,45000.0,CF
B. André,30,France,81,81,LOSC Lille,21500000.0,43000.0,CDM
N. Otamendi,33,Argentina,81,81,SL Benfica,12500000.0,18000.0,CB
Aitor,30,Spain,81,81,Levante Unión Deportiva,17000000.0,28000.0,GK
D. Ings,28,England,81,81,Aston Villa,26500000.0,90000.0,ST
Pizzi,31,Portugal,81,81,SL Benfica,21000000.0,19000.0,CM
Jonathan Viera,31,Spain,81,81,Unión Deportiva Las Palmas,21500000.0,15000.0,CAM
Danilo,29,Brazil,81,81,Juventus,22500000.0,83000.0,RB
Sergi Roberto,29,Spain,81,81,FC Barcelona,22500000.0,140000.0,RB
Paco Alcácer,27,Spain,81,81,Villarreal CF,28000000.0,45000.0,ST
Nacho Fernández,31,Spain,81,81,Real Madrid CF,17500000.0,140000.0,CB
Danilo Pereira,29,Portugal,81,81,Paris Saint-Germain,22000000.0,85000.0,CDM
Lucas Moura,28,Brazil,81,81,Tottenham Hotspur,26000000.0,105000.0,RM
A. Marchesín,33,Argentina,81,81,FC Porto,8500000.0,14000.0,GK
J. Tarkowski,28,England,81,82,Burnley,24500000.0,46000.0,CB
A. Florenzi,30,Italy,81,81,AC Milan,22000000.0,58000.0,RB
K. Zouma,26,France,81,84,West Ham United,30000000.0,75000.0,CB
Iñigo Martínez,30,Spain,81,81,Athletic Club de Bilbao,21000000.0,33000.0,CB
J. Ward-Prowse,26,England,81,84,Southampton,33500000.0,69000.0,CM
A. Cragno,27,Italy,81,83,Cagliari,23500000.0,32000.0,GK
M. Arnold,27,Germany,81,82,VfL Wolfsburg,26500000.0,66000.0,CDM
L. Paredes,27,Argentina,81,83,Paris Saint-Germain,28000000.0,81000.0,CDM
A. Belotti,27,Italy,81,82,Torino F.C.,30000000.0,61000.0,ST
Lucas Vázquez,30,Spain,81,81,Real Madrid CF,25000000.0,170000.0,RW
Fred,28,Brazil,81,81,Manchester United,22500000.0,120000.0,CDM
A. Rabiot,26,France,81,82,Juventus,30000000.0,87000.0,CM
Rui Silva,27,Portugal,81,84,Real Betis Balompié,25500000.0,24000.0,GK
Otávio,26,Portugal,81,82,FC Porto,30500000.0,19000.0,LM
A. Martial,25,France,81,84,Manchester United,34500000.0,130000.0,ST
J. Brandt,25,Germany,81,85,Borussia Dortmund,36000000.0,64000.0,CAM
J. Musso,27,Argentina,81,83,Atalanta,23500000.0,44000.0,GK
J. Correa,26,Argentina,81,82,Inter,31000000.0,76000.0,CF
Iñaki Williams,27,Spain,81,82,Athletic Club de Bilbao,30000000.0,39000.0,ST
M. Politano,27,Italy,81,81,Napoli,27500000.0,74000.0,RM
Morales,33,Spain,81,81,Levante Unión Deportiva,16500000.0,41000.0,ST
D. Calvert-Lewin,24,England,81,85,Everton,37500000.0,90000.0,ST
David Soria,28,Spain,81,82,Getafe CF,20500000.0,30000.0,GK
K. Phillips,25,England,81,85,Leeds United,32500000.0,82000.0,CDM
Gonçalo Guedes,24,Portugal,81,86,Valencia CF,39000000.0,39000.0,LM
N. Mukiele,23,France,81,85,RB Leipzig,34500000.0,65000.0,RWB
G. Lo Celso,25,Argentina,81,85,Tottenham Hotspur,35500000.0,95000.0,CM
Álex Remiro,26,Spain,81,84,Real Sociedad,26000000.0,31000.0,GK
Yeray,26,Spain,81,83,Athletic Club de Bilbao,28000000.0,33000.0,CB
L. Pellegrini,25,Italy,81,86,Roma,38000000.0,61000.0,CAM
Juiano Mestres,25,Brazil,81,81,Clube Atlético Mineiro,25000000.0,41000.0,CB
Adryan Zonta,29,Brazil,81,81,RB Bragantino,22500000.0,24000.0,LWB
Rosberto Dourado,21,Brazil,81,81,Sport Club Corinthians Paulista,27000000.0,26000.0,CDM
Louri Beretta,29,Brazil,81,81,RB Bragantino,25500000.0,28000.0,ST
Welington Dano,21,Brazil,81,81,Clube Atlético Mineiro,27500000.0,31000.0,LB
Oswaldinato,29,Brazil,81,81,Flamengo,25500000.0,56000.0,ST
C. Nkunku,23,France,81,86,RB Leipzig,39000000.0,72000.0,CAM
Lucas Paquetá,23,Brazil,81,86,Olympique Lyonnais,38500000.0,65000.0,CM
Carlos Soler,24,Spain,81,88,Valencia CF,51500000.0,39000.0,CM
H. Barnes,23,England,81,84,Leicester City,35000000.0,95000.0,LM
H. Aouar,23,France,81,86,Olympique Lyonnais,38500000.0,65000.0,CM
M. Lazzari,27,Italy,81,81,Lazio,25000000.0,64000.0,RWB
R. James,21,England,81,86,Chelsea,37000000.0,76000.0,RWB
Cucurella,22,Spain,81,87,Brighton & Hove Albion,41500000.0,63000.0,LM
Pedro Gonçalves,23,Portugal,81,88,Sporting CP,51500000.0,19000.0,RW
M. Diaby,21,France,81,88,Bayer 04 Leverkusen,52500000.0,52000.0,LW
Reguilón,24,Spain,81,84,Tottenham Hotspur,32500000.0,79000.0,LB
Renan Lodi,23,Brazil,81,86,Atlético de Madrid,36500000.0,49000.0,LB
Pedri,18,Spain,81,91,FC Barcelona,54000000.0,51000.0,CM
G. Buffon,43,Italy,80,80,Parma,2300000.0,18000.0,GK
João Moutinho,34,Portugal,80,80,Wolverhampton Wanderers,9500000.0,88000.0,CM
Raúl García,34,Spain,80,80,Athletic Club de Bilbao,10500000.0,36000.0,ST
Marcelo,33,Brazil,80,80,Real Madrid CF,11000000.0,135000.0,LB
D. Payet,34,France,80,80,Olympique de Marseille,10000000.0,51000.0,LW
Nacho Monreal,35,Spain,80,80,Real Sociedad,6500000.0,26000.0,LB
A. Ogbonna,33,Italy,80,80,West Ham United,10000000.0,70000.0,CB
José Callejón,34,Spain,80,80,Fiorentina,10000000.0,61000.0,RM
Rafael Tolói,30,Italy,80,80,Atalanta,17500000.0,51000.0,CB
F. Coquelin,30,France,80,80,Villarreal CF,20000000.0,39000.0,CM
Guaita,34,Spain,80,80,Crystal Palace,3600000.0,48000.0,GK
E. Salvio,30,Argentina,80,80,Boca Juniors,20500000.0,23000.0,RM
R. Pereyra,30,Argentina,80,80,Udinese Calcio,20000000.0,23000.0,CM
E. Pérez,35,Argentina,80,80,River Plate,6000000.0,15000.0,CDM
M. Perin,28,Italy,80,82,Juventus,18000000.0,64000.0,GK
Sérgio Oliveira,29,Portugal,80,80,FC Porto,20500000.0,19000.0,CM
Bartra,30,Spain,80,80,Real Betis Balompié,17500000.0,28000.0,CB
Pablo Sarabia,29,Spain,80,80,Sporting CP,20500000.0,95000.0,RW
João Pedro,29,Brazil,80,80,Cagliari,21000000.0,46000.0,CF
Ismaily,31,Brazil,80,80,Shakhtar Donetsk,15500000.0,1000.0,LB
Rafinha,28,Brazil,80,80,Paris Saint-Germain,21000000.0,86000.0,CM
J. Draxler,27,Germany,80,81,Paris Saint-Germain,24500000.0,83000.0,CAM
D. Demme,29,Germany,80,80,Napoli,18000000.0,66000.0,CDM
Pozuelo,29,Spain,80,80,Toronto FC,20500000.0,13000.0,CAM
F. Thauvin,28,France,80,80,Tigres U.A.N.L.,21000000.0,64000.0,RW
S. Umtiti,27,France,80,80,FC Barcelona,19500000.0,125000.0,CB
T. Savanier,29,France,80,80,Montpellier Hérault SC,20500000.0,35000.0,CM
E. Andrada,30,Argentina,80,81,CF Monterrey,16000000.0,43000.0,GK
M. Keane,28,England,80,81,Everton,20000000.0,84000.0,CB
Roger,30,Spain,80,80,Levante Unión Deportiva,20500000.0,38000.0,ST
G. Laborde,27,France,80,81,Stade Rennais FC,24500000.0,59000.0,ST
Pacheco,29,Spain,80,82,Deportivo Alavés,17500000.0,25000.0,GK
Jonny,27,Spain,80,81,Wolverhampton Wanderers,22000000.0,81000.0,LWB
D. Alli,25,England,80,82,Tottenham Hotspur,26500000.0,90000.0,CAM
P. Max,27,Germany,80,81,PSV,22000000.0,22000.0,LB
João Mário,28,Portugal,80,80,SL Benfica,21000000.0,19000.0,CM
F. Armani,34,Argentina,80,80,River Plate,3600000.0,17000.0,GK
W. Benítez,28,Argentina,80,82,OGC Nice,18000000.0,32000.0,GK
G. Rulli,29,Argentina,80,80,Villarreal CF,14500000.0,31000.0,GK
Capa,29,Spain,80,80,Athletic Club de Bilbao,18500000.0,32000.0,RB
G. Di Lorenzo,27,Italy,80,80,Napoli,20500000.0,63000.0,RB
C. Tolisso,26,France,80,81,FC Bayern München,24500000.0,78000.0,CM
Embarba,29,Spain,80,80,RCD Espanyol de Barcelona,20500000.0,26000.0,RM
Pau López,26,Spain,80,80,Olympique de Marseille,16500000.0,44000.0,GK
L. Klostermann,25,Germany,80,84,RB Leipzig,26500000.0,67000.0,CB
Everton,25,Brazil,80,83,SL Benfica,28000000.0,17000.0,LM
Borja Iglesias,28,Spain,80,80,Real Betis Balompié,21500000.0,34000.0,ST
Joan Jordán,26,Spain,80,81,Sevilla FC,24500000.0,33000.0,CM
J. Bamba,25,France,80,83,LOSC Lille,28000000.0,42000.0,LM
Álex Berenguer,25,Spain,80,81,Athletic Club de Bilbao,25000000.0,32000.0,RM
Nélson Semedo,27,Portugal,80,81,Wolverhampton Wanderers,22000000.0,81000.0,RWB
G. Mancini,25,Italy,80,84,Roma,26500000.0,52000.0,CB
S. Sensi,25,Italy,80,83,Inter,27500000.0,95000.0,CM
Gerson,24,Brazil,80,84,Olympique de Marseille,30000000.0,41000.0,CM
Maikel Catarino,25,Brazil,80,80,Sport Club Corinthians Paulista,21000000.0,33000.0,RB
Héniton Pires,25,Brazil,80,80,Flamengo,17000000.0,33000.0,GK
Laure Santeiro,21,Brazil,80,80,Fluminense,25000000.0,23000.0,CAM
Tony Abranjes,33,Brazil,80,80,Internacional,10000000.0,32000.0,CB
Renato Sanches,23,Portugal,80,86,LOSC Lille,33000000.0,38000.0,CM
D. Henderson,24,England,80,87,Manchester United,36000000.0,70000.0,GK
B. Kamara,21,France,80,86,Olympique de Marseille,31000000.0,30000.0,CDM
A. Bastoni,22,Italy,80,89,Inter,44500000.0,77000.0,CB
Vinícius Jr.,20,Brazil,80,90,Real Madrid CF,46500000.0,120000.0,LW
R. Baku,23,Germany,80,85,VfL Wolfsburg,32000000.0,59000.0,RM
Unai Núñez,24,Spain,80,84,Athletic Club de Bilbao,27000000.0,26000.0,CB
Pedro Porro,21,Spain,80,87,Sporting CP,40500000.0,80000.0,RWB
B. Saka,19,England,80,88,Arsenal,45500000.0,50000.0,RM
Iniesta,37,Spain,79,79,Vissel Kobe,5500000.0,10000.0,CM
J. Milner,35,England,79,79,Liverpool,7000000.0,76000.0,CM
F. Ribéry,38,France,79,79,US Salernitana 1919,6000000.0,41000.0,CF
B. Costil,33,France,79,79,FC Girondins de Bordeaux,5500000.0,24000.0,GK
B. Gomis,35,France,79,79,Al Hilal,7500000.0,38000.0,ST
B. Matuidi,34,France,79,79,Inter Miami CF,6000000.0,11000.0,CDM
A. Candreva,34,Italy,79,79,U.C. Sampdoria,8000000.0,25000.0,RM
M. Özil,32,Germany,79,79,Fenerbahçe SK,14000000.0,55000.0,CAM
N. Guzmán,35,Argentina,79,79,Tigres U.A.N.L.,1900000.0,26000.0,GK
O. Giroud,34,France,79,79,AC Milan,8500000.0,48000.0,ST
Montoro,33,Spain,79,79,Granada CF,8500000.0,26000.0,CDM
Y. M'Vila,31,France,79,79,Olympiacos CFP,12500000.0,2000.0,CDM
Rafael Carioca,32,Brazil,79,79,Tigres U.A.N.L.,11500000.0,49000.0,CDM
M. Suárez,33,Argentina,79,79,River Plate,11000000.0,24000.0,ST
Iborra,33,Spain,79,79,Villarreal CF,8500000.0,34000.0,CDM
A. Cresswell,31,England,79,79,West Ham United,12500000.0,66000.0,LB
B. Mee,31,England,79,79,Burnley,12000000.0,39000.0,CB
Illarramendi,31,Spain,79,79,Real Sociedad,12500000.0,34000.0,CDM
M. Silvestri,30,Italy,79,79,Udinese Calcio,11500000.0,16000.0,GK
S. El Shaarawy,28,Italy,79,79,Roma,17500000.0,64000.0,LW
Ander Herrera,31,Spain,79,79,Paris Saint-Germain,14500000.0,78000.0,CM
Marcos Alonso,30,Spain,79,79,Chelsea,15000000.0,95000.0,LWB
Mario Gaspar,30,Spain,79,79,Villarreal CF,15000000.0,34000.0,RB
L. Rodríguez,36,Argentina,79,79,Gimnasia y Esgrima La Plata,6000000.0,18000.0,ST
C. Wilson,29,England,79,79,Newcastle United,17500000.0,53000.0,ST
Germán,34,Spain,79,79,Granada CF,5500000.0,26000.0,CB
Rodrigo,30,Spain,79,79,Leeds United,17000000.0,83000.0,CAM
A. Oxlade-Chamberlain,27,England,79,79,Liverpool,18500000.0,100000.0,CM
D. D'Ambrosio,32,Italy,79,79,Inter,11500000.0,85000.0,CB
Lucas Pérez,32,Spain,79,79,Elche CF,14000000.0,28000.0,ST
Cristian Tello,29,Spain,79,79,Real Betis Balompié,17000000.0,30000.0,LM
B. Lecomte,30,France,79,80,Atlético de Madrid,13000000.0,41000.0,GK
C. Coady,28,England,79,81,Wolverhampton Wanderers,17500000.0,80000.0,CB
E. Dier,27,England,79,80,Tottenham Hotspur,17500000.0,81000.0,CB
Deulofeu,27,Spain,79,79,Udinese Calcio,18500000.0,22000.0,LM
Sergi Darder,27,Spain,79,80,RCD Espanyol de Barcelona,20000000.0,24000.0,CM
K. Bellarabi,31,Germany,79,79,Bayer 04 Leverkusen,14500000.0,60000.0,RW
Álvaro,31,Spain,79,79,Olympique de Marseille,12000000.0,40000.0,CB
C. Kramer,30,Germany,79,79,Borussia Mönchengladbach,14500000.0,31000.0,CDM
Edgar Badia,29,Spain,79,80,Elche CF,13500000.0,20000.0,GK
B. Mendy,26,France,79,80,Manchester City,19000000.0,105000.0,LB
A. Plea,28,France,79,79,Borussia Mönchengladbach,18000000.0,38000.0,ST
Manu Trigueros,29,Spain,79,79,Villarreal CF,17000000.0,39000.0,CM
Kepa,26,Spain,79,83,Chelsea,19000000.0,76000.0,GK
J. Lingard,28,England,79,79,Manchester United,17500000.0,115000.0,CAM
Matheus,28,Brazil,79,81,SC Braga,15000000.0,15000.0,GK
A. Doucouré,28,France,79,79,Everton,17500000.0,87000.0,CM
C. Günter,28,Germany,79,79,Sport-Club Freiburg,16000000.0,32000.0,LB
De Tomás,26,Spain,79,82,RCD Espanyol de Barcelona,23000000.0,26000.0,ST
J. Hofmann,28,Germany,79,79,Borussia Mönchengladbach,17500000.0,35000.0,CM
Rubén García,27,Spain,79,79,CA Osasuna,18500000.0,33000.0,LM
Rubén Peña,29,Spain,79,79,Villarreal CF,15500000.0,35000.0,RB
K. Demirbay,27,Germany,79,79,Bayer 04 Leverkusen,18500000.0,55000.0,CM
V. Grifo,28,Italy,79,79,Sport-Club Freiburg,17500000.0,35000.0,LM
F. Bernardeschi,27,Italy,79,79,Juventus,18500000.0,77000.0,CAM
José Sá,28,Portugal,79,81,Wolverhampton Wanderers,15000000.0,65000.0,GK
Ricardo Horta,26,Portugal,79,80,SC Braga,21000000.0,20000.0,CF
A. Izzo,29,Italy,79,80,Torino F.C.,16000000.0,47000.0,CB
D. Zappacosta,29,Italy,79,79,Atalanta,15500000.0,51000.0,RWB
A. Saint-Maximin,24,France,79,84,Newcastle United,26500000.0,41000.0,LM
Paulinho,28,Portugal,79,79,Sporting CP,18000000.0,19000.0,ST
M. Dahoud,25,Germany,79,82,Borussia Dortmund,23000000.0,56000.0,CM
T. Bakayoko,26,France,79,81,AC Milan,19500000.0,95000.0,CDM
J. Weigl,25,Germany,79,82,SL Benfica,23000000.0,16000.0,CM
Mata,32,Spain,79,79,Getafe CF,14000000.0,36000.0,ST
R. Aguilar,28,France,79,79,AS Monaco,16000000.0,53000.0,RB
A. Meret,24,Italy,79,86,Napoli,30000000.0,40000.0,GK
E. Buendía,24,Argentina,79,84,Aston Villa,26500000.0,61000.0,RM
Aritz Elustondo,27,Spain,79,81,Real Sociedad,18500000.0,34000.0,CB
Pablo Fornals,25,Spain,79,82,West Ham United,23000000.0,69000.0,LM
B. Pavard,25,France,79,82,FC Bayern München,21500000.0,64000.0,RB
M. Thuram,23,France,79,85,Borussia Mönchengladbach,27500000.0,29000.0,LM
E. Ávila,27,Argentina,79,80,CA Osasuna,20500000.0,36000.0,ST
Ronaldo Esler,21,Brazil,79,79,Fortaleza,19000000.0,12000.0,LB
Adnan Vidual,29,Brazil,79,79,Internacional,15500000.0,32000.0,RB
Everton Andrão,25,Brazil,79,79,Fluminense,17000000.0,26000.0,CDM
Melvin Parrela,21,Brazil,79,79,RB Bragantino,18500000.0,15000.0,CDM
Gabri Prestão,29,Brazil,79,79,Internacional,12000000.0,26000.0,GK
Luimo Boas Santos,21,Brazil,79,79,Santos,21000000.0,27000.0,ST
Gabriel,23,Brazil,79,84,Arsenal,24000000.0,65000.0,CB
F. Tomori,23,England,79,85,AC Milan,25000000.0,35000.0,CB
Zubeldia,24,Spain,79,84,Real Sociedad,24000000.0,29000.0,CB
Odriozola,25,Spain,79,82,Fiorentina,21500000.0,120000.0,RB
J. Ikoné,23,France,79,83,LOSC Lille,25000000.0,36000.0,RM
Lucas Veríssimo,25,Brazil,79,84,SL Benfica,23000000.0,15000.0,CB
M. Senesi,24,Argentina,79,85,Feyenoord,25000000.0,12000.0,CB
M. Kean,21,Italy,79,87,Juventus,39500000.0,69000.0,ST
David Neres,24,Brazil,79,83,Ajax,25000000.0,19000.0,RW
L. Martínez,23,Argentina,79,85,Ajax,25000000.0,16000.0,CB
Matheus Cunha,22,Brazil,79,86,Atlético de Madrid,35500000.0,48000.0,CAM
A. Tchouaméni,21,France,79,85,AS Monaco,28000000.0,41000.0,CM
Rodrygo,20,Brazil,79,88,Real Madrid CF,38500000.0,115000.0,RW
M. Lacroix,21,France,79,86,VfL Wolfsburg,33000000.0,42000.0,CB
Emerson,22,Brazil,79,84,Tottenham Hotspur,25000000.0,70000.0,RB
Bruno Guimarães,23,Brazil,79,84,Olympique Lyonnais,24500000.0,52000.0,CDM
J. Bellingham,18,England,79,89,Borussia Dortmund,37000000.0,21000.0,CM
Antony,21,Brazil,79,88,Ajax,39500000.0,17000.0,RW
Pepe Reina,38,Spain,78,78,Lazio,1600000.0,27000.0,GK
Negredo,35,Spain,78,78,Cádiz CF,6000000.0,27000.0,ST
A. Young,35,England,78,78,Aston Villa,4300000.0,42000.0,LWB
F. Quagliarella,38,Italy,78,78,U.C. Sampdoria,4800000.0,19000.0,ST
B. Foster,38,England,78,78,Watford,1600000.0,27000.0,GK
L. Koscielny,35,France,78,78,FC Girondins de Bordeaux,3700000.0,19000.0,CB
E. Lamela,29,Argentina,78,78,Sevilla FC,14000000.0,30000.0,RM
C. Ansaldi,34,Argentina,78,78,Torino F.C.,5000000.0,41000.0,LWB
Pedro León,34,Spain,78,78,CF Fuenlabrada,6500000.0,10000.0,RM
Ángel,34,Spain,78,78,RCD Mallorca,7000000.0,31000.0,ST
Miguel Veloso,35,Portugal,78,78,Hellas Verona,5500000.0,22000.0,CM
Juan Mata,33,Spain,78,78,Manchester United,9000000.0,100000.0,CAM
E. Capoue,32,France,78,78,Villarreal CF,11000000.0,33000.0,CM
Marcelo,34,Brazil,78,78,Olympique Lyonnais,4600000.0,55000.0,CB
M. Sissoko,31,France,78,78,Watford,10000000.0,51000.0,CDM
M. Darmian,31,Italy,78,78,Inter,10000000.0,77000.0,RWB
S. Nzonzi,32,France,78,78,Roma,9500000.0,47000.0,CDM
F. Caputo,33,Italy,78,78,U.C. Sampdoria,9000000.0,38000.0,ST
G. Bonaventura,31,Italy,78,78,Fiorentina,11500000.0,52000.0,CM
A. Westwood,31,England,78,78,Burnley,10000000.0,36000.0,CDM
Pedro,33,Spain,78,78,Lazio,9000000.0,61000.0,CF
C. Smalling,31,England,78,78,Roma,9500000.0,47000.0,CB
J. Pastore,32,Argentina,78,78,Elche CF,11000000.0,23000.0,CAM
Kike García,31,Spain,78,78,CA Osasuna,12000000.0,33000.0,ST
Escudero,31,Spain,78,78,Granada CF,10000000.0,24000.0,LB
Jaume Costa,33,Spain,78,78,RCD Mallorca,7500000.0,26000.0,LB
R. Soriano,30,Italy,78,78,Bologna,13500000.0,35000.0,CAM
Víctor Ruiz,32,Spain,78,78,Real Betis Balompié,9000000.0,24000.0,CB
Laguardia,31,Spain,78,78,Deportivo Alavés,9500000.0,25000.0,CB
Fransérgio,30,Brazil,78,78,FC Girondins de Bordeaux,13500000.0,29000.0,CM
R. Barkley,27,England,78,79,Chelsea,16000000.0,95000.0,CAM
Oriol Romeu,29,Spain,78,78,Southampton,12000000.0,53000.0,CDM
Vitolo,31,Spain,78,78,Getafe CF,11500000.0,50000.0,LM
L. Dunk,29,England,78,79,Brighton & Hove Albion,13000000.0,56000.0,CB
S. Ortega,28,Germany,78,80,DSC Arminia Bielefeld,12000000.0,22000.0,GK
D. Sidibé,28,France,78,78,AS Monaco,12500000.0,48000.0,RB
Felipe Anderson,28,Brazil,78,78,Lazio,14000000.0,58000.0,LM
Héctor Bellerín,26,Spain,78,81,Real Betis Balompié,17000000.0,69000.0,RB
Mário Rui,30,Portugal,78,78,Napoli,12000000.0,54000.0,LB
Denis Suárez,27,Spain,78,79,RC Celta de Vigo,16000000.0,26000.0,CM
A. Younes,27,Germany,78,78,Eintracht Frankfurt,15000000.0,59000.0,CAM
P. Bamford,27,England,78,78,Leeds United,15000000.0,82000.0,ST
Moi Gómez,27,Spain,78,78,Villarreal CF,15000000.0,33000.0,LM
Roberto Torres,32,Spain,78,78,CA Osasuna,11000000.0,30000.0,RM
William Carvalho,29,Portugal,78,78,Real Betis Balompié,12000000.0,25000.0,CDM
B. Cristante,26,Italy,78,82,Roma,17500000.0,47000.0,CDM
J. Hector,31,Germany,78,78,1. FC Köln,10000000.0,28000.0,CDM
F. Mollet,29,France,78,78,Montpellier Hérault SC,14000000.0,30000.0,CAM
M. Halstenberg,29,Germany,78,78,RB Leipzig,12000000.0,64000.0,CB
Emerson,26,Italy,78,79,Olympique Lyonnais,15000000.0,85000.0,LB
Carles Gil,28,Spain,78,78,New England Revolution,14000000.0,11000.0,CAM
M. Dembélé,24,France,78,82,Olympique Lyonnais,20500000.0,57000.0,ST
Ricardo Esgaio,28,Portugal,78,78,Sporting CP,12500000.0,15000.0,RWB
T. Mings,28,England,78,80,Aston Villa,14000000.0,61000.0,CB
J. Tah,25,Germany,78,82,Bayer 04 Leverkusen,17500000.0,43000.0,CB
Puertas,29,Spain,78,78,Granada CF,14000000.0,27000.0,RM
Thiago Mendes,29,Brazil,78,78,Olympique Lyonnais,12000000.0,57000.0,CDM
Helton Leite,30,Brazil,78,79,SL Benfica,10500000.0,12000.0,GK
Adama Traoré,25,Spain,78,81,Wolverhampton Wanderers,18500000.0,79000.0,RW
B. Bourigeaud,27,France,78,79,Stade Rennais FC,16000000.0,47000.0,CM
C. Izquierdoz,32,Argentina,78,78,Boca Juniors,9000000.0,18000.0,CB
L. Alario,28,Argentina,78,78,Bayer 04 Leverkusen,14500000.0,56000.0,ST
Ayoze Pérez,27,Spain,78,78,Leicester City,15000000.0,95000.0,RW
Dani García,31,Spain,78,78,Athletic Club de Bilbao,11500000.0,29000.0,CM
L. Dubois,26,France,78,79,Olympique Lyonnais,15000000.0,55000.0,RB
Álex Moreno,28,Spain,78,78,Real Betis Balompié,12500000.0,25000.0,LB
Sequeira,30,Portugal,78,78,SC Braga,12000000.0,16000.0,LB
S. Gigot,27,France,78,81,Spartak Moskva,16000000.0,51000.0,CB
L. Ajorque,27,France,78,79,RC Strasbourg Alsace,16500000.0,29000.0,ST
B. Santamaria,26,France,78,80,Stade Rennais FC,15500000.0,43000.0,CDM
O. Watkins,25,England,78,83,Aston Villa,21000000.0,67000.0,ST
M. Friedrich,25,Germany,78,80,1. FC Union Berlin,15500000.0,29000.0,CB
Jony,29,Spain,78,78,Lazio,14000000.0,58000.0,LM
Sergio Herrera,28,Spain,78,80,CA Osasuna,12000000.0,24000.0,GK
C. Pavón,25,Argentina,78,81,Boca Juniors,18500000.0,20000.0,LW
J. Bowen,24,England,78,83,West Ham United,21000000.0,57000.0,RM
David García,27,Spain,78,81,CA Osasuna,16000000.0,28000.0,CB
G. Rodríguez,26,Argentina,78,79,Real Betis Balompié,15000000.0,24000.0,CDM
Daniel Podence,25,Portugal,78,81,Wolverhampton Wanderers,18500000.0,79000.0,LW
A. Fulgini,24,France,78,82,Angers SCO,20000000.0,23000.0,CAM
Gelson Martins,26,Portugal,78,79,AS Monaco,16500000.0,50000.0,RM
M. Cash,23,England,78,83,Aston Villa,20000000.0,50000.0,RB
E. Konsa,23,England,78,84,Aston Villa,20000000.0,50000.0,CB
Nuno Santos,26,Portugal,78,79,Sporting CP,16500000.0,17000.0,LW
E. Audero,24,Italy,78,81,U.C. Sampdoria,15000000.0,14000.0,GK
D. Calabria,24,Italy,78,81,AC Milan,18000000.0,31000.0,RB
Gerson Armão,21,Brazil,78,78,Internacional,15000000.0,20000.0,LB
Wellington Sabrão,33,Brazil,78,78,Flamengo,7500000.0,37000.0,RB
Antônio Chiamuloira,21,Brazil,78,78,Internacional,14500000.0,20000.0,CB
Vincente Dourado,25,Brazil,78,78,Flamengo,13500000.0,35000.0,CB
Everticinho,21,Brazil,78,78,RB Bragantino,15000000.0,13000.0,RB
Albertinho Dutra,29,Brazil,78,78,São Paulo,14000000.0,45000.0,LW
Guilson Paiva,25,Brazil,78,78,Flamengo,15500000.0,38000.0,RM
Arturo Inálcio,21,Brazil,78,78,Flamengo,16500000.0,30000.0,CM
Fredditinho,33,Brazil,78,78,Palmeiras,9000000.0,43000.0,ST
Matheus Bardeira,21,Brazil,78,78,Fortaleza,17000000.0,14000.0,ST
Prazeracinho,21,Brazil,78,78,Flamengo,16500000.0,33000.0,LW
G. Montiel,24,Argentina,78,84,Sevilla FC,21000000.0,23000.0,RB
T. Abraham,23,England,78,86,Roma,31500000.0,49000.0,ST
Brahim,21,Spain,78,86,AC Milan,31500000.0,30000.0,CAM
A. Lafont,22,France,78,83,FC Nantes,17500000.0,18000.0,GK
J. Harrison,24,England,78,84,Leeds United,22000000.0,66000.0,LM
R. Le Normand,24,France,78,83,Real Sociedad,19000000.0,26000.0,CB
Domingos Duarte,26,Portugal,78,82,Granada CF,17500000.0,24000.0,CB
Luiz Felipe,24,Brazil,78,85,Lazio,26000000.0,44000.0,CB
I. Konaté,22,France,78,86,Liverpool,29500000.0,73000.0,CB
N. Zaniolo,21,Italy,78,87,Roma,31500000.0,38000.0,CAM
D. Zagadou,22,France,78,84,Borussia Dortmund,20500000.0,42000.0,CB
Pedro Neto,21,Portugal,78,85,Wolverhampton Wanderers,28500000.0,62000.0,LW
M. Pessina,24,Italy,78,85,Atalanta,28000000.0,42000.0,CAM
B. Soumaré,22,France,78,85,Leicester City,27000000.0,68000.0,CDM
A. Gouiri,21,France,78,85,OGC Nice,29000000.0,29000.0,ST
Junior Firpo,24,Spain,78,82,Leeds United,18500000.0,59000.0,LB
Luis Milla,26,Spain,78,82,Granada CF,17500000.0,24000.0,CDM
De Frutos,24,Spain,78,84,Levante Unión Deportiva,22000000.0,26000.0,RM
Puado,23,Spain,78,85,RCD Espanyol de Barcelona,28000000.0,19000.0,LM
Y. Fofana,22,France,78,83,AS Monaco,21500000.0,43000.0,CM
M. Greenwood,19,England,78,89,Manchester United,30500000.0,56000.0,RM
M. Caqueret,21,France,78,86,Olympique Lyonnais,31500000.0,44000.0,CM
Carlos Neva,25,Spain,78,83,Granada CF,19000000.0,23000.0,LB
E. Camavinga,18,France,78,89,Real Madrid CF,29500000.0,44000.0,CM
W. Fofana,20,France,78,86,Leicester City,29000000.0,57000.0,CB
Nuno Mendes,19,Portugal,78,88,Paris Saint-Germain,29000000.0,8000.0,LWB
F. Wirtz,18,Germany,78,89,Bayer 04 Leverkusen,29500000.0,18000.0,CAM
Quaresma,37,Portugal,77,77,Vitória de Guimarães,3400000.0,10000.0,RW
Diego López,39,Spain,77,77,RCD Espanyol de Barcelona,1200000.0,9000.0,GK
Soldado,36,Spain,77,77,Levante Unión Deportiva,3600000.0,23000.0,ST
Jorge Molina,39,Spain,77,77,Granada CF,3600000.0,19000.0,ST
L. Biglia,35,Argentina,77,77,Fatih Karagümrük S.K.,3000000.0,11000.0,CDM
D. Valeri,35,Argentina,77,77,Portland Timbers,4300000.0,7000.0,CAM
Marcano,34,Spain,77,77,FC Porto,3400000.0,13000.0,CB
Joselu,31,Spain,77,77,Deportivo Alavés,9000000.0,27000.0,ST
K. Gameiro,34,France,77,77,RC Strasbourg Alsace,5000000.0,27000.0,ST
M. Valbuena,36,France,77,77,Olympiacos CFP,3400000.0,1000.0,LW
D. Da Silva,33,France,77,77,Olympique Lyonnais,5000000.0,51000.0,CB
Víctor Díaz,33,Spain,77,77,Granada CF,5500000.0,22000.0,RB
P. Piatti,32,Argentina,77,77,Elche CF,8500000.0,22000.0,RM
Alan Kardec,32,Brazil,77,77,Shenzhen FC,8500000.0,15000.0,ST
Luiz Gustavo,33,Brazil,77,77,Fenerbahçe SK,5000000.0,43000.0,CDM
Alex Teixeira,31,Brazil,77,77,Beşiktaş JK,9000000.0,46000.0,ST
Rochina,30,Spain,77,77,Granada CF,10000000.0,24000.0,RM
M. Lanzini,28,Argentina,77,77,West Ham United,10500000.0,64000.0,CAM
Aridane,32,Spain,77,77,CA Osasuna,7000000.0,26000.0,CB
Cote,31,Spain,77,77,CA Osasuna,7500000.0,26000.0,LB
De Marcos,32,Spain,77,77,Athletic Club de Bilbao,7500000.0,25000.0,RB
Oier,35,Spain,77,77,CA Osasuna,3000000.0,19000.0,CDM
S. Blanco,33,Argentina,77,77,Portland Timbers,6500000.0,10000.0,LM
G. Pezzella,30,Argentina,77,77,Real Betis Balompié,8500000.0,22000.0,CB
André Almeida,30,Portugal,77,77,SL Benfica,9000000.0,13000.0,RB
Hugo Mallo,30,Spain,77,77,RC Celta de Vigo,9000000.0,22000.0,RB
C. Dawson,31,England,77,77,West Ham United,7000000.0,56000.0,CB
A. Townsend,29,England,77,77,Everton,10500000.0,74000.0,RM
Willian José,29,Brazil,77,77,Real Betis Balompié,10500000.0,35000.0,ST
M. Faraoni,29,Italy,77,77,Hellas Verona,9500000.0,27000.0,RWB
J. Tavernier,29,England,77,77,Rangers FC,9500000.0,50000.0,RB
D. Caligiuri,33,Italy,77,77,FC Augsburg,6500000.0,26000.0,RM
F. Lejeune,30,France,77,77,Deportivo Alavés,8500000.0,23000.0,CB
J. Guilavogui,30,France,77,77,VfL Wolfsburg,9000000.0,50000.0,CDM
C. Goldson,28,England,77,78,Rangers FC,10000000.0,50000.0,CB
S. Rode,30,Germany,77,77,Eintracht Frankfurt,9000000.0,26000.0,CDM
N. Schulz,28,Germany,77,77,Borussia Dortmund,9500000.0,48000.0,LB
Pablo,30,Brazil,77,77,FC Lokomotiv Moscow,8500000.0,43000.0,CB
David López,31,Spain,77,77,RCD Espanyol de Barcelona,7000000.0,19000.0,CB
Aleix Vidal,31,Spain,77,77,RCD Espanyol de Barcelona,7500000.0,19000.0,RB
J. Roussillon,28,France,77,77,VfL Wolfsburg,9500000.0,52000.0,LB
A. Schwolow,29,Germany,77,79,Hertha BSC,8500000.0,34000.0,GK
G. Defrel,30,France,77,77,U.S. Sassuolo Calcio,10000000.0,33000.0,CAM
D. Foulquier,28,France,77,77,Valencia CF,9500000.0,32000.0,RB
J. Lascelles,27,England,77,80,Newcastle United,12000000.0,37000.0,CB
Luís Neto,33,Portugal,77,77,Sporting CP,5000000.0,13000.0,CB
Clerc,29,Spain,77,77,Levante Unión Deportiva,9500000.0,27000.0,LB
P. Gazzaniga,29,Argentina,77,77,Fulham,7000000.0,43000.0,GK
S. Johnstone,28,England,77,80,West Bromwich Albion,9500000.0,35000.0,GK
Sergio Rico,27,Spain,77,79,Paris Saint-Germain,9500000.0,49000.0,GK
Óliver Torres,26,Spain,77,80,Sevilla FC,13500000.0,27000.0,CM
Romarinho,30,Brazil,77,77,Al Ittihad,10000000.0,39000.0,CAM
Bruno Peres,31,Brazil,77,77,Trabzonspor,7500000.0,26000.0,RB
Samu Castillejo,26,Spain,77,77,AC Milan,11500000.0,41000.0,RW
D. Rugani,26,Italy,77,79,Juventus,11500000.0,60000.0,CB
André Gomes,27,Portugal,77,77,Everton,11000000.0,71000.0,CM
N. Maupay,24,France,77,82,Brighton & Hove Albion,16000000.0,52000.0,ST
R. Gagliardini,27,Italy,77,77,Inter,10000000.0,73000.0,CDM
Y. Gerhardt,27,Germany,77,78,VfL Wolfsburg,12000000.0,55000.0,CM
Diego Llorente,27,Spain,77,79,Leeds United,11000000.0,65000.0,CB
Santi Mina,25,Spain,77,81,RC Celta de Vigo,15000000.0,25000.0,ST
M. Kranevitter,28,Argentina,77,78,CF Monterrey,10000000.0,45000.0,CDM
I. Marcone,31,Argentina,77,77,Elche CF,7500000.0,20000.0,CDM
M. Casco,33,Argentina,77,77,River Plate,5500000.0,17000.0,LB
F. Angileri,27,Argentina,77,78,River Plate,11000000.0,17000.0,LB
S. Guirassy,25,France,77,81,Stade Rennais FC,15000000.0,46000.0,ST
M. Philipp,27,Germany,77,78,VfL Wolfsburg,12500000.0,59000.0,CF
J. Palomino,31,Argentina,77,77,Atalanta,7000000.0,41000.0,CB
M. Targett,25,England,77,82,Aston Villa,14500000.0,52000.0,LB
G. Escalante,28,Argentina,77,78,Lazio,10000000.0,50000.0,CDM
J. Ledesma,28,Argentina,77,80,Cádiz CF,9500000.0,24000.0,GK
J. Amavi,27,France,77,78,Olympique de Marseille,11000000.0,34000.0,LB
L. Waldschmidt,25,Germany,77,82,VfL Wolfsburg,15500000.0,57000.0,CF
Zaldúa,29,Spain,77,77,Real Sociedad,9500000.0,30000.0,RB
J. Dinenno,26,Argentina,77,78,Club Universidad Nacional,12500000.0,17000.0,ST
M. Zaccagni,26,Italy,77,80,Lazio,14000000.0,57000.0,CF
Unai López,25,Spain,77,81,Rayo Vallecano,14500000.0,21000.0,CM
H. Winks,25,England,77,80,Tottenham Hotspur,12500000.0,66000.0,CDM
Dani Ceballos,24,Spain,77,80,Real Madrid CF,14500000.0,100000.0,CM
Petros,32,Brazil,77,77,Al Nassr,8500000.0,39000.0,CM
V. Rongier,26,France,77,80,Olympique de Marseille,13500000.0,38000.0,CM
P. Bernardoni,24,France,77,82,Angers SCO,13000000.0,15000.0,GK
Fábio Martins,27,Portugal,77,77,SC Braga,11000000.0,16000.0,LM
G. Castrovilli,24,Italy,77,81,Fiorentina,15000000.0,43000.0,CM
M. Holgate,24,England,77,81,Everton,13500000.0,56000.0,CB
N. Amiri,24,Germany,77,81,Bayer 04 Leverkusen,15000000.0,41000.0,CAM
B. Godfrey,23,England,77,85,Everton,22000000.0,56000.0,CB
Rubén Duarte,25,Spain,77,82,Deportivo Alavés,14500000.0,22000.0,LB
A. Rossi,25,Argentina,77,82,Boca Juniors,12500000.0,13000.0,GK
Soares,30,Brazil,77,77,Olympiacos CFP,10500000.0,2000.0,ST
Melero,27,Spain,77,78,Levante Unión Deportiva,12000000.0,28000.0,CM
B. Romero,30,Argentina,77,77,River Plate,10500000.0,20000.0,ST
K. Walker-Peters,24,England,77,82,Southampton,15000000.0,41000.0,RB
R. Holding,25,England,77,81,Arsenal,13000000.0,62000.0,CB
Pedraza,25,Spain,77,82,Villarreal CF,14500000.0,27000.0,LB
Matheus Pereira,25,Brazil,77,81,Al Hilal,14500000.0,37000.0,CAM
A. Disasi,23,France,77,82,AS Monaco,14500000.0,37000.0,CB
F. Centonze,25,France,77,80,FC Metz,13000000.0,18000.0,RWB
F. Maouassa,22,France,77,80,Club Brugge KV,13500000.0,21000.0,LB
Lucas Mantela,21,Brazil,77,77,Palmeiras,9500000.0,18000.0,GK
Alexo Baia,33,Brazil,77,77,Clube Atlético Mineiro,5500000.0,32000.0,RB
Enzo Chissano,29,Brazil,77,77,Palmeiras,9500000.0,36000.0,LB
Claudio Coíntra,25,Brazil,77,77,Palmeiras,11500000.0,36000.0,CAM
Wagner Laranjo,37,Brazil,77,77,Palmeiras,2100000.0,25000.0,CDM
Andeson Trigo,33,Brazil,77,77,Fluminense,5500000.0,23000.0,LB
Jadsinho Mei,25,Brazil,77,77,Flamengo,10500000.0,33000.0,CDM
Rodrigo Vuarte,29,Brazil,77,77,Clube Atlético Mineiro,9000000.0,34000.0,CDM
Victildinho,25,Brazil,77,77,Palmeiras,10500000.0,33000.0,RB
Vieirundinho,33,Brazil,77,77,Santos,5000000.0,26000.0,CB
Nuno Padrenda,25,Brazil,77,77,Clube Atlético Mineiro,12000000.0,37000.0,ST
Muo Cadete,21,Brazil,77,77,Palmeiras,12500000.0,28000.0,LM
Sidney Pessinho,29,Brazil,77,77,Internacional,9000000.0,27000.0,CDM
A. Lookman,23,England,77,83,Leicester City,16500000.0,54000.0,LM
L. Blas,23,France,77,83,FC Nantes,16500000.0,24000.0,CAM
R. Perraud,23,France,77,83,Southampton,15500000.0,41000.0,LB
E. Palacios,22,Argentina,77,83,Bayer 04 Leverkusen,17000000.0,41000.0,CM
J. Justin,23,England,77,83,Leicester City,15500000.0,64000.0,LWB
Rafa Mir,24,Spain,77,84,Sevilla FC,21500000.0,26000.0,ST
I. Diop,24,France,77,83,West Ham United,15000000.0,48000.0,CB
F. Uduokhai,23,Germany,77,82,FC Augsburg,14500000.0,21000.0,CB
Caio Henrique,23,Brazil,77,81,AS Monaco,14000000.0,37000.0,LB
Luiz Araújo,25,Brazil,77,80,Atlanta United,14000000.0,10000.0,RM
Marcão,25,Brazil,77,81,Galatasaray SK,13000000.0,46000.0,CB
E. Reynoso,25,Argentina,77,81,Minnesota United FC,14500000.0,10000.0,CAM
Gedson Fernandes,22,Portugal,77,83,SL Benfica,17000000.0,13000.0,CM
V. Rosier,24,France,77,82,Beşiktaş JK,15000000.0,11000.0,RB
Salvi Sánchez,30,Spain,77,77,Cádiz CF,10000000.0,30000.0,RM
F. Müller,23,Germany,77,82,VfB Stuttgart,13000000.0,18000.0,GK
E. Eze,23,England,77,83,Crystal Palace,16500000.0,45000.0,LM
Marc Roca,24,Spain,77,82,FC Bayern München,14500000.0,49000.0,CDM
E. Ndicka,21,France,77,84,Eintracht Frankfurt,20000000.0,19000.0,CB
F. Bustos,25,Argentina,77,80,Club Atlético Independiente,13000000.0,14000.0,RB
A. Claude-Maurice,23,France,77,83,OGC Nice,16500000.0,28000.0,CAM
M. Guendouzi,22,France,77,84,Olympique de Marseille,20000000.0,56000.0,CDM
Douglas Luiz,23,Brazil,77,82,Aston Villa,14500000.0,47000.0,CDM
R. Koch,24,Germany,77,84,Leeds United,19500000.0,56000.0,CB
Xeka,26,Portugal,77,80,LOSC Lille,12500000.0,32000.0,CDM
M. Terrier,24,France,77,81,Stade Rennais FC,15500000.0,42000.0,ST
Wilson Manafá,26,Portugal,77,78,FC Porto,11500000.0,13000.0,RB
Pepê,24,Brazil,77,82,FC Porto,16000000.0,14000.0,LW
J. Clauss,28,France,77,77,Racing Club de Lens,9500000.0,29000.0,RWB
Galeno,23,Brazil,77,84,SC Braga,21000000.0,14000.0,LM
N. González,23,Argentina,77,83,Fiorentina,17000000.0,47000.0,ST
C. Hudson-Odoi,20,England,77,87,Chelsea,23000000.0,72000.0,RW
Gorosabel,24,Spain,77,82,Real Sociedad,15000000.0,25000.0,RB
S. Tonali,21,Italy,77,86,AC Milan,22500000.0,25000.0,CDM
Rafael Leão,22,Portugal,77,82,AC Milan,16000000.0,36000.0,LW
I. Meslier,21,France,77,85,Leeds United,20500000.0,34000.0,GK
D. McNeil,21,England,77,83,Burnley,17000000.0,27000.0,LM
Vinícius,26,Brazil,77,80,PSV,14000000.0,16000.0,ST
S. Diop,21,France,77,84,AS Monaco,21500000.0,35000.0,LM
Eric García,20,Spain,77,86,FC Barcelona,21500000.0,71000.0,CB
Arthur Cabral,23,Brazil,77,85,FC Basel 1893,23500000.0,16000.0,ST
Ibañez,22,Brazil,77,85,Roma,22000000.0,37000.0,CB
N. Madueke,19,England,77,88,PSV,23000000.0,11000.0,RM
J. Sosa,36,Argentina,76,76,Fenerbahçe SK,2400000.0,32000.0,CM
Andrés Fernández,34,Spain,76,76,SD Huesca,1300000.0,10000.0,GK
Iván Cuéllar,37,Spain,76,76,Real Sporting de Gijón,825000.0,6000.0,GK
J. Pinola,38,Argentina,76,76,River Plate,1300000.0,11000.0,CB
G. Clichy,35,France,76,76,Servette FC,2300000.0,13000.0,LB
R. Sambueza,37,Argentina,76,76,Deportivo Toluca,2400000.0,16000.0,RM
Dante,37,Brazil,76,76,OGC Nice,1300000.0,20000.0,CB
Cesc Fàbregas,34,Spain,76,76,AS Monaco,3500000.0,44000.0,CM
T. Heaton,35,England,76,76,Manchester United,825000.0,42000.0,GK
A. Diamanti,38,Italy,76,76,Western United FC,2400000.0,3000.0,CAM
T. Walcott,32,England,76,76,Southampton,6000000.0,49000.0,RM
Marcelo Grohe,34,Brazil,76,76,Al Ittihad,1300000.0,27000.0,GK
R. Bertrand,31,England,76,76,Leicester City,5500000.0,70000.0,LB
J. Cork,32,England,76,76,Burnley,5000000.0,31000.0,CDM
L. De Silvestri,33,Italy,76,76,Bologna,3900000.0,28000.0,RB
D. Buonanotte,33,Argentina,76,76,Universidad Católica,4700000.0,14000.0,CAM
D. Criscito,34,Italy,76,76,Genoa,2400000.0,16000.0,CB
E. Vecchio,32,Argentina,76,76,Rosario Central,6000000.0,18000.0,CAM
M. Albrighton,31,England,76,76,Leicester City,6000000.0,76000.0,RM
R. Thomas,33,France,76,76,Angers SCO,3600000.0,21000.0,CB
Adrien Silva,32,Portugal,76,76,U.C. Sampdoria,6000000.0,20000.0,CM
L. Ayling,29,England,76,76,Leeds United,6500000.0,63000.0,RB
F. Borini,30,Italy,76,76,Fatih Karagümrük S.K.,7000000.0,17000.0,LW
M. Balotelli,30,Italy,76,76,Adana Demirspor,7500000.0,20000.0,ST
G. Bou,31,Argentina,76,76,New England Revolution,6500000.0,10000.0,ST
Daniel Carriço,32,Portugal,76,76,Unión Deportiva Almería,4900000.0,11000.0,CB
S. Rudy,31,Germany,76,76,TSG Hoffenheim,6000000.0,32000.0,CM
P. Groß,30,Germany,76,76,Brighton & Hove Albion,7000000.0,51000.0,CM
K. Vogt,29,Germany,76,76,TSG Hoffenheim,6500000.0,31000.0,CB
A. Luthe,34,Germany,76,76,1. FC Union Berlin,1300000.0,22000.0,GK
M. Gonalons,32,France,76,76,Granada CF,5000000.0,21000.0,CDM
K. Darlow,30,England,76,77,Newcastle United,5500000.0,28000.0,GK
X. Chavalerin,30,France,76,76,ESTAC Troyes,6500000.0,18000.0,CDM
Joel Robles,31,Spain,76,76,Real Betis Balompié,4000000.0,17000.0,GK
Tomás Pina,33,Spain,76,76,Deportivo Alavés,4600000.0,24000.0,CM
N. Redmond,27,England,76,76,Southampton,8000000.0,49000.0,LM
N. Pallois,33,France,76,76,FC Nantes,3600000.0,23000.0,CB
Nolito,34,Spain,76,76,RC Celta de Vigo,3500000.0,23000.0,LM
Jordi Masip,32,Spain,76,76,Real Valladolid CF,3700000.0,9000.0,GK
Sergi Gómez,29,Spain,76,77,RCD Espanyol de Barcelona,7000000.0,18000.0,CB
M. Lowton,32,England,76,76,Burnley,5000000.0,31000.0,RB
T. Horn,28,Germany,76,78,1. FC Köln,6500000.0,21000.0,GK
Pedro Mendes,30,Portugal,76,76,Montpellier Hérault SC,6000000.0,23000.0,CB
Cédric,29,Portugal,76,76,Arsenal,6500000.0,63000.0,RB
C. Biraghi,28,Italy,76,76,Fiorentina,7000000.0,44000.0,LWB
L. Kurzawa,28,France,76,76,Paris Saint-Germain,7000000.0,59000.0,LB
N. Sansone,29,Italy,76,76,Bologna,7500000.0,32000.0,CAM
J. Schmid,31,France,76,76,Sport-Club Freiburg,5500000.0,25000.0,RB
D. da Costa,27,Germany,76,76,Eintracht Frankfurt,7000000.0,25000.0,RWB
Igor Coronado,28,Brazil,76,76,Al Ittihad,7500000.0,38000.0,CAM
S. Zaza,30,Italy,76,76,Torino F.C.,7500000.0,43000.0,ST
R. Knoche,29,Germany,76,76,1. FC Union Berlin,6500000.0,28000.0,CB
T. Delaine,29,France,76,76,FC Metz,6500000.0,19000.0,LWB
K. Lala,29,France,76,76,Olympiacos CFP,6500000.0,1000.0,RB
Roque Mesa,32,Spain,76,76,Real Valladolid CF,6000000.0,12000.0,CM
C. Taylor,27,England,76,77,Burnley,8000000.0,31000.0,LB
R. Fredericks,28,England,76,76,West Ham United,7000000.0,55000.0,RB
S. Meïté,27,France,76,77,SL Benfica,8500000.0,14000.0,CM
D. Baselli,29,Italy,76,76,Torino F.C.,7500000.0,41000.0,CM
N. Füllkrug,28,Germany,76,76,SV Werder Bremen,7500000.0,16000.0,ST
Alberto Moreno,28,Spain,76,76,Villarreal CF,7000000.0,28000.0,LB
M. De Sciglio,28,Italy,76,76,Juventus,7000000.0,58000.0,RB
I. Hayden,26,England,76,79,Newcastle United,9000000.0,34000.0,CDM
J. Ferri,29,France,76,76,Montpellier Hérault SC,6500000.0,24000.0,CDM
W. Hughes,26,England,76,78,Crystal Palace,9000000.0,49000.0,CM
Pablo Marí,27,Spain,76,78,Arsenal,8000000.0,60000.0,CB
Paulo Otávio,26,Brazil,76,77,VfL Wolfsburg,8000000.0,47000.0,LB
Gabriel,27,Brazil,76,77,SL Benfica,8500000.0,14000.0,CM
M. Müller,27,Germany,76,79,FC Luzern,7500000.0,12000.0,GK
Óscar Plano,30,Spain,76,76,Real Valladolid CF,7000000.0,12000.0,RM
A. Thomasson,27,France,76,77,RC Strasbourg Alsace,8500000.0,23000.0,CAM
Dória,26,Brazil,76,79,Santos Laguna,8500000.0,20000.0,CB
Paulo Oliveira,29,Portugal,76,77,SC Braga,7000000.0,14000.0,CB
M. Kempf,26,Germany,76,78,VfB Stuttgart,8000000.0,25000.0,CB
M. Sanson,26,France,76,77,Aston Villa,9000000.0,56000.0,CM
Bruma,26,Portugal,76,77,PSV,9000000.0,18000.0,LM
I. Toney,25,England,76,80,Brentford,10500000.0,46000.0,ST
R. Andrich,26,Germany,76,78,Bayer 04 Leverkusen,9000000.0,44000.0,CM
J. O'Connell,27,England,76,79,Sheffield United,8500000.0,26000.0,CB
Rony Lopes,25,Portugal,76,78,Olympiacos CFP,9500000.0,2000.0,RW
S. Palacios,29,Argentina,76,76,Panathinaikos FC,7500000.0,1000.0,RW
N. Stark,26,Germany,76,79,Hertha BSC,8500000.0,37000.0,CB
F. Tait,28,France,76,76,Stade Rennais FC,7500000.0,43000.0,LM
S. Romero,32,Argentina,76,76,Club Atlético Independiente,6000000.0,17000.0,ST
L. Miranda,27,Argentina,76,76,Racing Club,8000000.0,19000.0,CM
L. López,31,Argentina,76,76,Boca Juniors,5000000.0,16000.0,CB
J. Furch,31,Argentina,76,76,Club Atlas,6500000.0,16000.0,ST
J. Buffarini,32,Argentina,76,76,SD Huesca,5000000.0,12000.0,RB
L. Romero,27,Argentina,76,77,Club Atlético Independiente,7500000.0,14000.0,CDM
L. Zelarayán,29,Argentina,76,76,Columbus Crew,7500000.0,10000.0,CAM
Rúben Vezo,27,Portugal,76,79,Levante Unión Deportiva,8500000.0,24000.0,CB
A. Petagna,26,Italy,76,79,Napoli,10000000.0,56000.0,ST
M. Sportiello,29,Italy,76,76,Atalanta,5000000.0,33000.0,GK
M. Caldara,27,Italy,76,76,Venezia FC,7000000.0,32000.0,CB
J. Brownhill,25,England,76,79,Burnley,10000000.0,33000.0,CM
M. Malsa,25,France,76,81,Levante Unión Deportiva,11000000.0,25000.0,CM
A. Armstrong,24,England,76,82,Southampton,12000000.0,46000.0,ST
Rochinha,26,Portugal,76,77,Vitória de Guimarães,9000000.0,13000.0,LW
Otávio,27,Brazil,76,78,FC Girondins de Bordeaux,8000000.0,23000.0,CDM
A. Conti,27,Italy,76,77,AC Milan,8000000.0,32000.0,RB
Dyego Sousa,31,Portugal,76,76,Unión Deportiva Almería,6500000.0,13000.0,ST
R. Kent,24,England,76,81,Rangers FC,11500000.0,46000.0,CF
Bustinza,29,Spain,76,77,CD Leganés,7000000.0,13000.0,CB
S. Mavididi,23,England,76,81,Montpellier Hérault SC,11500000.0,22000.0,LM
M. Niakhaté,25,France,76,79,1. FSV Mainz 05,9000000.0,21000.0,CB
O. Boscagli,23,France,76,81,PSV,10000000.0,14000.0,CB
T. Kehrer,24,Germany,76,81,Paris Saint-Germain,10000000.0,49000.0,CB
F. Dimarco,23,Italy,76,81,Inter,10500000.0,58000.0,LWB
G. Martínez,28,Argentina,76,76,Al Nassr,7500000.0,38000.0,CAM
Vitor Hugo,30,Brazil,76,76,Trabzonspor,6000000.0,24000.0,CB
F. Guilbert,26,France,76,79,RC Strasbourg Alsace,9000000.0,51000.0,RB
L. Tousart,24,France,76,81,Hertha BSC,10500000.0,31000.0,CDM
B. Henrichs,24,Germany,76,79,RB Leipzig,9500000.0,46000.0,RB
Borja Mayoral,24,Spain,76,81,Roma,11500000.0,105000.0,ST
L. Martínez Quarta,25,Argentina,76,83,Fiorentina,13500000.0,40000.0,CB
Robert Sanchéz,23,Spain,76,82,Brighton & Hove Albion,9500000.0,31000.0,GK
M. Vargas,24,Argentina,76,81,Adana Demirspor,11500000.0,17000.0,LM
Toni Villa,26,Spain,76,77,Real Valladolid CF,9000000.0,12000.0,LM
Edu Expósito,24,Spain,76,83,SD Eibar,14000000.0,10000.0,CDM
P. Lees-Melou,28,France,76,76,Norwich City,7500000.0,36000.0,CM
S. Serdar,24,Germany,76,81,Hertha BSC,11500000.0,35000.0,CM
Silas Almeim,29,Brazil,76,76,Ceará Sporting Club,6500000.0,14000.0,LB
Antonaldinho,33,Brazil,76,76,Clube Atlético Mineiro,3600000.0,30000.0,CB
Fred Aníbão,29,Brazil,76,76,Club Athletico Paranaense,5000000.0,13000.0,GK
Nelsildo Reis,21,Brazil,76,79,Ceará Sporting Club,8000000.0,7000.0,GK
Pierrino Faria,37,Brazil,76,76,Santos,825000.0,13000.0,GK
Lafortiscinho,29,Brazil,76,76,Juventude,6500000.0,23000.0,LB
Nicolás Filhei,25,Brazil,76,76,São Paulo,8500000.0,34000.0,CM
Rubem Esteiro,33,Brazil,76,76,São Paulo,4700000.0,35000.0,RM
David Seijalbo,25,Brazil,76,76,Clube Atlético Mineiro,7500000.0,29000.0,CDM
Gabrisco Aníbal,29,Brazil,76,76,RB Bragantino,6500000.0,17000.0,CDM
Simão Acunha,33,Brazil,76,76,Clube Atlético Mineiro,4700000.0,33000.0,CAM
Adilson Edrada,29,Brazil,76,76,Santos,7500000.0,27000.0,CAM
G. Larsonneur,24,France,76,79,Stade Brestois 29,8000000.0,12000.0,GK
Diogo Gonçalves,24,Portugal,76,82,SL Benfica,12000000.0,12000.0,RM
B. White,23,England,76,85,Arsenal,15500000.0,52000.0,CB
Wesley,24,Brazil,76,80,Club Brugge KV,11000000.0,54000.0,ST
Isi,26,Spain,76,76,Rayo Vallecano,8000000.0,20000.0,RM
R. Orsolini,24,Italy,76,82,Bologna,12000000.0,27000.0,CAM
Diogo Dalot,22,Portugal,76,82,Manchester United,11500000.0,68000.0,RB
Toni Martínez,24,Spain,76,83,FC Porto,15000000.0,13000.0,ST
L. Robertone,24,Argentina,76,83,Unión Deportiva Almería,15000000.0,11000.0,CAM
M. Edwards,22,England,76,84,Vitória de Guimarães,17000000.0,11000.0,RW
Pol Lirola,23,Spain,76,79,Olympique de Marseille,9500000.0,27000.0,RWB
Brais Méndez,24,Spain,76,82,RC Celta de Vigo,12000000.0,20000.0,RM
Melendo,23,Spain,76,81,RCD Espanyol de Barcelona,11500000.0,17000.0,CAM
Davidson,30,Brazil,76,76,Aytemiz Alanyaspor,7000000.0,16000.0,LM
Bremer,24,Brazil,76,82,Torino F.C.,11000000.0,31000.0,CB
E. Smith Rowe,20,England,76,86,Arsenal,16500000.0,49000.0,CAM
Ander Guevara,23,Spain,76,82,Real Sociedad,12000000.0,26000.0,CM
Miranda,21,Spain,76,84,Real Betis Balompié,16000000.0,15000.0,LB
C. Dagba,22,France,76,80,Paris Saint-Germain,10000000.0,49000.0,RB
P. Gueye,22,France,76,83,Olympique de Marseille,14500000.0,27000.0,CDM
Loren,27,Spain,76,77,RCD Espanyol de Barcelona,9000000.0,25000.0,ST
B. Badiashile,20,France,76,84,AS Monaco,15500000.0,29000.0,CB
Riqui Puig,21,Spain,76,85,FC Barcelona,17000000.0,75000.0,CM
Luís Maximiano,22,Portugal,76,83,Granada CF,13000000.0,14000.0,GK
Gonzalo Villar,23,Spain,76,83,Roma,15000000.0,39000.0,CM
Trincão,21,Portugal,76,85,Wolverhampton Wanderers,17000000.0,84000.0,RW
Bruno Costa,24,Portugal,76,83,FC Porto,15000000.0,12000.0,CM
J. Todibo,21,France,76,84,OGC Nice,15500000.0,20000.0,CB
Bryan Gil,20,Spain,76,86,Tottenham Hotspur,16500000.0,52000.0,LM
Tete,21,Brazil,76,86,Shakhtar Donetsk,17000000.0,800.0,RM
Gabriel Martinelli,20,Brazil,76,88,Arsenal,18000000.0,49000.0,LM
Ansu Fati,18,Spain,76,90,FC Barcelona,17500000.0,44000.0,LW
Matheus Nunes,22,Brazil,76,85,Sporting CP,17000000.0,12000.0,CM
Gonçalo Inácio,19,Portugal,76,86,Sporting CP,15000000.0,7000.0,CB
L. López,38,Argentina,75,75,Racing Club,1900000.0,15000.0,ST
Vesga,28,Spain,75,75,Athletic Club de Bilbao,5500000.0,25000.0,CM
F. Magnanelli,36,Italy,75,75,U.S. Sassuolo Calcio,1100000.0,19000.0,CDM
M. Noble,34,England,75,75,West Ham United,2600000.0,55000.0,CM
J. Leca,35,France,75,75,Racing Club de Lens,625000.0,13000.0,GK
Salva Sevilla,37,Spain,75,75,RCD Mallorca,1100000.0,16000.0,CDM
M. Debuchy,35,France,75,75,Valenciennes FC,1700000.0,5000.0,RB
M. Boselli,36,Argentina,75,75,Club Cerro Porteño,1900000.0,900.0,ST
G. Cabral,35,Argentina,75,75,Pachuca,1500000.0,12000.0,CB
D. Rose,30,England,75,75,Watford,4800000.0,42000.0,LB
I. Scocco,36,Argentina,75,75,Newell's Old Boys,1900000.0,13000.0,ST
G. Bergessio,36,Argentina,75,75,Club Nacional de Football,1900000.0,1000.0,ST
F. Forster,33,England,75,75,Southampton,1800000.0,34000.0,GK
Ó. Trejo,33,Argentina,75,75,Rayo Vallecano,2800000.0,18000.0,CDM
J. Tomkins,32,England,75,75,Crystal Palace,3600000.0,42000.0,CB
I. Piatti,36,Argentina,75,75,Racing Club,1800000.0,14000.0,CAM
J. Babin,34,France,75,75,Real Sporting de Gijón,1800000.0,10000.0,CB
M. Schneiderlin,31,France,75,75,OGC Nice,3900000.0,26000.0,CDM
S. Okaka,31,Italy,75,75,İstanbul Başakşehir FK,4800000.0,36000.0,ST
Ivo,34,Brazil,75,75,Henan Songshan Longmen FC,2600000.0,15000.0,CM
Antunes,34,Portugal,75,75,FC Paços de Ferreira,2100000.0,10000.0,LB
F. Fazio,34,Argentina,75,75,Roma,1800000.0,39000.0,CB
Alexandre Pato,31,Brazil,75,75,Orlando City Soccer Club,4800000.0,10000.0,ST
A. Lallana,33,England,75,75,Brighton & Hove Albion,3500000.0,49000.0,CM
M. Sakho,31,France,75,75,Montpellier Hérault SC,3800000.0,22000.0,CB
F. Delph,31,England,75,75,Everton,3900000.0,58000.0,CDM
N. Petersen,32,Germany,75,75,Sport-Club Freiburg,4600000.0,28000.0,ST
S. Terodde,33,Germany,75,75,FC Schalke 04,3600000.0,14000.0,ST
M. Moralez,34,Argentina,75,75,New York City FC,2600000.0,9000.0,CAM
R. Alessandrini,32,France,75,75,Qingdao FC,4600000.0,16000.0,ST
Fábio Pacheco,33,Portugal,75,75,Moreirense FC,2800000.0,13000.0,CDM
Maurício,32,Brazil,75,75,Panathinaikos FC,3700000.0,850.0,CDM
A. Poli,31,Italy,75,75,Antalyaspor,3900000.0,16000.0,CDM
S. Ulreich,32,Germany,75,75,FC Bayern München,2800000.0,41000.0,GK
Kiko Olivas,32,Spain,75,75,Real Valladolid CF,3600000.0,11000.0,CB
A. Barnes,31,England,75,75,Burnley,4800000.0,35000.0,ST
L. Acosta,33,Argentina,75,75,Club Atlético Lanús,3500000.0,18000.0,LW
J. Shelvey,29,England,75,75,Newcastle United,5500000.0,37000.0,CM
Júnior Negão,34,Brazil,75,75,Changchun Yatai FC,2700000.0,11000.0,ST
A. McCarthy,31,England,75,75,Southampton,3000000.0,34000.0,GK
B. Hübner,31,Germany,75,75,TSG Hoffenheim,3800000.0,28000.0,CB
Diego Farías,31,Brazil,75,75,Cagliari,4700000.0,32000.0,LW
Kiko Femenía,30,Spain,75,75,Watford,4800000.0,42000.0,RB
Balenziaga,33,Spain,75,75,Athletic Club de Bilbao,2900000.0,22000.0,LB
N. Clyne,30,England,75,75,Crystal Palace,4800000.0,42000.0,RB
Johnathan,31,Brazil,75,75,GwangJu FC,4800000.0,7000.0,ST
Júnior Caiçara,32,Brazil,75,75,İstanbul Başakşehir FK,3900000.0,30000.0,RB
R. Hamouma,34,France,75,75,AS Saint-Étienne,2700000.0,31000.0,ST
Paulo Victor,34,Brazil,75,75,Clube Sport Marítimo,950000.0,8000.0,GK
Herrerín,33,Spain,75,75,Al Raed,1800000.0,15000.0,GK
Montoya,30,Spain,75,75,Real Betis Balompié,4800000.0,20000.0,RB
S. Verdi,28,Italy,75,75,Torino F.C.,6000000.0,42000.0,CF
Juanmi,28,Spain,75,75,Real Betis Balompié,5500000.0,23000.0,LM
D. Burn,29,England,75,75,Brighton & Hove Albion,4700000.0,46000.0,CB
Samu Sáiz,30,Spain,75,75,Girona FC,5500000.0,13000.0,LM
Dani Rodríguez,33,Spain,75,75,RCD Mallorca,3500000.0,24000.0,CAM
M. Gabbiadini,29,Italy,75,75,U.C. Sampdoria,5500000.0,21000.0,ST
Sergio Álvarez,29,Spain,75,75,SD Eibar,4800000.0,11000.0,CDM
Álex Fernández,28,Spain,75,75,Cádiz CF,5500000.0,28000.0,CAM
Diego Mariño,31,Spain,75,75,Real Sporting de Gijón,3000000.0,8000.0,GK
André André,31,Portugal,75,75,Vitória de Guimarães,4600000.0,11000.0,CM
Arbilla,34,Spain,75,75,SD Eibar,1800000.0,11000.0,CB
M. Uth,29,Germany,75,75,1. FC Köln,5500000.0,27000.0,CAM
A. Soumaoro,29,France,75,76,Bologna,5000000.0,28000.0,CB
Pulido,30,Spain,75,75,SD Huesca,4600000.0,12000.0,CB
R. Saponara,29,Italy,75,75,Fiorentina,5500000.0,46000.0,CAM
M. Rojo,31,Argentina,75,75,Boca Juniors,3800000.0,15000.0,CB
Gabriel,28,Brazil,75,76,Lecce,4500000.0,4000.0,GK
C. Piccini,28,Italy,75,75,Valencia CF,5000000.0,29000.0,RB
F. Fernández,32,Argentina,75,75,Newcastle United,3600000.0,33000.0,CB
Rodrigo Ely,27,Brazil,75,78,Nottingham Forest,6500000.0,41000.0,CB
G. Caprari,27,Italy,75,75,Hellas Verona,6000000.0,21000.0,CF
Lucas Piazón,27,Brazil,75,75,SC Braga,6000000.0,15000.0,RW
L. Bittencourt,27,Germany,75,75,SV Werder Bremen,6000000.0,13000.0,CAM
L. Karius,28,Germany,75,78,Liverpool,5000000.0,61000.0,GK
K. Günter,26,Germany,75,77,Hellas Verona,6000000.0,23000.0,CB
B. Sarr,29,France,75,75,FC Bayern München,4900000.0,53000.0,RB
V. Verre,27,Italy,75,76,U.C. Sampdoria,6500000.0,19000.0,CAM
L. Pavoletti,32,Italy,75,75,Cagliari,4600000.0,32000.0,ST
João Paulo,30,Brazil,75,75,Seattle Sounders FC,5500000.0,9000.0,CM
C. Chambers,26,England,75,77,Arsenal,6500000.0,58000.0,RB
S. March,26,England,75,76,Brighton & Hove Albion,6000000.0,44000.0,LWB
L. Vietto,27,Argentina,75,75,Al Hilal,6000000.0,35000.0,CAM
F. Vázquez,32,Argentina,75,75,Parma,4400000.0,29000.0,CM
A. Webster,26,England,75,80,Brighton & Hove Albion,7500000.0,44000.0,CB
Marçal,32,Brazil,75,75,Wolverhampton Wanderers,3900000.0,58000.0,LB
M. Dituro,34,Argentina,75,75,RC Celta de Vigo,950000.0,16000.0,GK
G. Pizarro,31,Argentina,75,75,Tigres U.A.N.L.,3900000.0,37000.0,CDM
C. Jullien,28,France,75,77,Celtic,5500000.0,44000.0,CB
Kévin Rodrigues,27,Portugal,75,76,Rayo Vallecano,6000000.0,26000.0,LB
R. Ripart,28,France,75,75,ESTAC Troyes,6000000.0,21000.0,ST
P. Capelle,34,France,75,75,Angers SCO,2600000.0,22000.0,RM
C. Pellerano,39,Argentina,75,75,Independiente del Valle,1100000.0,700.0,CDM
Jordi Quintillà,27,Spain,75,76,FC Basel 1893,6500000.0,15000.0,CM
K. Hause,25,England,75,77,Aston Villa,6000000.0,46000.0,CB
Rubén Blanco,25,Spain,75,79,RC Celta de Vigo,6000000.0,15000.0,GK
Pedro Santos,33,Portugal,75,75,Columbus Crew,3500000.0,9000.0,LM
R. Centurión,28,Argentina,75,75,Vélez Sarsfield,5500000.0,17000.0,RW
I. Amadou,28,France,75,76,Sevilla FC,5500000.0,23000.0,CDM
J. Swift,26,England,75,78,Reading,7500000.0,28000.0,CAM
Pere Pons,28,Spain,75,75,Deportivo Alavés,5500000.0,23000.0,CM
A. Hahn,30,Germany,75,75,FC Augsburg,5500000.0,25000.0,ST
F. Niederlechner,30,Germany,75,75,FC Augsburg,5500000.0,25000.0,ST
D. Kohr,27,Germany,75,76,1. FSV Mainz 05,6000000.0,23000.0,CDM
L. Vangioni,34,Argentina,75,75,Club Libertad,2100000.0,1000.0,LB
A. Tameze,27,France,75,76,Hellas Verona,6000000.0,23000.0,CDM
L. Abergel,28,France,75,76,FC Lorient,5500000.0,18000.0,CDM
R. Loftus-Cheek,25,England,75,78,Chelsea,7500000.0,74000.0,RM
B. Pearson,26,England,75,78,AFC Bournemouth,6500000.0,30000.0,CDM
F. Di Francesco,27,Italy,75,75,Empoli,6000000.0,45000.0,CF
Fábio Cardoso,27,Portugal,75,78,FC Porto,6500000.0,12000.0,CB
Postigo,32,Spain,75,75,Levante Unión Deportiva,3600000.0,23000.0,CB
P. Goltz,36,Argentina,75,75,Club Atlético Colón,1000000.0,9000.0,CB
D. Benedetto,31,Argentina,75,75,Elche CF,4800000.0,36000.0,ST
L. Sigali,34,Argentina,75,75,Racing Club,1800000.0,17000.0,CB
L. Giannetti,27,Argentina,75,77,Vélez Sarsfield,6000000.0,14000.0,CB
L. Janson,26,Argentina,75,75,Vélez Sarsfield,6000000.0,16000.0,LW
C. Lema,31,Argentina,75,75,Newell's Old Boys,3800000.0,14000.0,CB
G. Herrera,29,Argentina,75,76,Club Atlético Talleres,4300000.0,12000.0,GK
Danilo,29,Brazil,75,75,VfL Bochum 1848,4900000.0,22000.0,LB
Álvaro García,28,Spain,75,75,Rayo Vallecano,5500000.0,20000.0,LM
Gonçalo Paciência,26,Portugal,75,76,Eintracht Frankfurt,6500000.0,28000.0,ST
Wendell,27,Brazil,75,75,FC Porto,5500000.0,12000.0,LB
M. Meza,28,Argentina,75,75,CF Monterrey,5500000.0,47000.0,RW
G. Simeone,25,Argentina,75,78,Hellas Verona,7500000.0,30000.0,ST
R. Battaglia,29,Argentina,75,75,RCD Mallorca,5500000.0,14000.0,CM
Carlos Júnior,25,Brazil,75,76,Al Shabab,6500000.0,30000.0,RM
G. Nkoudou,26,France,75,76,Beşiktaş JK,6500000.0,38000.0,LM
Jaume,30,Spain,75,75,Valencia CF,3700000.0,22000.0,GK
D. Gray,25,England,75,78,Everton,7500000.0,66000.0,LW
F. Honorat,24,France,75,77,Stade Brestois 29,7500000.0,16000.0,RM
Carlos Fernández,25,Spain,75,80,Real Sociedad,8500000.0,29000.0,ST
E. Gómez,27,Argentina,75,75,Argentinos Juniors,5500000.0,13000.0,LB
S. Driussi,25,Argentina,75,79,Austin FC,8000000.0,9000.0,ST
J. Gradit,28,France,75,76,Racing Club de Lens,5500000.0,26000.0,CB
Pablo Maffeo,23,Spain,75,82,RCD Mallorca,10500000.0,20000.0,RB
L. Acosta,27,Argentina,75,76,FC Cincinnati,6500000.0,9000.0,CAM
E. Unsain,26,Argentina,75,78,Defensa y Justicia,5500000.0,11000.0,GK
F. Cervi,27,Argentina,75,75,RC Celta de Vigo,6000000.0,22000.0,LM
J. Sambia,24,France,75,80,Montpellier Hérault SC,8000000.0,19000.0,RB
A. Nübel,24,Germany,75,80,AS Monaco,7000000.0,34000.0,GK
M. Lopez,23,France,75,79,U.S. Sassuolo Calcio,8000000.0,25000.0,CM
D. Blanco,26,Argentina,75,76,Club Atlético Independiente,6500000.0,15000.0,CM
L. Cook,24,England,75,80,AFC Bournemouth,8500000.0,28000.0,CM
M. Wolf,26,Germany,75,76,Borussia Dortmund,6500000.0,44000.0,RM
W. Bou,27,Argentina,75,75,Defensa y Justicia,6000000.0,17000.0,ST
J. Rodríguez,25,Argentina,75,80,Estudiantes de La Plata,7500000.0,12000.0,CDM
Vallejo,24,Spain,75,79,Real Madrid CF,7000000.0,82000.0,CB
Rúben Lameiras,26,Portugal,75,76,Vitória de Guimarães,6500000.0,12000.0,RW
R. Mandragora,24,Italy,75,81,Torino F.C.,9000000.0,51000.0,CM
Hernani,27,Brazil,75,78,Genoa,6500000.0,27000.0,CDM
Cesinha,31,Brazil,75,75,Daegu FC,4700000.0,9000.0,CAM
T. Cantwell,23,England,75,82,Norwich City,11500000.0,28000.0,LM
A. Maitland-Niles,23,England,75,81,Arsenal,8000000.0,49000.0,CDM
M. Eggestein,24,Germany,75,81,Sport-Club Freiburg,9000000.0,22000.0,CM
M. Díaz,35,Argentina,75,75,Club Atlético Huracán,625000.0,7000.0,GK
Andrei Girotto,29,Brazil,75,75,FC Nantes,4700000.0,23000.0,CB
A. Canelo,29,Argentina,75,75,Deportivo Toluca,5500000.0,24000.0,ST
J. Reine-Adélaïde,23,France,75,82,Olympique Lyonnais,11000000.0,43000.0,CM
Gil Dias,24,Portugal,75,80,SL Benfica,8500000.0,11000.0,LM
W. Anton,24,Germany,75,78,VfB Stuttgart,7000000.0,20000.0,CB
Fali,27,Spain,75,77,Cádiz CF,6000000.0,25000.0,CB
A. Barboza,26,Argentina,75,78,Club Libertad,6500000.0,1000.0,CB
Córdoba,24,Spain,75,81,Go Ahead Eagles,9000000.0,23000.0,LW
T. Davies,23,England,75,79,Everton,8000000.0,55000.0,CM
Simão Donatinho,25,Brazil,75,75,Sport Club Corinthians Paulista,4600000.0,19000.0,GK
Enaldo Praz,37,Brazil,75,75,Grêmio,1200000.0,18000.0,LB
Walexinton,29,Brazil,75,75,Club Athletico Paranaense,3800000.0,12000.0,GK
Jailson Caeiro,29,Brazil,75,75,Ceará Sporting Club,4900000.0,13000.0,RB
Kaíqundo Calado,25,Brazil,75,75,São Paulo,5500000.0,29000.0,RB
Estevão Candeira,25,Brazil,75,75,Flamengo,5500000.0,29000.0,RB
Juli Freitinho,21,Brazil,75,75,Bahia,6000000.0,9000.0,CB
Leo Vimieiro,25,Brazil,75,75,São Paulo,5500000.0,29000.0,LB
Emilio Piodão,29,Brazil,75,75,Bahia,4800000.0,13000.0,CDM
Jorginhson,29,Brazil,75,75,Ceará Sporting Club,4800000.0,13000.0,CDM
Cris Laranjeiros,29,Brazil,75,75,Club Athletico Paranaense,4700000.0,15000.0,CB
Kaíquão Castro,25,Brazil,75,75,Fluminense,4600000.0,16000.0,GK
Danisco Fachini,33,Brazil,75,75,Flamengo,2800000.0,30000.0,CDM
Joshuando Sá,25,Brazil,75,75,Santos,5500000.0,22000.0,LB
Jesus Andradaldo,29,Brazil,75,75,Grêmio,4900000.0,26000.0,RB
Rubens Freitosa,37,Brazil,75,75,Club Athletico Paranaense,1800000.0,11000.0,CM
Davi Parrela,21,Brazil,75,75,Atlético Clube Goianiense,6000000.0,9000.0,CB
Duirval Diniz,25,Brazil,75,75,Club Athletico Paranaense,5500000.0,13000.0,CB
Pascoal Muscato,29,Brazil,75,75,Santos,4800000.0,24000.0,CDM
Elildo Petri,25,Brazil,75,75,Palmeiras,6000000.0,32000.0,RM
Dênildo Stein,37,Brazil,75,75,Ceará Sporting Club,1900000.0,12000.0,ST
Formosandrinho,29,Brazil,75,75,Clube Atlético Mineiro,5500000.0,35000.0,ST
Rafael Cachoira,21,Brazil,75,75,RB Bragantino,6000000.0,11000.0,CB
Matheus Reis,26,Brazil,75,78,Sporting CP,7000000.0,12000.0,LB
N. Dorsch,23,Germany,75,80,FC Augsburg,8000000.0,18000.0,CDM
Iván Alejo,26,Spain,75,76,Cádiz CF,6500000.0,27000.0,RM
Ayrton,24,Brazil,75,82,Spartak Moskva,10500000.0,37000.0,LB
Javi Galán,26,Spain,75,77,RC Celta de Vigo,6500000.0,20000.0,LB
R. Del Castillo,25,France,75,78,Stade Brestois 29,7500000.0,18000.0,RM
Y. Karamoh,22,France,75,79,Fatih Karagümrük S.K.,8000000.0,25000.0,RM
Joaquín,25,Spain,75,82,Real Valladolid CF,10000000.0,10000.0,CB
F. Zampedri,33,Argentina,75,75,Universidad Católica,3600000.0,14000.0,ST
R. Aliendro,30,Argentina,75,75,Club Atlético Colón,5500000.0,14000.0,CM
O. Edouard,23,France,75,83,Crystal Palace,12500000.0,44000.0,ST
Rúben Vinagre,22,Portugal,75,85,Sporting CP,12000000.0,49000.0,LWB
M. Moreno,26,Argentina,75,77,Atlanta United,7000000.0,9000.0,CM
R. Sessegnon,21,England,75,84,Tottenham Hotspur,12000000.0,44000.0,LWB
Fran Beltrán,22,Spain,75,82,RC Celta de Vigo,11500000.0,19000.0,CM
Alam Lindeiro,25,Brazil,75,75,Atlético Clube Goianiense,5500000.0,12000.0,LB
J. Mateta,24,France,75,80,Crystal Palace,8500000.0,22000.0,ST
F. Medina,22,Argentina,75,80,Racing Club de Lens,8000000.0,21000.0,CB
J. Foyth,23,Argentina,75,83,Villarreal CF,11500000.0,22000.0,CB
M. Berisha,23,Germany,75,80,Fenerbahçe SK,8500000.0,40000.0,ST
J. Willock,21,England,75,83,Newcastle United,12500000.0,26000.0,CAM
N. Domínguez,23,Argentina,75,83,Bologna,12500000.0,25000.0,CM
Nacho Vidal,26,Spain,75,78,CA Osasuna,7000000.0,23000.0,RB
Bruno Tabata,24,Brazil,75,81,Sporting CP,9000000.0,12000.0,RW
Óscar,23,Spain,75,84,Sevilla FC,12500000.0,21000.0,CAM
A. Mac Allister,22,Argentina,75,82,Brighton & Hove Albion,11500000.0,42000.0,CAM
M. Aarons,21,England,75,83,Norwich City,12000000.0,21000.0,RB
Murilo,24,Brazil,75,80,FC Lokomotiv Moscow,7500000.0,33000.0,CB
Calero,25,Spain,75,79,RCD Espanyol de Barcelona,7000000.0,16000.0,CB
Carles Pérez,23,Spain,75,81,Roma,9000000.0,41000.0,RW
T. Chancalay,22,Argentina,75,84,Racing Club,12500000.0,12000.0,LM
O. Skipp,20,England,75,85,Tottenham Hotspur,11500000.0,44000.0,CDM
Álex Centelles,21,Spain,75,85,Unión Deportiva Almería,12000000.0,8000.0,LB
Manu Vallejo,24,Spain,75,81,Valencia CF,9000000.0,29000.0,ST
Martín,25,Spain,75,80,Deportivo Alavés,7500000.0,20000.0,RB
Ferro,24,Portugal,75,81,SL Benfica,8000000.0,10000.0,CB
G. Magnani,25,Italy,75,80,Hellas Verona,7500000.0,22000.0,CB
R. Faivre,22,France,75,83,Stade Brestois 29,12500000.0,16000.0,RM
I. Louza,22,France,75,81,Watford,9000000.0,40000.0,CM
B. Williams,20,England,75,80,Norwich City,8000000.0,54000.0,RB
Y. Adli,20,France,75,81,FC Girondins de Bordeaux,8500000.0,25000.0,CM
M. Camara,23,France,75,80,AS Saint-Étienne,8000000.0,23000.0,CDM
W. Saliba,20,France,75,84,Olympique de Marseille,11500000.0,41000.0,CB
M. Simakan,21,France,75,85,RB Leipzig,12000000.0,36000.0,CB
N. Pérez,21,Argentina,75,84,Udinese Calcio,12000000.0,27000.0,CB
Vítor Tormena,25,Brazil,75,78,SC Braga,6500000.0,12000.0,CB
Adrià Pedrosa,23,Spain,75,82,RCD Espanyol de Barcelona,10500000.0,14000.0,LB
J. Álvarez,21,Argentina,75,85,River Plate,12500000.0,14000.0,RW
A. Pieper,23,Germany,75,79,DSC Arminia Bielefeld,7000000.0,18000.0,CB
Unai Vencedor,20,Spain,75,83,Athletic Club de Bilbao,12500000.0,18000.0,CM
Moncayola,23,Spain,75,85,CA Osasuna,12000000.0,20000.0,CDM
Iago,24,Brazil,75,79,FC Augsburg,7500000.0,18000.0,LB
Marcos André,24,Brazil,75,81,Valencia CF,9000000.0,29000.0,ST
Daniel Bragança,22,Portugal,75,85,Sporting CP,12500000.0,11000.0,CM
Matheus Henrique,23,Brazil,75,83,U.S. Sassuolo Calcio,12500000.0,25000.0,CM
Pedrinho,23,Brazil,75,81,Shakhtar Donetsk,9000000.0,900.0,RM
A. Truffert,19,France,75,83,Stade Rennais FC,11500000.0,19000.0,LB
J. Musiala,18,Germany,75,88,FC Bayern München,13000000.0,19000.0,CAM
Mingueza,22,Spain,75,83,FC Barcelona,12000000.0,76000.0,CB
J. Hart,34,England,74,74,Celtic,725000.0,32000.0,GK
G. Cahill,35,England,74,74,AFC Bournemouth,1100000.0,20000.0,CB
M. Ruben,34,Argentina,74,74,Rosario Central,2100000.0,17000.0,ST
Y. Cahuzac,36,France,74,74,Racing Club de Lens,825000.0,16000.0,CDM
J. Rodriguez,31,England,74,74,Burnley,3600000.0,33000.0,ST
P. Baysse,33,France,74,74,FC Girondins de Bordeaux,2000000.0,20000.0,CB
T. Mangani,34,France,74,74,Angers SCO,1900000.0,21000.0,CM
Mosquera,33,Spain,74,74,SD Huesca,2100000.0,11000.0,CDM
L. Rémy,34,France,74,74,Çaykur Rizespor,2100000.0,15000.0,ST
R. Fährmann,32,Germany,74,74,FC Schalke 04,2100000.0,9000.0,GK
Fernandinho Silva,35,Brazil,74,74,Chongqing Liangjiang Athletic,1700000.0,7000.0,LM
A. Ranocchia,33,Italy,74,74,Inter,2000000.0,60000.0,CB
T. Deeney,33,England,74,74,Birmingham City,2700000.0,22000.0,ST
Oier,31,Spain,74,74,RCD Espanyol de Barcelona,2200000.0,12000.0,GK
F. Bartels,34,Germany,74,74,Holstein Kiel,2000000.0,24000.0,RW
Fran Mérida,31,Spain,74,74,RCD Espanyol de Barcelona,3000000.0,15000.0,CDM
M. Kelly,31,England,74,74,Crystal Palace,2900000.0,39000.0,CB
L. Pratto,33,Argentina,74,74,Vélez Sarsfield,2700000.0,15000.0,ST
C. Basham,32,England,74,74,Sheffield United,2700000.0,23000.0,CB
J. Ward,31,England,74,74,Crystal Palace,3100000.0,39000.0,RB
Juan Cala,31,Spain,74,74,Cádiz CF,2900000.0,23000.0,CB
C. Álvarez,35,Argentina,74,74,Real Zaragoza,475000.0,5000.0,GK
Fidel,31,Spain,74,74,Elche CF,3500000.0,18000.0,LM
D. Santon,30,Italy,74,74,Roma,3600000.0,36000.0,RWB
T. Cleverley,31,England,74,74,Watford,3500000.0,43000.0,CM
V. Manceau,31,France,74,74,Angers SCO,3100000.0,19000.0,RB
Rubén Pérez,32,Spain,74,74,Panathinaikos FC,3300000.0,850.0,CM
D. Le Tallec,31,France,74,74,AEK Athens,3000000.0,1000.0,CDM
Alberto Perea,30,Spain,74,74,Cádiz CF,4100000.0,25000.0,LM
A. Bertolacci,30,Italy,74,74,Fatih Karagümrük S.K.,4000000.0,14000.0,CM
F. Rinaudo,34,Argentina,74,74,Rosario Central,1400000.0,14000.0,CDM
M. Plattenhardt,29,Germany,74,74,Hertha BSC,3700000.0,34000.0,LB
M. Destro,30,Italy,74,74,Genoa,4100000.0,17000.0,ST
A. Souquet,29,France,74,74,Montpellier Hérault SC,3700000.0,21000.0,RB
Osmar,33,Spain,74,74,FC Seoul,2100000.0,6000.0,CDM
Adrián,34,Spain,74,74,Liverpool,725000.0,53000.0,GK
P. Jones,29,England,74,74,Manchester United,3500000.0,73000.0,CB
Javi López,35,Spain,74,74,Adelaide United,1300000.0,3000.0,RB
Iñigo Pérez,33,Spain,74,74,CA Osasuna,2100000.0,21000.0,CDM
Ximo Navarro,31,Spain,74,74,Deportivo Alavés,3100000.0,19000.0,RB
P. Herrmann,30,Germany,74,74,Borussia Mönchengladbach,4100000.0,24000.0,RM
S. Bell,29,Germany,74,74,1. FSV Mainz 05,3500000.0,21000.0,CB
Cláudio Ramos,29,Portugal,74,76,FC Porto,3500000.0,9000.0,GK
K. Malcuit,29,France,74,74,Napoli,3700000.0,44000.0,RB
M. Riemann,32,Germany,74,74,VfL Bochum 1848,2100000.0,16000.0,GK
R. Funes Mori,30,Argentina,74,74,Al Nassr,3500000.0,29000.0,CB
L. Unnerstall,30,Germany,74,74,FC Twente,2800000.0,8000.0,GK
Guilherme,30,Brazil,74,74,Guangzhou City,4100000.0,15000.0,RM
Camilo Sanvezzo,32,Brazil,74,74,Mazatlán Futbol Club,3400000.0,14000.0,ST
M. Quiroga,31,Argentina,74,74,Club Necaxa,3600000.0,14000.0,ST
E. Gigliotti,34,Argentina,74,74,Club León,2100000.0,23000.0,ST
J. Sánchez Miño,31,Argentina,74,74,Estudiantes de La Plata,3100000.0,11000.0,LB
J. Stephens,27,England,74,76,Southampton,4500000.0,39000.0,CB
J. Bryan,27,England,74,75,Fulham,4400000.0,41000.0,LB
B. Zuculini,28,Argentina,74,75,River Plate,4100000.0,15000.0,CDM
G. Hauche,34,Argentina,74,74,Argentinos Juniors,2000000.0,14000.0,LW
X. Mercier,31,France,74,74,Oud-Heverlee Leuven,3500000.0,14000.0,CAM
Toño García,31,Spain,74,74,SD Eibar,3100000.0,10000.0,LB
L. Castro,32,Argentina,74,74,Adana Demirspor,3300000.0,17000.0,CM
N. Chalobah,26,England,74,76,Fulham,4700000.0,41000.0,CDM
J. Wallace,27,England,74,74,Millwall,4500000.0,16000.0,RW
H. Reed,26,England,74,79,Fulham,5500000.0,41000.0,CDM
Patric,28,Spain,74,75,Lazio,4000000.0,41000.0,CB
S. Dursun,29,Germany,74,74,Fenerbahçe SK,4200000.0,43000.0,ST
D. Heintz,27,Germany,74,76,Sport-Club Freiburg,4500000.0,22000.0,CB
P. Rodríguez,31,Argentina,74,74,Club Deportivo Jorge Wilstermann,3500000.0,1000.0,LM
T. Strobl,31,Germany,74,74,FC Augsburg,3000000.0,20000.0,CDM
E. Durm,29,Germany,74,74,Eintracht Frankfurt,3700000.0,23000.0,RWB
Lucas Torró,26,Spain,74,77,CA Osasuna,5000000.0,21000.0,CDM
Omar Mascarell,28,Spain,74,74,Elche CF,3700000.0,17000.0,CDM
Rubén Sobrino,29,Spain,74,74,Cádiz CF,4200000.0,28000.0,ST
André Ramalho,29,Brazil,74,75,PSV,3900000.0,15000.0,CB
F. Ceccherini,29,Italy,74,75,Hellas Verona,3900000.0,22000.0,CB
Manquillo,27,Spain,74,75,Newcastle United,4400000.0,30000.0,RB
B. Dack,27,England,74,75,Blackburn Rovers,4900000.0,37000.0,CAM
G. Fernández,29,Argentina,74,74,Cruz Azul,4100000.0,50000.0,CAM
Gilberto,28,Brazil,74,74,SL Benfica,3800000.0,12000.0,RB
R. Khedira,27,Germany,74,75,1. FC Union Berlin,4300000.0,24000.0,CDM
M. Grimes,25,England,74,76,Swansea City,5500000.0,24000.0,CM
Jordi,27,Brazil,74,77,FC Paços de Ferreira,4100000.0,8000.0,GK
Hernâni,29,Portugal,74,74,Levante Unión Deportiva,4100000.0,24000.0,RM
J. Ramírez,28,Argentina,74,74,Boca Juniors,4200000.0,16000.0,CM
F. Pizzini,27,Argentina,74,74,Defensa y Justicia,4500000.0,14000.0,RM
J. Burrai,30,Argentina,74,74,Barcelona Sporting Club,2800000.0,900.0,GK
A. Aguerre,30,Argentina,74,74,Newell's Old Boys,2800000.0,10000.0,GK
M. Bíttolo,31,Argentina,74,74,Newell's Old Boys,3100000.0,13000.0,LB
F. Lértora,30,Argentina,74,74,Club Atlético Colón,3500000.0,12000.0,CDM
J. Silva,27,Argentina,74,75,Getafe CF,4400000.0,21000.0,LB
L. Montipò,25,Italy,74,80,Hellas Verona,5000000.0,11000.0,GK
J. Broun,35,Argentina,74,74,Rosario Central,475000.0,8000.0,GK
R. Delgado,31,Argentina,74,74,Club Atlético Colón,2900000.0,12000.0,CB
N. Domínguez,31,Argentina,74,74,Racing Club,2900000.0,15000.0,CB
P. Mainka,26,Germany,74,75,1. FC Heidenheim 1846,4400000.0,20000.0,CB
I. Pussetto,25,Argentina,74,78,Udinese Calcio,6000000.0,45000.0,ST
N. Orsini,26,Argentina,74,75,Boca Juniors,5000000.0,16000.0,ST
E. Ponce,24,Argentina,74,80,Spartak Moskva,6500000.0,41000.0,ST
Douglas Tanque,27,Brazil,74,75,FC Paços de Ferreira,4900000.0,11000.0,ST
David Raya,25,Spain,74,78,Brentford,4600000.0,27000.0,GK
T. Leibold,27,Germany,74,75,Hamburger SV,4400000.0,13000.0,LB
Raúl,31,Brazil,74,74,SC Braga,2900000.0,12000.0,CB
Hélder Costa,27,Portugal,74,74,Valencia CF,4500000.0,58000.0,RM
L. Boyé,25,Argentina,74,79,Elche CF,6500000.0,19000.0,ST
T. Adarabioyo,23,England,74,82,Fulham,8500000.0,35000.0,CB
F. Woodman,24,England,74,81,Newcastle United,7000000.0,20000.0,GK
E. Aguilera,32,Argentina,74,74,Club América,2700000.0,34000.0,CB
J. Lucero,29,Argentina,74,74,Vélez Sarsfield,4200000.0,16000.0,ST
Joelinton,24,Brazil,74,78,Newcastle United,6000000.0,32000.0,ST
Eraso,31,Spain,74,74,CD Leganés,3500000.0,12000.0,CAM
R. Zentner,26,Germany,74,77,1. FSV Mainz 05,4200000.0,16000.0,GK
J. Kenny,24,England,74,75,Everton,4800000.0,46000.0,RB
L. Hoyos,32,Argentina,74,74,Vélez Sarsfield,2100000.0,10000.0,GK
R. Henry,23,England,74,79,Brentford,6000000.0,31000.0,LB
K. Lasagna,28,Italy,74,74,Hellas Verona,4300000.0,18000.0,ST
I. Provedel,27,Italy,74,76,Spezia,3900000.0,12000.0,GK
Sidcley,28,Brazil,74,74,PAOK,3800000.0,1000.0,LB
Lekue,28,Spain,74,74,Athletic Club de Bilbao,3800000.0,21000.0,RB
Merquelanz,26,Spain,74,75,Rayo Vallecano,5000000.0,26000.0,LM
Murilo,26,Brazil,74,75,Gil Vicente FC,5000000.0,10000.0,RM
D. Verde,25,Italy,74,77,Spezia,5500000.0,17000.0,RW
Pere Milla,28,Spain,74,74,Elche CF,4300000.0,20000.0,ST
Léo Jardim,26,Brazil,74,78,LOSC Lille,4500000.0,21000.0,GK
L. Villarruel,30,Argentina,74,74,LDU Quito,3500000.0,1000.0,CDM
C. Espinoza,26,Argentina,74,74,San Jose Earthquakes,4600000.0,8000.0,RM
G. Scamacca,22,Italy,74,84,U.S. Sassuolo Calcio,9500000.0,26000.0,ST
L. Gamba,34,Argentina,74,74,Rosario Central,2100000.0,17000.0,ST
F. Sotoca,30,France,74,74,Racing Club de Lens,4100000.0,27000.0,ST
D. Barbona,26,Argentina,74,75,Club Tijuana,5000000.0,19000.0,RM
M. Mittelstädt,24,Germany,74,79,Hertha BSC,6000000.0,28000.0,LB
C. Guanca,28,Argentina,74,74,Al Ain FC,4200000.0,1000.0,CAM
A. Touré,25,France,74,77,Eintracht Frankfurt,5000000.0,21000.0,RWB
Jorge Miramón,32,Spain,74,74,Levante Unión Deportiva,2900000.0,21000.0,RB
Rubén Alcaraz,30,Spain,74,74,Real Valladolid CF,4000000.0,11000.0,CM
L. Nmecha,22,Germany,74,81,VfL Wolfsburg,8500000.0,43000.0,ST
Nilson Alfarinho,37,Brazil,74,74,São Paulo,475000.0,15000.0,GK
Enzo Marteiro,29,Brazil,74,74,Flamengo,2900000.0,24000.0,GK
Juli Piresinho,21,Brazil,74,76,Bahia,5000000.0,9000.0,RB
Vinicius Cardenha,29,Brazil,74,74,Fluminense,3700000.0,20000.0,RB
Mauri Borgho,29,Brazil,74,74,São Paulo,3700000.0,30000.0,RB
Caio Nunson,21,Brazil,74,74,Fortaleza,4400000.0,9000.0,CB
Otávio Cairinho,29,Brazil,74,74,Palmeiras,3500000.0,30000.0,CB
Eltildo Correia,29,Brazil,74,74,Clube Atlético Mineiro,3500000.0,28000.0,CB
Robson Denho,29,Brazil,74,74,Atlético Clube Goianiense,3600000.0,12000.0,CDM
Claudiano Sobrino,25,Brazil,74,74,Palmeiras,4100000.0,27000.0,CDM
Ramón da Almeyda,25,Brazil,74,74,Cuiabá,4200000.0,14000.0,LB
Douglas Carvalheira,33,Brazil,74,74,Flamengo,2200000.0,28000.0,LB
Edval Anton,29,Brazil,74,74,Fortaleza,3600000.0,12000.0,CDM
Dani Rochelinhas,29,Brazil,74,74,Club Athletico Paranaense,4100000.0,15000.0,CAM
Meirelinson,29,Brazil,74,74,Sport Club Corinthians Paulista,3500000.0,24000.0,CB
Victorino Magela,21,Brazil,74,74,Bahia,3700000.0,6000.0,GK
Adrian Scitto,29,Brazil,74,74,Grêmio,2900000.0,19000.0,GK
Lino Essier,29,Brazil,74,74,São Paulo,3500000.0,30000.0,CB
Gérson Damesio,29,Brazil,74,74,Flamengo,3500000.0,30000.0,CB
Adolfinho Padilha,29,Brazil,74,74,Bahia,3700000.0,12000.0,LB
Germano Cuba,25,Brazil,74,74,Palmeiras,4200000.0,27000.0,LB
Mauro Cildinho,25,Brazil,74,74,Atlético Clube Goianiense,4200000.0,11000.0,RB
Michael Dimeira,29,Brazil,74,74,São Paulo,4100000.0,32000.0,CAM
Kaimo Lima,25,Brazil,74,74,Fluminense,4100000.0,18000.0,CB
Ailtio Coelho,29,Brazil,74,74,São Paulo,4100000.0,32000.0,LM
Edercinho Sepa,21,Brazil,74,74,Grêmio,4400000.0,16000.0,CDM
Elias Fontoira,25,Brazil,74,74,Internacional,4100000.0,20000.0,CDM
Diegildo Ramos,29,Brazil,74,74,Flamengo,4200000.0,35000.0,ST
Allan Bardinho,29,Brazil,74,74,Ceará Sporting Club,4100000.0,14000.0,CAM
José Mirazar,25,Brazil,74,74,Grêmio,4700000.0,24000.0,CAM
Roni Gameira,29,Brazil,74,74,Club Athletico Paranaense,4200000.0,16000.0,ST
Nicholas Aldair,29,Brazil,74,74,Fluminense,4200000.0,23000.0,ST
Benjamin Meseira,25,Brazil,74,74,Club Athletico Paranaense,4200000.0,12000.0,RB
M. Cafaro,24,France,74,78,Stade de Reims,6000000.0,19000.0,LM
B. Cufré,24,Argentina,74,81,Málaga CF,8000000.0,17000.0,LB
J. Gnagnon,24,France,74,79,Sevilla FC,6000000.0,17000.0,CB
G. Diangana,23,England,74,83,West Bromwich Albion,9500000.0,35000.0,LW
A. Tuanzebe,23,England,74,81,Aston Villa,8000000.0,60000.0,CB
T. Pochettino,25,Argentina,74,79,Austin FC,6000000.0,8000.0,CM
Miguel Silva,26,Portugal,74,79,Clube Sport Marítimo,4900000.0,8000.0,GK
Ontiveros,23,Spain,74,80,CA Osasuna,6500000.0,23000.0,LM
T. Henry,26,France,74,76,Venezia FC,5500000.0,20000.0,ST
S. Ascacíbar,24,Argentina,74,79,Hertha BSC,6000000.0,28000.0,CDM
D. Batallini,25,Argentina,74,77,Club Atlético de San Luis,5500000.0,13000.0,RW
M. Pereira Lage,24,Portugal,74,78,Angers SCO,6000000.0,18000.0,LM
Aleñá,23,Spain,74,79,Getafe CF,6500000.0,20000.0,CM
R. Oudin,24,France,74,77,FC Girondins de Bordeaux,6000000.0,19000.0,RM
A. Ramsdale,23,England,74,79,Arsenal,5000000.0,36000.0,GK
C. Quintana,33,Argentina,74,74,Argentinos Juniors,2000000.0,12000.0,CB
Evander,23,Brazil,74,81,FC Midtjylland,8500000.0,21000.0,CM
Florentino,21,Portugal,74,83,Getafe CF,9000000.0,8000.0,CDM
Aurélio Buta,24,Portugal,74,78,Royal Antwerp FC,5500000.0,15000.0,RB
Pedro Rebocho,26,Portugal,74,77,Lech Poznań,5000000.0,9000.0,LB
O. Richards,23,England,74,82,FC Bayern München,9000000.0,40000.0,LB
D. Liénard,33,France,74,74,RC Strasbourg Alsace,2600000.0,21000.0,CM
J. Menéndez,27,Argentina,74,74,Real Salt Lake,4500000.0,9000.0,RW
M. Sarr,22,France,74,78,Chelsea,5500000.0,56000.0,CB
Mario González,25,Spain,74,79,SC Braga,6500000.0,14000.0,ST
E. Barco,22,Argentina,74,80,Atlanta United,7000000.0,7000.0,LM
Estevão Baldeiro,25,Brazil,74,74,Flamengo,4100000.0,27000.0,CB
Aarón,24,Spain,74,78,1. FSV Mainz 05,5500000.0,17000.0,LB
C. Michelin,24,France,74,78,AEK Athens,5500000.0,950.0,RWB
S. Cáseres,24,Argentina,74,80,Vélez Sarsfield,6000000.0,20000.0,CDM
J. Tanganga,22,England,74,84,Tottenham Hotspur,9000000.0,49000.0,RB
A. Caci,24,France,74,80,RC Strasbourg Alsace,6000000.0,16000.0,LB
E. Nketiah,22,England,74,81,Arsenal,8500000.0,56000.0,ST
A. Franco,24,Argentina,74,81,Atlanta United,8000000.0,6000.0,CB
A. Maier,22,Germany,74,82,FC Augsburg,9500000.0,31000.0,CM
R. Kolo Muani,22,France,74,82,FC Nantes,9500000.0,21000.0,ST
M. Richter,23,Germany,74,78,Hertha BSC,6000000.0,31000.0,RM
C. Gallagher,21,England,74,82,Crystal Palace,9500000.0,53000.0,CM
Rodrigo Becão,25,Brazil,74,78,Udinese Calcio,5500000.0,14000.0,CB
Abel Ruiz,21,Spain,74,83,SC Braga,9500000.0,11000.0,ST
Pablo Santos,29,Brazil,74,75,Moreirense FC,3900000.0,13000.0,CB
Junior Messias,30,Brazil,74,74,AC Milan,4100000.0,12000.0,CAM
Mauro Júnior,22,Brazil,74,80,PSV,7000000.0,14000.0,CAM
Aitor Ruibal,25,Spain,74,77,Real Betis Balompié,5500000.0,19000.0,RM
T. Lamptey,20,England,74,84,Brighton & Hove Albion,9000000.0,29000.0,RWB
L. Balerdi,22,Argentina,74,82,Olympique de Marseille,9000000.0,24000.0,CB
B. Mbeumo,21,France,74,82,Brentford,9500000.0,32000.0,RW
L. Pellegrini,22,Italy,74,82,Juventus,9000000.0,42000.0,LB
Chiquinho,25,Portugal,74,77,SC Braga,5500000.0,12000.0,CAM
Corpas,29,Spain,74,74,SD Eibar,4100000.0,11000.0,RM
J. Bogle,20,England,74,85,Sheffield United,9000000.0,17000.0,RWB
T. Almada,20,Argentina,74,86,Vélez Sarsfield,10000000.0,10000.0,CAM
P. De la Vega,20,Argentina,74,86,Club Atlético Lanús,10000000.0,13000.0,RW
Barrenetxea,19,Spain,74,83,Real Sociedad,9000000.0,17000.0,LW
Aihen Muñoz,23,Spain,74,81,Real Sociedad,8000000.0,20000.0,LB
K. Thuram,20,France,74,82,OGC Nice,8500000.0,18000.0,CDM
Thierry Correia,22,Portugal,74,80,Valencia CF,6500000.0,22000.0,RB
Zubimendi,22,Spain,74,84,Real Sociedad,9500000.0,23000.0,CM
Jean Lucas,23,Brazil,74,80,AS Monaco,6500000.0,34000.0,CM
Beto,23,Portugal,74,81,Udinese Calcio,8500000.0,8000.0,ST
Tiago Djaló,21,Portugal,74,82,LOSC Lille,9000000.0,19000.0,CB
Nico Melamed,20,Spain,74,86,RCD Espanyol de Barcelona,10000000.0,12000.0,LM
G. Raspadori,21,Italy,74,88,U.S. Sassuolo Calcio,10500000.0,22000.0,ST
A. Aouchiche,18,France,74,82,AS Saint-Étienne,9000000.0,9000.0,LM
L. Badé,21,France,74,82,Stade Rennais FC,9000000.0,24000.0,CB
Luis Henrique,19,Brazil,74,82,Olympique de Marseille,9000000.0,20000.0,RW
Tiago Tomás,19,Portugal,74,82,Sporting CP,9000000.0,8000.0,ST
Mikel Rico,36,Spain,73,73,SD Huesca,950000.0,8000.0,CM
R. Salin,36,France,73,73,Stade Rennais FC,350000.0,16000.0,GK
L. Podolski,36,Germany,73,73,Górnik Zabrze,1000000.0,6000.0,CAM
A. Lennon,34,England,73,73,Burnley,1400000.0,28000.0,RM
J. Insaurralde,36,Argentina,73,73,Club Atlético Independiente,550000.0,8000.0,CB
P. Pentke,36,Germany,73,73,TSG Hoffenheim,350000.0,13000.0,GK
S. Dann,34,England,73,73,Reading,1000000.0,21000.0,CB
Manuel Fernandes,35,Portugal,73,73,Yukatel Kayserispor,1200000.0,9000.0,LM
Muriqui,35,Brazil,73,73,Shijiazhuang Ever Bright F.C.,1300000.0,7000.0,CF
Javi García,34,Spain,73,73,Boavista FC,1000000.0,12000.0,CDM
D. Padelli,35,Italy,73,73,Udinese Calcio,350000.0,7000.0,GK
D. Congré,36,France,73,73,Dijon FCO,550000.0,3000.0,CB
I. Sosa,34,Argentina,73,73,Pachuca,1400000.0,15000.0,RM
Danilo,37,Brazil,73,73,Parma,550000.0,16000.0,CB
Bebé,30,Portugal,73,73,Rayo Vallecano,2900000.0,16000.0,LM
N. Domingo,36,Argentina,73,73,Club Atlético Banfield,600000.0,9000.0,CDM
A. Masiello,35,Italy,73,73,Genoa,800000.0,9000.0,CB
Barragán,34,Spain,73,73,Elche CF,1100000.0,15000.0,RB
J. Maidana,35,Argentina,73,73,River Plate,800000.0,9000.0,CB
Manolo Reina,36,Spain,73,73,RCD Mallorca,350000.0,10000.0,GK
M. Andújar,37,Argentina,73,73,Estudiantes de La Plata,350000.0,6000.0,GK
Marco Pereira,34,Portugal,73,73,Santa Clara,525000.0,5000.0,GK
T. Sippel,33,Germany,73,73,Borussia Mönchengladbach,1000000.0,16000.0,GK
Vieirinha,35,Portugal,73,73,PAOK,925000.0,750.0,RB
Kiko Casilla,34,Spain,73,73,Elche CF,525000.0,40000.0,GK
Fabricio,33,Spain,73,73,Fulham,1000000.0,31000.0,GK
S. De Maio,34,France,73,73,Udinese Calcio,1000000.0,13000.0,CB
D. Stephens,32,England,73,73,Burnley,2000000.0,25000.0,CDM
M. Männel,33,Germany,73,73,FC Erzgebirge Aue,1000000.0,7000.0,GK
F. Lemoine,34,France,73,73,FC Lorient,1000000.0,15000.0,CDM
Roberto,35,Spain,73,73,Real Valladolid CF,350000.0,5000.0,GK
Castro,33,Portugal,73,73,SC Braga,1900000.0,12000.0,CM
Yoel,32,Spain,73,73,SD Eibar,1500000.0,8000.0,GK
D. Welbeck,30,England,73,73,Brighton & Hove Albion,3000000.0,45000.0,ST
R. Zieler,32,Germany,73,73,Hannover 96,1500000.0,17000.0,GK
M. Pérez García,36,Argentina,73,73,Gimnasia y Esgrima La Plata,1000000.0,11000.0,CAM
S. Morrison,30,England,73,73,Cardiff City,2500000.0,25000.0,CB
Juanfran,32,Spain,73,73,Aytemiz Alanyaspor,2100000.0,12000.0,RB
J. Livermore,31,England,73,73,West Bromwich Albion,2100000.0,31000.0,CDM
Nélson Oliveira,29,Portugal,73,73,PAOK,3000000.0,1000.0,ST
D. Latza,31,Germany,73,73,FC Schalke 04,2500000.0,11000.0,CM
J. Stanislas,31,England,73,73,AFC Bournemouth,2500000.0,30000.0,LW
T. Kolodziejczak,29,France,73,74,AS Saint-Étienne,2800000.0,24000.0,CB
Óscar Sielva,29,Spain,73,73,SD Eibar,2600000.0,10000.0,CDM
T. Jantschke,31,Germany,73,73,Borussia Mönchengladbach,2100000.0,20000.0,CB
M. Gulde,30,Germany,73,73,Sport-Club Freiburg,2500000.0,20000.0,CB
T. Arslan,30,Germany,73,73,Udinese Calcio,2500000.0,13000.0,CDM
Sandro,32,Brazil,73,73,Belenenses SAD,2000000.0,6000.0,CDM
K. Théophile-Catherine,31,France,73,73,Dinamo Zagreb,2100000.0,700.0,CB
A. Smith,30,England,73,73,AFC Bournemouth,2600000.0,25000.0,RB
Dídac Vilà,32,Spain,73,73,RCD Espanyol de Barcelona,2100000.0,14000.0,LB
S. Corchia,30,France,73,73,FC Nantes,2600000.0,19000.0,RB
S. Mustafi,29,Germany,73,73,Levante Unión Deportiva,2500000.0,21000.0,CB
D. Ginczek,30,Germany,73,73,VfL Wolfsburg,3000000.0,45000.0,ST
G. Charbonnier,32,France,73,73,AJ Auxerre,2500000.0,7000.0,ST
F. Klos,33,Germany,73,73,DSC Arminia Bielefeld,1900000.0,22000.0,ST
S. Cook,30,England,73,73,AFC Bournemouth,2500000.0,25000.0,CB
V. Le Goff,31,France,73,73,FC Lorient,2200000.0,15000.0,LB
S. Caulker,29,England,73,73,Gazişehir Gaziantep F.K.,2500000.0,34000.0,CB
S. Hutchinson,30,England,73,73,Millwall,2500000.0,12000.0,CB
F. Bardi,29,Italy,73,73,Bologna,2100000.0,20000.0,GK
Villalibre,23,Spain,73,80,Athletic Club de Bilbao,6000000.0,20000.0,ST
D. Didavi,31,Germany,73,73,VfB Stuttgart,2500000.0,22000.0,CAM
Juan Carlos,33,Spain,73,73,Girona FC,1000000.0,8000.0,GK
Borja García,30,Spain,73,73,Girona FC,2900000.0,11000.0,CAM
Borja Bastón,28,Spain,73,73,Real Oviedo,3100000.0,11000.0,ST
Moisés,33,Brazil,73,73,Shandong Taishan,1500000.0,15000.0,CDM
M. Ducksch,27,Germany,73,73,SV Werder Bremen,3300000.0,12000.0,ST
Anselmo,32,Brazil,73,73,Al Nassr,2400000.0,30000.0,CM
B. Stambouli,30,France,73,73,Adana Demirspor,2500000.0,14000.0,CDM
Leandro Damião,31,Brazil,73,73,Kawasaki Frontale,2600000.0,12000.0,ST
M. Autret,30,France,73,73,AJ Auxerre,2900000.0,7000.0,CAM
D. Bentley,27,England,73,75,Bristol City,2800000.0,21000.0,GK
Sergio León,32,Spain,73,73,Real Valladolid CF,2500000.0,11000.0,ST
R. Inglese,29,Italy,73,73,Parma,3000000.0,28000.0,ST
Ilie Sánchez,30,Spain,73,73,Sporting Kansas City,2500000.0,7000.0,CDM
Timor,31,Spain,73,73,Getafe CF,2100000.0,20000.0,CDM
S. Kittel,28,Germany,73,73,Hamburger SV,3100000.0,14000.0,LW
L. Rupp,30,Germany,73,73,Norwich City,2900000.0,28000.0,CM
Juan Jesus,30,Brazil,73,73,Napoli,2500000.0,38000.0,CB
G. Baldock,28,England,73,73,Sheffield United,2800000.0,22000.0,RWB
Rafael Martins,32,Brazil,73,73,Moreirense FC,2500000.0,13000.0,ST
L. Tonelli,31,Italy,73,73,Empoli,2100000.0,32000.0,CB
N. De Préville,30,France,73,73,FC Metz,2900000.0,16000.0,CAM
M. Colin,29,France,73,73,Birmingham City,2700000.0,18000.0,RB
M. Le Bihan,31,France,73,73,Dijon FCO,2600000.0,6000.0,ST
Recio,30,Spain,73,73,CD Leganés,2900000.0,11000.0,CM
S. Zoller,30,Germany,73,73,VfL Bochum 1848,3000000.0,22000.0,ST
F. Quignon,28,Argentina,73,73,FC Dallas,2700000.0,7000.0,CDM
J. Butland,28,England,73,74,Crystal Palace,2400000.0,31000.0,GK
V. Germain,31,France,73,73,Montpellier Hérault SC,2600000.0,22000.0,ST
B. Reynet,30,France,73,73,Dijon FCO,2000000.0,4000.0,GK
Fede Vico,26,Spain,73,74,CD Leganés,3600000.0,11000.0,CAM
Iván Sánchez,28,Spain,73,73,Birmingham City,3100000.0,20000.0,RM
Ruiz de Galarreta,27,Spain,73,74,RCD Mallorca,3100000.0,19000.0,CDM
Fernando,31,Spain,73,73,Unión Deportiva Almería,1600000.0,8000.0,GK
Marcelo,31,Brazil,73,73,Al Tai,2100000.0,16000.0,CB
L. Ceppitelli,31,Italy,73,73,Cagliari,2100000.0,23000.0,CB
D. Gayle,30,England,73,73,Newcastle United,3000000.0,33000.0,ST
Jairo,27,Spain,73,73,Málaga CF,3200000.0,9000.0,LM
L. Aued,34,Argentina,73,73,Universidad Católica,1400000.0,11000.0,CM
P. Nardi,27,France,73,77,FC Lorient,3200000.0,12000.0,GK
Juan Cruz,28,Spain,73,73,CA Osasuna,2800000.0,21000.0,LB
M. Weiser,27,Germany,73,73,SV Werder Bremen,2900000.0,32000.0,RB
F. Fragapane,28,Argentina,73,73,Minnesota United FC,3100000.0,8000.0,LM
Rafael Silva,29,Brazil,73,73,Wuhan FC,3000000.0,12000.0,ST
Filipe Augusto,27,Brazil,73,73,Damac FC,3200000.0,18000.0,CM
Lucas Lima,29,Brazil,73,73,İstanbul Başakşehir FK,2700000.0,27000.0,LB
L. Fernández,30,Argentina,73,73,Club Nacional de Football,3000000.0,1000.0,CF
D. Bessa,28,Italy,73,73,Hellas Verona,3100000.0,22000.0,CAM
C. Hérelle,28,France,73,74,Stade Brestois 29,2900000.0,15000.0,CB
Marcos Júnior,28,Brazil,73,73,Yokohama F. Marinos,3100000.0,12000.0,CAM
J. Gastien,33,France,73,73,Clermont Foot 63,1500000.0,15000.0,CDM
S. Byram,27,England,73,73,Norwich City,2900000.0,25000.0,LB
F. Tardieu,29,France,73,73,ESTAC Troyes,2600000.0,15000.0,CDM
A. Brignoli,29,Italy,73,74,Panathinaikos FC,2300000.0,600.0,GK
Fran Sol,29,Spain,73,73,SD Eibar,3000000.0,950.0,ST
Edgar Ié,27,Portugal,73,74,Trabzonspor,3100000.0,19000.0,CB
Lucas João,27,Portugal,73,73,Reading,3300000.0,25000.0,ST
J. Velázquez,30,Argentina,73,73,Club Atlético Talleres,2500000.0,16000.0,CB
Frederico Venâncio,28,Portugal,73,75,SD Eibar,3100000.0,10000.0,CB
D. Cataldi,26,Italy,73,74,Lazio,3600000.0,40000.0,CM
K. Möhwald,27,Germany,73,73,1. FC Union Berlin,3200000.0,24000.0,CM
N. Gavory,26,France,73,75,Standard de Liège,3500000.0,13000.0,LB
J. Haberer,27,Germany,73,74,Sport-Club Freiburg,3500000.0,22000.0,CM
M. Meyer,25,Germany,73,76,Fenerbahçe SK,4000000.0,34000.0,CM
Nacho,32,Spain,73,73,Real Valladolid CF,2100000.0,9000.0,LB
A. Solari,29,Argentina,73,73,RC Celta de Vigo,3000000.0,19000.0,RM
C. Lenz,26,Germany,73,75,Eintracht Frankfurt,3500000.0,20000.0,LB
Ivan Cavaleiro,27,Portugal,73,73,Fulham,3300000.0,45000.0,ST
Medrán,27,Spain,73,74,Chicago Fire Football Club,3500000.0,8000.0,CM
W. Cyprien,26,France,73,74,FC Nantes,3600000.0,25000.0,CM
B. Davies,25,England,73,76,Sheffield United,3600000.0,57000.0,CB
Róber,26,Spain,73,78,Levante Unión Deportiva,4000000.0,20000.0,CB
L. Cháves,25,Argentina,73,78,Argentinos Juniors,3600000.0,8000.0,GK
M. Nervo,30,Argentina,73,73,Club Atlas,2500000.0,11000.0,CB
A. Mowatt,26,England,73,75,West Bromwich Albion,3700000.0,34000.0,CM
T. Kleindienst,25,Germany,73,76,1. FC Heidenheim 1846,4100000.0,21000.0,ST
J. Toljan,26,Germany,73,74,U.S. Sassuolo Calcio,3300000.0,23000.0,RB
G. Gallon,28,France,73,75,ESTAC Troyes,2600000.0,12000.0,GK
D. González,33,Argentina,73,73,Boca Juniors,1900000.0,14000.0,CM
S. Schonlau,26,Germany,73,75,Hamburger SV,3300000.0,12000.0,CB
E. Mas,32,Argentina,73,73,Orlando City Soccer Club,2100000.0,7000.0,LB
F. Mancuello,32,Argentina,73,73,Vélez Sarsfield,2400000.0,18000.0,CM
F. Meza,31,Argentina,73,73,Club Necaxa,2100000.0,11000.0,CB
R. Rey,30,Argentina,73,74,Gimnasia y Esgrima La Plata,2300000.0,11000.0,GK
L. Faravelli,28,Argentina,73,73,Independiente del Valle,3000000.0,1000.0,CM
S. Moyano,30,Argentina,73,73,Unión de Santa Fe,2000000.0,9000.0,GK
A. Hunou,27,France,73,74,Minnesota United FC,3600000.0,8000.0,ST
C. Auzqui,30,Argentina,73,73,Club Atlético Talleres,3000000.0,14000.0,ST
B. Chardonnet,26,France,73,76,Stade Brestois 29,3500000.0,15000.0,CB
Henrique Dourado,31,Brazil,73,73,Henan Songshan Longmen FC,2600000.0,14000.0,ST
Jason,26,Spain,73,73,Valencia CF,3300000.0,25000.0,RM
Samir,26,Brazil,73,75,Udinese Calcio,3300000.0,13000.0,CB
Quintillà,24,Spain,73,78,CD Leganés,4300000.0,19000.0,LB
G. Letizia,31,Italy,73,73,Benevento,2200000.0,14000.0,RB
J. Cooper,26,England,73,76,Millwall,3500000.0,12000.0,CB
S. Torrico,41,Argentina,73,73,San Lorenzo de Almagro,350000.0,6000.0,GK
J. Beauguel,29,France,73,73,FC Viktoria Plzeň,3000000.0,1000.0,ST
Bruno Henrique,31,Brazil,73,73,Al Ittihad,2100000.0,27000.0,CDM
Pozo,25,Spain,73,76,Rayo Vallecano,4000000.0,16000.0,CAM
Rafa Soares,26,Portugal,73,76,Vitória de Guimarães,3700000.0,9000.0,LB
Edgar Méndez,31,Spain,73,73,Deportivo Alavés,2500000.0,19000.0,RM
Iza Carcelén,28,Spain,73,73,Cádiz CF,2800000.0,22000.0,RB
Diego Rico,28,Spain,73,73,Real Sociedad,2800000.0,23000.0,LB
A. Grassi,26,Italy,73,76,Cagliari,4000000.0,25000.0,CM
P. Seguin,26,Germany,73,75,SpVgg Greuther Fürth,3700000.0,20000.0,CM
Vigaray,26,Spain,73,74,Real Zaragoza,3300000.0,9000.0,RB
J. Komar,24,Argentina,73,80,Club Atlético Talleres,5500000.0,10000.0,CB
Everaldo,29,Brazil,73,73,Kashima Antlers,3000000.0,10000.0,ST
Gustavo,27,Brazil,73,74,Jeonbuk Hyundai Motors,3600000.0,11000.0,ST
Walace,26,Brazil,73,75,Udinese Calcio,3400000.0,13000.0,CDM
A. Zedadka,26,France,73,76,Clermont Foot 63,3700000.0,15000.0,RB
M. Benítez,30,Argentina,73,73,Defensa y Justicia,2600000.0,12000.0,LB
Carraça,28,Portugal,73,73,Belenenses SAD,2800000.0,11000.0,RB
J. Correa,28,Argentina,73,73,Racing Club,3100000.0,20000.0,ST
Fede,24,Spain,73,79,Real Valladolid CF,4400000.0,8000.0,CDM
Manu García,23,Spain,73,82,Deportivo Alavés,7000000.0,8000.0,CAM
Pedro Chirivella,24,Spain,73,77,FC Nantes,4000000.0,16000.0,CDM
André Simões,31,Portugal,73,73,AEK Athens,2100000.0,1000.0,CDM
Luis Rioja,27,Spain,73,73,Deportivo Alavés,3200000.0,19000.0,LM
M. Wittek,25,Germany,73,76,Vitesse,3700000.0,13000.0,LWB
W. Montoya,27,Argentina,73,73,Cruz Azul,3200000.0,44000.0,RM
Iago,29,Brazil,73,73,Al Taawoun,2500000.0,20000.0,CB
Pedro Nuno,26,Portugal,73,76,Belenenses SAD,4000000.0,8000.0,ST
G. Ferrari,29,Italy,73,74,U.S. Sassuolo Calcio,2800000.0,24000.0,CB
Adrián Marín,24,Spain,73,78,Futebol Clube de Famalicão,4300000.0,14000.0,LB
Kike Barja,24,Spain,73,79,CA Osasuna,4800000.0,19000.0,RM
Raúl Guti,24,Spain,73,80,Elche CF,6000000.0,14000.0,CM
Pol Llonch,28,Spain,73,73,Willem II,2700000.0,8000.0,CDM
D. Solanke,23,England,73,78,AFC Bournemouth,4700000.0,27000.0,ST
André Horta,24,Portugal,73,80,SC Braga,6000000.0,11000.0,CM
R. Ábila,31,Argentina,73,73,D.C. United,2600000.0,8000.0,ST
M. Coco,25,France,73,75,FC Nantes,3800000.0,20000.0,RM
Ivo Rodrigues,26,Portugal,73,74,Futebol Clube de Famalicão,3600000.0,9000.0,RM
E. Martínez,27,Argentina,73,73,Barcelona Sporting Club,3200000.0,1000.0,LM
Ricardo Lopes,30,Brazil,73,73,Shanghai Port FC,3000000.0,21000.0,ST
A. Castro,26,Argentina,73,73,Club Atlético Colón,3300000.0,12000.0,CM
Sergi Palencia,25,Spain,73,78,CD Leganés,4200000.0,21000.0,RB
H. Choudhury,23,England,73,77,Leicester City,4000000.0,48000.0,CDM
L. Godoy,26,Argentina,73,76,Estudiantes de La Plata,3700000.0,12000.0,RB
Raillo,29,Spain,73,73,RCD Mallorca,2500000.0,20000.0,CB
William,26,Brazil,73,76,VfL Wolfsburg,3700000.0,38000.0,RB
João Novais,27,Portugal,73,73,Aytemiz Alanyaspor,3200000.0,13000.0,CM
Allano,26,Brazil,73,74,Santa Clara,3600000.0,7000.0,LW
L. Rodríguez,24,Argentina,73,79,Club Tijuana,4800000.0,16000.0,LM
Lazo,25,Spain,73,76,Unión Deportiva Almería,4000000.0,10000.0,LM
Josan,31,Spain,73,73,Elche CF,2500000.0,16000.0,RM
D. Fry,23,England,73,80,Middlesbrough,5500000.0,18000.0,CB
Rodrigo Pinho,30,Brazil,73,73,SL Benfica,3000000.0,12000.0,ST
Jaim Abra,29,Brazil,73,73,Associação Chapecoense de Futebol,2100000.0,11000.0,GK
Freder Cabral,29,Brazil,73,73,Clube Atlético Mineiro,2100000.0,21000.0,GK
Hugo Goiteira,29,Brazil,73,73,Ceará Sporting Club,2500000.0,11000.0,CB
Osvaldão Murilo,21,Brazil,73,73,RB Bragantino,3100000.0,9000.0,CB
Lúcio Calegario,29,Brazil,73,73,São Paulo,3000000.0,30000.0,CM
Caio Chissano,33,Brazil,73,73,São Paulo,1600000.0,26000.0,LB
Paulson Junqueira,25,Brazil,73,73,Sport Club Corinthians Paulista,3100000.0,20000.0,LB
Juliano Mascarinhas,25,Brazil,73,73,Grêmio,3000000.0,20000.0,CDM
Nicolás Formido,21,Brazil,73,73,Internacional,3600000.0,16000.0,CAM
Guto Costinho,33,Brazil,73,73,Palmeiras,1500000.0,26000.0,CB
Michel Cruceiro,29,Brazil,73,73,Flamengo,2600000.0,27000.0,CDM
Jonas Damasto,25,Brazil,73,73,Club Athletico Paranaense,3100000.0,11000.0,LB
Jeffmeirson,29,Brazil,73,73,RB Bragantino,2700000.0,14000.0,LB
Tramontinaldo,25,Brazil,73,73,Club Athletico Paranaense,3100000.0,11000.0,RB
Neviano Neves,21,Brazil,73,73,Sport Club Corinthians Paulista,3600000.0,17000.0,CM
Silvosinho,25,Brazil,73,73,Santos,3100000.0,19000.0,RB
Enaldo Toxeto,37,Brazil,73,73,Grêmio,550000.0,15000.0,CB
Fabrio Farinha,29,Brazil,73,73,Internacional,3000000.0,22000.0,CAM
Brenito Duarte,29,Brazil,73,73,Cuiabá,3000000.0,15000.0,RM
Sandelas Júnior,29,Brazil,73,73,Santos,2600000.0,20000.0,CDM
Dagoberto Esteiro,25,Brazil,73,73,São Paulo,3400000.0,30000.0,ST
Luis Couprins,21,Brazil,73,73,Club Athletico Paranaense,3200000.0,9000.0,CDM
Nuno Lisareda,21,Brazil,73,73,Sport Club Corinthians Paulista,3600000.0,19000.0,ST
Rodolfo Pittaça,21,Brazil,73,73,Cuiabá,3600000.0,12000.0,ST
Marcos Paneira,21,Brazil,73,73,Bahia,3200000.0,8000.0,CDM
Claudiosa Paes,33,Brazil,73,73,São Paulo,1900000.0,31000.0,RW
Thio Rolim,25,Brazil,73,73,Cuiabá,3400000.0,15000.0,LW
Marlon Nideiro,25,Brazil,73,73,Grêmio,3400000.0,22000.0,CAM
Leo Caldeirinha,25,Brazil,73,73,Juventude,3400000.0,19000.0,CAM
Alvildo Sousa,25,Brazil,73,73,Atlético Clube Goianiense,3400000.0,11000.0,CAM
Fabri Arnoia,29,Brazil,73,73,Flamengo,3000000.0,32000.0,RW
M. Diakhaby,24,France,73,79,Valencia CF,4400000.0,20000.0,CB
H. Wahl,27,Germany,73,73,Holstein Kiel,2800000.0,18000.0,CB
T. Chalobah,21,England,73,80,Chelsea,5500000.0,43000.0,CB
K. Amian,23,France,73,77,Spezia,3900000.0,12000.0,CB
J. Dasilva,22,England,73,82,Brentford,7000000.0,31000.0,CM
R. Pierre-Gabriel,23,France,73,78,Stade Brestois 29,4300000.0,16000.0,RB
Toni Lato,23,Spain,73,79,Valencia CF,4500000.0,20000.0,LB
C. Bravo,24,Argentina,73,80,Portland Timbers,6000000.0,6000.0,LB
Bernardo,26,Brazil,73,75,FC Red Bull Salzburg,3500000.0,20000.0,LB
N. Molina,23,Argentina,73,81,Udinese Calcio,6500000.0,11000.0,RWB
Lincoln,22,Brazil,73,82,Santa Clara,7000000.0,6000.0,CAM
S. Alakouch,22,France,73,78,FC Metz,4400000.0,12000.0,RB
Vágner Corraldo,21,Brazil,73,73,Club Athletico Paranaense,3300000.0,9000.0,LB
Mardial Cunha,21,Brazil,73,73,Fortaleza,3100000.0,8000.0,CB
G. Escobar,24,Argentina,73,76,UD Ibiza,3800000.0,6000.0,LB
Dodô,22,Brazil,73,84,Shakhtar Donetsk,6500000.0,650.0,RB
Artur,25,Brazil,73,75,Columbus Crew,3400000.0,7000.0,CDM
Diogo Leite,22,Portugal,73,81,SC Braga,6500000.0,9000.0,CB
Diogo Costa,21,Portugal,73,85,FC Porto,6500000.0,5000.0,GK
Maycon,23,Brazil,73,79,Shakhtar Donetsk,4800000.0,750.0,CM
Guilherme,26,Brazil,73,74,Al Faisaly,3600000.0,14000.0,LM
João Talocha,31,Portugal,73,73,Gil Vicente FC,2200000.0,9000.0,LB
Luis Pérez,26,Spain,73,76,Real Valladolid CF,3700000.0,9000.0,RB
V. Janelt,23,Germany,73,80,Brentford,5500000.0,28000.0,CDM
C. Bernardi,31,Argentina,73,73,Club Atlético Colón,2500000.0,12000.0,RM
K. Bonifazi,25,Italy,73,78,Bologna,4000000.0,22000.0,CB
S. Özcan,23,Germany,73,80,1. FC Köln,6000000.0,19000.0,CM
J. Bellegarde,23,France,73,81,RC Strasbourg Alsace,6500000.0,17000.0,CM
Aleix Febas,25,Spain,73,78,RCD Mallorca,4400000.0,20000.0,CM
D. Geiger,23,Germany,73,80,TSG Hoffenheim,6000000.0,23000.0,CM
Santi Comesaña,24,Spain,73,79,Rayo Vallecano,4400000.0,13000.0,CDM
I. Cardona,23,France,73,77,Stade Brestois 29,4400000.0,15000.0,ST
Enzo Merques,25,Brazil,73,73,Internacional,3100000.0,19000.0,LB
Marlion Simões,29,Brazil,73,73,Ceará Sporting Club,2700000.0,11000.0,LB
Jorge Praceira,29,Brazil,73,73,Palmeiras,2500000.0,27000.0,CB
Nildo Reisão,25,Brazil,73,73,Clube Atlético Mineiro,3000000.0,23000.0,CDM
Roberto Soira,25,Brazil,73,73,Associação Chapecoense de Futebol,2900000.0,12000.0,CB
O. Ejaria,23,England,73,80,Reading,6000000.0,20000.0,LM
Álvaro,23,Spain,73,82,Brentford,6000000.0,7000.0,GK
A. Nordin,23,France,73,78,AS Saint-Étienne,4600000.0,21000.0,RM
D. Raum,23,Germany,73,80,TSG Hoffenheim,6000000.0,20000.0,LB
J. Torunarigha,23,Germany,73,81,Hertha BSC,6500000.0,25000.0,CB
T. Guidara,25,Argentina,73,76,Vélez Sarsfield,3700000.0,11000.0,RB
J. Gressel,27,Germany,73,73,D.C. United,3200000.0,8000.0,RM
Rodrigo,28,Brazil,73,73,PAOK,2800000.0,1000.0,RB
P. Cutrone,23,Italy,73,78,Empoli,4700000.0,51000.0,ST
Guridi,26,Spain,73,76,Real Sociedad,4000000.0,24000.0,CM
N. Bustos,22,Argentina,73,82,Girona FC,7000000.0,71000.0,ST
E. Copetti,25,Argentina,73,76,Racing Club,4100000.0,16000.0,ST
Pedro Sá,27,Portugal,73,76,Portimonense SC,3500000.0,7000.0,CDM
I. Diallo,22,France,73,80,Southampton,6000000.0,31000.0,CDM
K. Wagner,24,Germany,73,76,Philadelphia Union,3800000.0,6000.0,LB
M. Cuisance,21,France,73,81,FC Bayern München,7000000.0,35000.0,CM
Paulinho,20,Brazil,73,83,Bayer 04 Leverkusen,6500000.0,26000.0,CAM
M. Nzola,24,France,73,77,Spezia,4400000.0,14000.0,ST
M. Ojeda,22,Argentina,73,79,Godoy Cruz,4900000.0,14000.0,RM
N. Phillips,24,England,73,79,Liverpool,4400000.0,52000.0,CB
N. Tenaglia,25,Argentina,73,78,Club Atlético Talleres,4200000.0,11000.0,RB
Borja Sánchez,25,Spain,73,76,Real Oviedo,4000000.0,9000.0,LM
M. Guéhi,20,England,73,84,Crystal Palace,6000000.0,26000.0,CB
Dani Raba,25,Spain,73,76,Villarreal CF,4000000.0,23000.0,RM
Manu Morlanes,22,Spain,73,82,RCD Espanyol de Barcelona,6500000.0,19000.0,CDM
C. Führich,23,Germany,73,79,VfB Stuttgart,4800000.0,19000.0,RM
F. Ortega,22,Argentina,73,80,Vélez Sarsfield,6000000.0,10000.0,LB
C. Jones,20,England,73,85,Liverpool,7500000.0,49000.0,CM
R. Aït Nouri,20,France,73,84,Wolverhampton Wanderers,6500000.0,35000.0,LWB
Dani Gómez,22,Spain,73,79,Levante Unión Deportiva,4900000.0,21000.0,ST
A. Laurienté,22,France,73,80,FC Lorient,6000000.0,14000.0,RM
Catena,26,Spain,73,76,Rayo Vallecano,3500000.0,15000.0,CB
Enric Gallego,34,Spain,73,73,CD Tenerife,1500000.0,10000.0,ST
Sancet,21,Spain,73,83,Athletic Club de Bilbao,7000000.0,17000.0,ST
J. Rodríguez,27,Argentina,73,74,Defensa y Justicia,3100000.0,12000.0,CB
F. Krüger,22,Germany,73,82,DSC Arminia Bielefeld,7000000.0,19000.0,ST
Tomás Tavares,20,Portugal,73,82,FC Basel 1893,6500000.0,7000.0,RB
H. Elliott,18,England,73,87,Liverpool,7000000.0,29000.0,RW
Hugo Guillamón,21,Spain,73,82,Valencia CF,6500000.0,17000.0,CB
L. Orellano,21,Argentina,73,83,Vélez Sarsfield,7000000.0,11000.0,RW
E. Díaz,25,Argentina,73,78,Club Atlético Talleres,4200000.0,11000.0,LB
E. Fernández,20,Argentina,73,84,River Plate,6500000.0,10000.0,CM
A. Vigo,22,Argentina,73,81,River Plate,6500000.0,11000.0,RB
Marcos Antonio,21,Brazil,73,85,Shakhtar Donetsk,7500000.0,650.0,CM
A. Palavecino,24,Argentina,73,78,River Plate,4600000.0,12000.0,CM
N. Schlotterbeck,21,Germany,73,83,Sport-Club Freiburg,6500000.0,14000.0,CB
M. Olise,19,France,73,85,Crystal Palace,7000000.0,22000.0,CAM
Gustavo Assunção,21,Brazil,73,85,Galatasaray SK,7000000.0,6000.0,CDM
Mateu Morey,21,Spain,73,81,Borussia Dortmund,6500000.0,25000.0,RB
E. Piovi,28,Argentina,73,73,LDU Quito,2700000.0,1000.0,CDM
R. Cherki,17,France,73,88,Olympique Lyonnais,7000000.0,9000.0,RW
David Carmo,21,Portugal,73,83,SC Braga,6500000.0,8000.0,CB
Maracás,27,Brazil,73,76,FC Paços de Ferreira,3500000.0,9000.0,CB
R. Nteka,23,France,73,82,Rayo Vallecano,7000000.0,16000.0,ST
Paulinho,26,Brazil,73,75,FC Midtjylland,3500000.0,20000.0,LB
A. Frías,23,Argentina,73,79,Defensa y Justicia,4400000.0,10000.0,CB
Son,27,Spain,73,74,Levante Unión Deportiva,3200000.0,20000.0,RB
A. Velasco,18,Argentina,73,85,Club Atlético Independiente,7000000.0,4000.0,LM
Manu Sánchez,20,Spain,73,83,CA Osasuna,6500000.0,23000.0,LB
Fer Niño,20,Spain,73,83,RCD Mallorca,6500000.0,20000.0,ST
A. Kalimuendo,19,France,73,82,Racing Club de Lens,6500000.0,33000.0,ST
Y. Maçon,22,France,73,79,AS Saint-Étienne,4600000.0,19000.0,RB
Evanilson,21,Brazil,73,83,FC Porto,7000000.0,9000.0,ST
Jon Morcillo,22,Spain,73,79,Athletic Club de Bilbao,4900000.0,18000.0,LM
I. Moriba,18,Spain,73,85,RB Leipzig,7000000.0,17000.0,CM
Yeremy Pino,18,Spain,73,84,Villarreal CF,6500000.0,8000.0,RM
J. Briand,35,France,72,72,FC Girondins de Bordeaux,1000000.0,15000.0,ST
E. Bologna,39,Argentina,72,72,River Plate,250000.0,6000.0,GK
A. Cordaz,38,Italy,72,72,Inter,250000.0,25000.0,GK
D. Cvitanich,37,Argentina,72,72,Racing Club,800000.0,11000.0,ST
C. Lucchetti,43,Argentina,72,72,Atlético Tucumán,250000.0,4000.0,GK
C. Gentner,35,Germany,72,72,FC Luzern,950000.0,9000.0,CM
B. Sharp,35,England,72,72,Sheffield United,1000000.0,17000.0,ST
O. Ustari,34,Argentina,72,72,Pachuca,400000.0,10000.0,GK
E. Viviano,35,Italy,72,72,Fatih Karagümrük S.K.,250000.0,6000.0,GK
S. Sinclair,32,England,72,72,Preston North End,1900000.0,24000.0,LM
Mario Suárez,34,Spain,72,72,Rayo Vallecano,800000.0,13000.0,CDM
Coke,34,Spain,72,72,Levante Unión Deportiva,850000.0,17000.0,RB
José Crespo,34,Spain,72,72,PAOK,750000.0,950.0,CB
R. Gurtner,34,France,72,72,Amiens SC,400000.0,4000.0,GK
A. Gabbarini,35,Argentina,72,72,LDU Quito,250000.0,500.0,GK
L. Deaux,32,France,72,72,Dijon FCO,1600000.0,4000.0,CDM
F. Forestieri,31,Italy,72,72,Udinese Calcio,1900000.0,13000.0,CAM
R. Hennings,33,Germany,72,72,Fortuna Düsseldorf,1500000.0,19000.0,ST
Fernando Boldrin,32,Brazil,72,72,Çaykur Rizespor,1900000.0,11000.0,CAM
A. Modeste,33,France,72,72,1. FC Köln,1500000.0,21000.0,ST
Rúben Ribeiro,33,Portugal,72,72,Atakaş Hatayspor,1400000.0,11000.0,CM
Paulo Vinícius,36,Brazil,72,72,FCSB (Steaua),425000.0,8000.0,CB
A. Rami,35,France,72,72,ESTAC Troyes,625000.0,9000.0,CB
R. Tesche,34,Germany,72,72,VfL Bochum 1848,800000.0,16000.0,CDM
R. Bennett,31,England,72,72,Swansea City,1600000.0,19000.0,CB
J. Pied,32,France,72,72,LOSC Lille,1600000.0,21000.0,RB
A. Smithies,31,England,72,72,Cardiff City,1200000.0,18000.0,GK
N. Sánchez,35,Argentina,72,72,Godoy Cruz,625000.0,6000.0,CB
D. Gosling,31,England,72,72,Watford,1900000.0,35000.0,CM
M. Coda,32,Italy,72,72,Lecce,1900000.0,4000.0,ST
V. Fiorillo,31,Italy,72,72,US Salernitana 1919,1200000.0,21000.0,GK
K. Gibbs,31,England,72,72,Inter Miami CF,1700000.0,6000.0,LB
D. Drinkwater,31,England,72,72,Reading,1900000.0,58000.0,CM
F. Macheda,29,Italy,72,72,Panathinaikos FC,2300000.0,750.0,ST
K. Bartley,30,England,72,72,West Bromwich Albion,1900000.0,27000.0,CB
F. Di Santo,32,Argentina,72,72,San Lorenzo de Almagro,1900000.0,12000.0,ST
Claudemir,33,Brazil,72,72,FC Vizela,1200000.0,5000.0,CDM
D. Brosinski,32,Germany,72,72,1. FSV Mainz 05,1600000.0,16000.0,RWB
S. Burchert,31,Germany,72,72,SpVgg Greuther Fürth,1200000.0,13000.0,GK
C. Pinsoglio,31,Italy,72,72,Juventus,1200000.0,32000.0,GK
D. Diekmeier,31,Germany,72,72,SV Sandhausen,1700000.0,6000.0,RWB
Daniel Candeias,33,Portugal,72,72,Aytemiz Alanyaspor,1500000.0,11000.0,RM
Víctor Vázquez,34,Spain,72,72,LA Galaxy,1100000.0,7000.0,CAM
Fábio,30,Brazil,72,72,FC Nantes,2000000.0,17000.0,LB
Y. Ravet,31,France,72,72,Grenoble Foot 38,1900000.0,7000.0,RW
Etxeita,33,Spain,72,72,SD Eibar,1100000.0,8000.0,CB
Míchel,32,Spain,72,72,CD Tenerife,1800000.0,8000.0,CM
Rúben Lima,31,Portugal,72,72,Futebol Clube de Famalicão,1700000.0,7000.0,LWB
J. Steer,28,England,72,73,Aston Villa,1900000.0,31000.0,GK
M. Caraglio,32,Argentina,72,72,Rosario Central,1900000.0,14000.0,ST
M. Le Marchand,31,France,72,72,RC Strasbourg Alsace,1600000.0,15000.0,CB
S. Malone,30,England,72,72,Millwall,2000000.0,11000.0,LWB
Portillo,31,Spain,72,72,Unión Deportiva Almería,1900000.0,9000.0,RM
Pedro Trigueira,33,Portugal,72,72,CD Tondela,750000.0,5000.0,GK
S. Clucas,30,England,72,72,Stoke City,2200000.0,21000.0,CM
L. Sobiech,30,Germany,72,72,SV Darmstadt 98,1900000.0,11000.0,CB
Renan Ribeiro,31,Brazil,72,72,Sporting CP,1200000.0,7000.0,GK
C. Austin,31,England,72,72,Queens Park Rangers,2000000.0,15000.0,ST
M. Pack,30,England,72,72,Cardiff City,2000000.0,22000.0,CDM
J. Bidwell,28,England,72,72,Swansea City,2100000.0,20000.0,LWB
Gabriel Silva,30,Brazil,72,72,AS Saint-Étienne,2000000.0,20000.0,LB
G. Donati,31,Italy,72,72,AC Monza,1700000.0,4000.0,RB
J. Martin,31,France,72,72,Stade Rennais FC,1900000.0,29000.0,CM
P. Testroet,30,Germany,72,72,SV Sandhausen,2300000.0,8000.0,ST
S. Araujo,29,Argentina,72,72,AEK Athens,2300000.0,1000.0,ST
Raúl Carnero,32,Spain,72,72,Real Valladolid CF,1600000.0,8000.0,LB
J. Robinson,27,England,72,73,Sheffield United,2400000.0,19000.0,CB
A. Losilla,35,France,72,72,VfL Bochum 1848,650000.0,12000.0,CDM
P. Chavarría,33,Argentina,72,72,Málaga CF,1500000.0,8000.0,ST
Sebá,29,Brazil,72,72,Al Shabab,2300000.0,25000.0,LM
Y. Court,31,France,72,72,Stade Malherbe Caen,1900000.0,6000.0,RM
A. Hoffmann,28,Germany,72,73,Fortuna Düsseldorf,2200000.0,17000.0,CB
N. Höfler,31,Germany,72,72,Sport-Club Freiburg,1600000.0,18000.0,CDM
M. Esser,33,Germany,72,72,VfL Bochum 1848,750000.0,13000.0,GK
B. Gibson,28,England,72,73,Norwich City,2200000.0,23000.0,CB
C. Schindler,31,Germany,72,72,1. FC Nürnberg,1600000.0,9000.0,CB
J. Lundstram,27,England,72,73,Rangers FC,2700000.0,35000.0,CM
N. Powell,27,England,72,73,Stoke City,2700000.0,21000.0,CAM
V. Eysseric,29,France,72,72,Kasimpaşa SK,2300000.0,12000.0,LM
F. Klaus,28,Germany,72,72,Fortuna Düsseldorf,2400000.0,18000.0,RM
S. Sturaro,28,Italy,72,72,Genoa,2300000.0,13000.0,CM
K. Müller,30,Germany,72,72,1. FC Heidenheim 1846,1600000.0,13000.0,GK
Isaías,34,Spain,72,72,Adelaide United,800000.0,4000.0,CDM
Leandro,28,Brazil,72,72,FC Tokyo,2400000.0,9000.0,CAM
C. Townsend,28,England,72,72,West Bromwich Albion,2100000.0,29000.0,LWB
J. Blaswich,30,Germany,72,73,Heracles Almelo,1800000.0,5000.0,GK
T. Trybull,28,Germany,72,73,Hannover 96,2300000.0,19000.0,CDM
Juan Carlos,30,Spain,72,72,SD Huesca,2200000.0,10000.0,CM
Diogo Figueiras,30,Portugal,72,72,Futebol Clube de Famalicão,2000000.0,7000.0,RB
P. Bauer,28,Germany,72,74,Preston North End,2400000.0,23000.0,CB
M. Dupé,28,France,72,74,Toulouse Football Club,2000000.0,5000.0,GK
Rubén Pardo,28,Spain,72,72,CD Leganés,2300000.0,10000.0,CM
Hervías,28,Spain,72,72,Real Valladolid CF,2400000.0,9000.0,RM
R. Álvarez,33,Argentina,72,72,Vélez Sarsfield,1400000.0,11000.0,CM
Vadillo,26,Spain,72,72,RCD Espanyol de Barcelona,2600000.0,14000.0,LM
Diego Oliveira,31,Brazil,72,72,FC Tokyo,2000000.0,10000.0,ST
David Ferreiro,33,Spain,72,72,SD Huesca,1500000.0,10000.0,RM
Igor Rossi,32,Brazil,72,72,Al Faisaly,1500000.0,11000.0,CB
Álvaro Lemos,28,Spain,72,72,Unión Deportiva Las Palmas,2100000.0,7000.0,RB
J. Price,28,England,72,72,Colorado Rapids,2100000.0,6000.0,CDM
Dener,29,Brazil,72,72,Al Tai,2300000.0,16000.0,CM
N. Murru,26,Italy,72,74,U.C. Sampdoria,2700000.0,13000.0,LB
J. Murphy,26,England,72,73,Newcastle United,2800000.0,27000.0,RM
Júnior Urso,32,Brazil,72,72,Orlando City Soccer Club,1600000.0,6000.0,CDM
Bigas,30,Spain,72,72,Elche CF,1900000.0,13000.0,CB
T. Dingomé,30,France,72,72,ESTAC Troyes,2200000.0,14000.0,CM
P. Hofmann,28,Germany,72,72,Karlsruher SC,2400000.0,13000.0,ST
Cristiano,34,Brazil,72,72,Kashiwa Reysol,1100000.0,9000.0,RM
A. Jung,29,Germany,72,72,SV Werder Bremen,2000000.0,9000.0,CB
Aitor García,27,Spain,72,72,Real Sporting de Gijón,2500000.0,8000.0,LM
L. Kübler,28,Germany,72,72,Sport-Club Freiburg,2100000.0,18000.0,RB
A. Mühling,28,Germany,72,72,Holstein Kiel,2300000.0,18000.0,CM
Quini,31,Spain,72,72,Granada CF,1700000.0,15000.0,LB
H. Mukhtar,26,Germany,72,74,Nashville SC,2900000.0,7000.0,CAM
João Teixeira,28,Portugal,72,72,Feyenoord,2400000.0,9000.0,CAM
A. Touré,27,France,72,73,Genoa,2400000.0,12000.0,CDM
João Schmidt,28,Brazil,72,72,Kawasaki Frontale,2100000.0,9000.0,CDM
José Mari,33,Spain,72,72,Cádiz CF,1200000.0,19000.0,CDM
B. Osborn,26,England,72,73,Sheffield United,2500000.0,19000.0,LWB
M. Benassi,26,Italy,72,73,Fiorentina,2700000.0,33000.0,CM
Luiz Phellype,27,Brazil,72,73,Santa Clara,2700000.0,11000.0,ST
Álex Gallar,29,Spain,72,72,FC Cartagena,2300000.0,10000.0,RM
R. Czichos,31,Germany,72,72,1. FC Köln,1600000.0,18000.0,CB
A. Voglsammer,29,Germany,72,72,1. FC Union Berlin,2300000.0,22000.0,LM
M. Lowe,24,England,72,79,Nottingham Forest,4500000.0,16000.0,LB
Iuri Medeiros,26,Portugal,72,72,SC Braga,2600000.0,11000.0,RM
J. Meffert,26,Germany,72,73,Hamburger SV,2500000.0,10000.0,CDM
L. Öztunalı,25,Germany,72,73,1. FC Union Berlin,2800000.0,20000.0,RM
M. Gersbeck,26,Germany,72,74,Karlsruher SC,2200000.0,9000.0,GK
A. Ruiz,27,Argentina,72,72,Arsenal de Sarandí,2500000.0,9000.0,CAM
Arsénio,31,Portugal,72,72,FC Arouca,1900000.0,6000.0,RM
D. Biraschi,26,Italy,72,74,Genoa,2600000.0,12000.0,CB
L. Villalba,26,Argentina,72,73,Argentinos Juniors,2500000.0,10000.0,LB
L. Villafañez,29,Argentina,72,72,Panathinaikos FC,2300000.0,700.0,CAM
M. Ibáñez,34,Argentina,72,72,Patronato,400000.0,9000.0,GK
E. Brítez,29,Argentina,72,72,Unión de Santa Fe,2000000.0,11000.0,CB
D. Braghieri,34,Argentina,72,72,Club Atlético Lanús,750000.0,12000.0,CB
E. Zelaya,33,Argentina,72,72,Damac FC,1500000.0,17000.0,ST
P. Pérez,35,Argentina,72,72,Newell's Old Boys,950000.0,9000.0,CM
E. Kalinski,34,Argentina,72,72,Argentinos Juniors,800000.0,10000.0,CDM
E. Insúa,30,Argentina,72,72,Club Atlético Aldosivi,2000000.0,900.0,LB
A. Donatti,34,Argentina,72,72,San Lorenzo de Almagro,750000.0,10000.0,CB
L. Jara,30,Argentina,72,72,Vélez Sarsfield,2000000.0,10000.0,RB
D. Fisher,27,England,72,73,Middlesbrough,2500000.0,19000.0,RB
Unai García,28,Spain,72,73,CA Osasuna,2200000.0,18000.0,CB
Filipe Ferreira,30,Portugal,72,72,Boavista FC,2000000.0,10000.0,LB
Marlon,25,Brazil,72,77,Shakhtar Donetsk,3100000.0,650.0,CB
D. Musto,34,Argentina,72,72,Club Atlético Peñarol,800000.0,850.0,CDM
R. Dugimont,35,France,72,72,AJ Auxerre,950000.0,5000.0,LM
A. Gunn,25,England,72,76,Norwich City,2600000.0,17000.0,GK
Erik,26,Brazil,72,73,Changchun Yatai FC,2800000.0,9000.0,ST
Carlos Mané,27,Portugal,72,72,Yukatel Kayserispor,2500000.0,12000.0,RW
Sandro,25,Spain,72,75,Getafe CF,3100000.0,10000.0,ST
A. Martín Arias,28,Argentina,72,74,Unión La Calera,2000000.0,2000.0,GK
J. Laurent,26,England,72,75,Reading,2800000.0,19000.0,CDM
S. Vittor,32,Argentina,72,72,Damac FC,1500000.0,14000.0,CB
Camarasa,27,Spain,72,73,Real Betis Balompié,2700000.0,16000.0,CM
Cantero,26,Spain,72,77,SD Eibar,2700000.0,7000.0,GK
Marcos Mauro,30,Argentina,72,72,Cádiz CF,1900000.0,19000.0,CB
Bruno Varela,26,Portugal,72,74,Vitória de Guimarães,2200000.0,6000.0,GK
T. Didillon,25,France,72,76,KSV Cercle Brugge,2600000.0,7000.0,GK
M. Aramu,26,Italy,72,73,Venezia FC,2800000.0,15000.0,CAM
S. Scuffet,25,Italy,72,75,APOEL Nicosia FC,2400000.0,650.0,GK
G. Tutino,24,Italy,72,77,Parma,3600000.0,21000.0,ST
G. Poblete,28,Argentina,72,72,Vélez Sarsfield,2100000.0,11000.0,CDM
J. Stacey,25,England,72,77,AFC Bournemouth,3200000.0,21000.0,RB
N. Leiva,24,Spain,72,78,CD Tenerife,3700000.0,7000.0,LM
M. Clarke,24,England,72,76,West Bromwich Albion,3000000.0,29000.0,CB
E. Crivelli,26,France,72,74,Antalyaspor,2900000.0,27000.0,ST
M. Sobottka,27,Germany,72,73,Fortuna Düsseldorf,2400000.0,16000.0,CDM
E. Thommy,26,Germany,72,72,VfB Stuttgart,2600000.0,19000.0,LM
L. Di Plácido,27,Argentina,72,73,Club Atlético Lanús,2500000.0,12000.0,RB
J. Prior,25,France,72,75,FC Cartagena,2400000.0,5000.0,GK
Sivera,24,Spain,72,78,Deportivo Alavés,3000000.0,10000.0,GK
O. Hüsing,28,Germany,72,72,1. FC Heidenheim 1846,2000000.0,17000.0,CB
L. Zingerle,27,Germany,72,73,SC Paderborn 07,2000000.0,9000.0,GK
S. Griesbeck,30,Germany,72,72,SpVgg Greuther Fürth,2000000.0,16000.0,CDM
R. Ledson,23,England,72,77,Preston North End,3200000.0,19000.0,CDM
A. Blin,24,France,72,74,Lecce,2700000.0,3000.0,CDM
Jorge Meré,24,Spain,72,77,1. FC Köln,3200000.0,15000.0,CB
F. Cristaldo,24,Argentina,72,75,Club Atlético Huracán,3200000.0,9000.0,CM
A. Briançon,26,France,72,74,Nîmes Olympique,2600000.0,6000.0,CB
R. Dickie,25,England,72,77,Queens Park Rangers,3100000.0,12000.0,CB
C. Ortiz,28,Argentina,72,72,Club Tijuana,2400000.0,18000.0,CF
N. Acevedo,32,Argentina,72,72,Godoy Cruz,1800000.0,9000.0,CM
P. Martinez,32,France,72,72,Nîmes Olympique,1500000.0,6000.0,CB
I. Rossi,27,Argentina,72,73,Clube Sport Marítimo,2400000.0,8000.0,CDM
T. Baumgartl,25,Germany,72,76,1. FC Union Berlin,2900000.0,11000.0,CB
S. Ernst,26,Germany,72,74,Hannover 96,2900000.0,20000.0,CAM
Granell,32,Spain,72,72,Club Bolívar,1600000.0,900.0,CDM
M. Schulz,26,Germany,72,77,FC Luzern,3100000.0,11000.0,CDM
D. Furlong,25,England,72,77,West Bromwich Albion,3200000.0,26000.0,RWB
Sergi Canós,24,Spain,72,76,Brentford,3400000.0,30000.0,LW
D. Martínez,31,Argentina,72,72,Rosario Central,1700000.0,12000.0,RB
L. Mancuso,29,Italy,72,72,Empoli,2300000.0,35000.0,ST
A. Lusamba,24,France,72,76,Amiens SC,3300000.0,5000.0,CM
Guilherme Sityá,31,Brazil,72,72,İttifak Holding Konyaspor,1700000.0,12000.0,LB
M. Busch,26,Germany,72,73,1. FC Heidenheim 1846,2500000.0,16000.0,RB
J. Butez,26,France,72,76,Royal Antwerp FC,2500000.0,11000.0,GK
Serginho,27,Brazil,72,72,Changchun Yatai FC,2500000.0,8000.0,RM
K. Grant,23,England,72,78,West Bromwich Albion,3700000.0,29000.0,ST
Á. González,27,Argentina,72,72,Club Atlético Lanús,2500000.0,11000.0,RW
Sabin Merino,29,Spain,72,72,CD Leganés,2300000.0,11000.0,ST
F. Sambueza,32,Argentina,72,72,Junior FC,1900000.0,3000.0,CAM
J. Laso,30,Argentina,72,72,Club Atlético Independiente,1900000.0,10000.0,CB
V. Malcorra,33,Argentina,72,72,Club Atlético Lanús,1500000.0,13000.0,LM
M. Martínez,28,Argentina,72,72,Racing Club,2000000.0,13000.0,CB
J. Laporte,27,France,72,74,FC Lorient,2500000.0,13000.0,CB
G. Prömel,26,Germany,72,74,1. FC Union Berlin,2900000.0,21000.0,CM
D. Bertaud,23,France,72,77,Montpellier Hérault SC,2800000.0,11000.0,GK
L. Görtler,27,Germany,72,73,FC St. Gallen 1879,2700000.0,9000.0,CM
Kevin,28,Spain,72,72,RC Celta de Vigo,2100000.0,16000.0,RB
Aleix García,24,Spain,72,76,Girona FC,3400000.0,8000.0,CAM
J. Berthomier,31,France,72,72,Clermont Foot 63,1900000.0,14000.0,CAM
Amilton,31,Brazil,72,72,Antalyaspor,1900000.0,13000.0,LM
A. Desmas,27,France,72,74,Clermont Foot 63,2100000.0,10000.0,GK
Sergi Guardiola,30,Spain,72,72,Rayo Vallecano,2300000.0,10000.0,ST
E. Kwateng,24,France,72,75,FC Girondins de Bordeaux,3000000.0,14000.0,RB
Sacramentinho,37,Brazil,72,72,Clube Atlético Mineiro,250000.0,11000.0,GK
Heitor Gesse,25,Brazil,72,72,Clube Atlético Mineiro,2400000.0,21000.0,LB
Túlio Changas,25,Brazil,72,72,Palmeiras,1900000.0,18000.0,GK
Alam Araújo,29,Brazil,72,72,Grêmio,2100000.0,19000.0,LB
Fabiano Sonta,29,Brazil,72,72,Fluminense,2000000.0,16000.0,CB
Ailton Valpaços,29,Brazil,72,72,São Paulo,2000000.0,24000.0,CB
Guto Milazar,29,Brazil,72,72,Flamengo,2100000.0,24000.0,LB
Sebas Couteira,21,Brazil,72,72,Club Athletico Paranaense,2800000.0,9000.0,CAM
Kauã Abranches,25,Brazil,72,72,Fortaleza,2600000.0,10000.0,CAM
Gustavo Lobateiro,21,Brazil,72,72,Internacional,2800000.0,14000.0,CAM
Evandro Rochedo,25,Brazil,72,72,Clube Atlético Mineiro,2600000.0,25000.0,ST
Santi da Bruma,25,Brazil,72,72,Bahia,2600000.0,11000.0,ST
André Milazisco,25,Brazil,72,72,São Paulo,1900000.0,18000.0,GK
Teixe Gaúcho,21,Brazil,72,72,Cuiabá,2400000.0,8000.0,CB
Alminho Boas,25,Brazil,72,72,Clube Atlético Mineiro,2300000.0,21000.0,CDM
Flávio Rebeilo,29,Brazil,72,72,Santos,2100000.0,18000.0,LB
Tony Muttinho,25,Brazil,72,72,Fortaleza,2400000.0,9000.0,RB
Durval Dutría,29,Brazil,72,72,Cuiabá,2300000.0,13000.0,CM
Deiverson Kaio,37,Brazil,72,72,Flamengo,750000.0,19000.0,CAM
Édundo Oliveira,29,Brazil,72,72,RB Bragantino,2000000.0,12000.0,CB
Vanderleiton,21,Brazil,72,72,Santos,2400000.0,12000.0,CB
Igor Madinha,25,Brazil,72,72,São Paulo,2600000.0,24000.0,RM
Pietrson Mendes,25,Brazil,72,72,Bahia,2600000.0,10000.0,CAM
Timo Triano,25,Brazil,72,72,Sport Club Corinthians Paulista,2300000.0,18000.0,CDM
Calegarcinho,37,Brazil,72,72,Sport Club Corinthians Paulista,800000.0,17000.0,ST
Pimentiscinho,21,Brazil,72,72,Juventude,2500000.0,11000.0,CDM
Vieiraldo Junior,29,Brazil,72,72,Atlético Clube Goianiense,2000000.0,10000.0,CDM
Kelivelson,25,Brazil,72,72,Ceará Sporting Club,2300000.0,9000.0,CDM
Leordinho Paes,21,Brazil,72,72,Santos,2800000.0,14000.0,CAM
Alam Basteirinho,29,Brazil,72,72,Santos,2300000.0,20000.0,CAM
Fábio Melitinho,25,Brazil,72,72,Fluminense,2600000.0,16000.0,CAM
Dersan Dinis,29,Brazil,72,72,Palmeiras,2300000.0,28000.0,RW
Jacson Zonta,25,Brazil,72,72,Juventude,2600000.0,17000.0,CAM
Hélton Celanova,29,Brazil,72,72,Internacional,2300000.0,21000.0,ST
Gérson Noalha,29,Brazil,72,72,Palmeiras,2300000.0,28000.0,ST
Jadson Vidigal,29,Brazil,72,72,Grêmio,2300000.0,23000.0,ST
Vicemte Tófoli,25,Brazil,72,72,RB Bragantino,2600000.0,13000.0,LW
Leandro Vivenço,21,Brazil,72,72,RB Bragantino,2800000.0,11000.0,ST
João Bruinheira,33,Brazil,72,72,Associação Chapecoense de Futebol,750000.0,9000.0,GK
Hugo Rubiães,25,Brazil,72,72,Fluminense,2300000.0,15000.0,CDM
Gustavo Sauer,28,Brazil,72,72,Boavista FC,2400000.0,13000.0,RW
Lyanco,24,Brazil,72,80,Southampton,4900000.0,27000.0,CB
G. Pezzella,23,Italy,72,77,Atalanta,3300000.0,17000.0,LB
J. Worrall,24,England,72,78,Nottingham Forest,3400000.0,26000.0,CB
B. Pittón,28,Argentina,72,72,San Lorenzo de Almagro,2100000.0,11000.0,LB
I. Sissoko,23,France,72,78,RC Strasbourg Alsace,3700000.0,15000.0,CM
Waldo,25,Spain,72,73,KSV Cercle Brugge,2800000.0,9000.0,LM
R. Nelson,21,England,72,81,Feyenoord,5500000.0,39000.0,RW
Joan Sastre,24,Spain,72,78,RCD Mallorca,3500000.0,14000.0,RB
S. Banza,24,France,72,75,Futebol Clube de Famalicão,3200000.0,19000.0,ST
Curro Sánchez,25,Spain,72,75,Unión Deportiva Almería,3100000.0,9000.0,RM
Álvaro Tejero,24,Spain,72,77,SD Eibar,3300000.0,7000.0,RB
J. Horn,24,Germany,72,76,1. FC Köln,3100000.0,15000.0,LB
Y. Niakaté,28,France,72,72,Al Ittihad,2400000.0,30000.0,ST
J. Serra,23,Germany,72,77,DSC Arminia Bielefeld,3600000.0,17000.0,ST
Maurício,29,Brazil,72,73,Al Batin,2200000.0,12000.0,CB
G. Carabajal,29,Argentina,72,72,Argentinos Juniors,2300000.0,11000.0,LM
C. Tarragona,30,Argentina,72,72,Vélez Sarsfield,2300000.0,12000.0,ST
Garrido,31,Spain,72,72,Cádiz CF,1600000.0,19000.0,CDM
B. Merlini,25,Argentina,72,73,Club Libertad,2800000.0,900.0,LM
M. Lovera,22,Argentina,72,78,Racing Club,3800000.0,900.0,LM
Ricky Guerreda,29,Brazil,72,72,Juventude,2100000.0,17000.0,RB
Kainho Selva,21,Brazil,72,72,Atlético Clube Goianiense,2400000.0,7000.0,CB
Caio Milaçar,25,Brazil,72,72,Ceará Sporting Club,2600000.0,10000.0,CAM
Lucas Fernandes,23,Brazil,72,81,Portimonense SC,5000000.0,6000.0,CAM
L. Travis,23,England,72,80,Blackburn Rovers,4900000.0,24000.0,CDM
Lourency,25,Brazil,72,75,Göztepe SK,3100000.0,12000.0,LW
J. Eggestein,23,Germany,72,78,Royal Antwerp FC,3700000.0,15000.0,ST
J. Lefort,27,France,72,72,BSC Young Boys,2300000.0,12000.0,LB
Jota,22,Portugal,72,83,Celtic,5500000.0,9000.0,RM
Luan Peres,26,Brazil,72,75,Olympique de Marseille,2700000.0,23000.0,CB
M. Leitsch,23,Germany,72,78,VfL Bochum 1848,3400000.0,14000.0,CB
M. D'Arpino,25,France,72,77,KV Oostende,3100000.0,9000.0,CDM
Pedrinho,28,Portugal,72,72,Gil Vicente FC,2400000.0,9000.0,CAM
Y. Salmier,28,France,72,73,ESTAC Troyes,2200000.0,13000.0,CB
F. Depaoli,24,Italy,72,77,U.C. Sampdoria,3500000.0,12000.0,RM
P. Burner,25,France,72,74,Nîmes Olympique,2700000.0,5000.0,RB
Dani Cárdenas,24,Spain,72,80,Levante Unión Deportiva,4500000.0,12000.0,GK
Marc Cardona,25,Spain,72,74,Go Ahead Eagles,3000000.0,20000.0,ST
Pedro Díaz,23,Spain,72,80,Real Sporting de Gijón,4900000.0,7000.0,CDM
Artur Jorge,26,Portugal,72,75,Moreirense FC,2700000.0,10000.0,CB
L. Fomba,23,France,72,78,Nîmes Olympique,3400000.0,5000.0,CDM
S. Longstaff,23,England,72,79,Newcastle United,4700000.0,23000.0,CM
G. Berterame,22,Argentina,72,82,Club Atlético de San Luis,5500000.0,11000.0,LM
P. Förster,26,Germany,72,73,VfB Stuttgart,2800000.0,19000.0,CAM
R. Petretta,24,Italy,72,79,FC Basel 1893,4500000.0,9000.0,LB
C. O'Hare,23,England,72,79,Coventry City,4700000.0,15000.0,CAM
E. Owusu,23,France,72,77,KAA Gent,3200000.0,13000.0,CDM
Fernando Fonseca,24,Portugal,72,76,FC Paços de Ferreira,3100000.0,7000.0,RB
D. Srbeny,27,Germany,72,72,SC Paderborn 07,2500000.0,14000.0,ST
N. Cozza,22,France,72,80,Montpellier Hérault SC,4900000.0,14000.0,CB
Carlitos,31,Spain,72,72,Panathinaikos FC,2000000.0,750.0,ST
A. Gravillon,23,France,72,77,Stade de Reims,3200000.0,42000.0,CB
Tete Morente,24,Spain,72,78,Elche CF,3700000.0,13000.0,RM
Bebeto,31,Brazil,72,72,CD Tondela,1700000.0,6000.0,RB
Pêpê,24,Portugal,72,77,Futebol Clube de Famalicão,3200000.0,800.0,CDM
T. Augello,26,Italy,72,73,U.C. Sampdoria,2500000.0,13000.0,LB
J. García,28,Argentina,72,72,Unión de Santa Fe,2400000.0,12000.0,ST
M. Payero,22,Argentina,72,81,Middlesbrough,5000000.0,18000.0,CM
L. Heredia,25,Argentina,72,75,Atlético Tucumán,3100000.0,9000.0,RM
F. Garcés,21,Argentina,72,79,Club Atlético Colón,4400000.0,7000.0,CB
T. Belmonte,23,Argentina,72,81,Club Atlético Lanús,5000000.0,11000.0,CM
M. Sagnan,22,France,72,81,CD Tondela,4900000.0,17000.0,CB
Tiago Sá,26,Portugal,72,77,SC Braga,2700000.0,8000.0,GK
Douglas,33,Brazil,72,72,Vissel Kobe,1500000.0,9000.0,ST
C. Rotondi,24,Argentina,72,75,Defensa y Justicia,3200000.0,10000.0,LM
Klauss,24,Brazil,72,77,Standard de Liège,3600000.0,22000.0,ST
K. Schlotterbeck,24,Germany,72,76,Sport-Club Freiburg,3000000.0,15000.0,CB
A. Fein,22,Germany,72,79,SpVgg Greuther Fürth,4500000.0,33000.0,CDM
G. Galoppo,22,Argentina,72,82,Club Atlético Banfield,5000000.0,10000.0,CM
Javi Sánchez,24,Spain,72,81,Real Valladolid CF,4900000.0,7000.0,CB
Víctor Gómez,21,Spain,72,82,Málaga CF,5000000.0,9000.0,RB
I. Aliseda,21,Argentina,72,82,Chicago Fire Football Club,5500000.0,5000.0,LM
Óscar Gil,23,Spain,72,81,RCD Espanyol de Barcelona,5000000.0,11000.0,RB
A. Urzi,21,Argentina,72,83,Club Atlético Banfield,5500000.0,9000.0,LM
Fran García,21,Spain,72,83,Rayo Vallecano,5000000.0,10000.0,LB
Fidalgo,24,Spain,72,78,Club América,3700000.0,27000.0,LM
A. Bamba,27,France,72,72,Amiens SC,2500000.0,18000.0,RM
Tuta,21,Brazil,72,81,Eintracht Frankfurt,4900000.0,13000.0,CB
Edgar,24,Spain,72,79,Real Betis Balompié,4400000.0,13000.0,CDM
Jaime Seoane,24,Spain,72,79,SD Huesca,4700000.0,8000.0,CM
J. Dina Ebimbe,20,France,72,80,Paris Saint-Germain,5000000.0,33000.0,CM
F. Torrent,29,Argentina,72,72,Rosario Central,2100000.0,12000.0,RB
J. Soraire,32,Argentina,72,72,Club Atlético Central Córdoba,1800000.0,11000.0,CM
M. Meyerhöfer,25,Germany,72,75,SpVgg Greuther Fürth,2900000.0,15000.0,RB
Gregore,27,Brazil,72,73,Inter Miami CF,2400000.0,6000.0,CDM
Mateus Pasinato,29,Brazil,72,72,Moreirense FC,1600000.0,8000.0,GK
Douglas Augusto,24,Brazil,72,76,PAOK,3300000.0,900.0,CM
Luquinha,20,Brazil,72,82,Portimonense SC,5000000.0,5000.0,CAM
Romário Baró,21,Portugal,72,82,Estoril Praia,5500000.0,7000.0,RM
M. Brizuela,24,Argentina,72,76,Vélez Sarsfield,3000000.0,9000.0,CB
Antonio Sánchez,24,Spain,72,78,RCD Mallorca,3700000.0,16000.0,CAM
L. Morales,21,Argentina,72,85,Club Atlético Lanús,5000000.0,6000.0,GK
R. Schunke,29,Argentina,72,73,Independiente del Valle,2200000.0,850.0,CB
M. Bard,20,France,72,82,OGC Nice,4900000.0,14000.0,LB
Marcos Paulo,20,Portugal,72,84,Futebol Clube de Famalicão,5500000.0,23000.0,LM
F. Farías,18,Argentina,72,84,Club Atlético Colón,5500000.0,5000.0,ST
Gonçalo Ramos,20,Portugal,72,86,SL Benfica,5500000.0,8000.0,CF
Fábio Vieira,21,Portugal,72,85,FC Porto,6000000.0,7000.0,CAM
Bruno Fuchs,22,Brazil,72,82,PFC CSKA Moscow,4900000.0,23000.0,CB
Zarraga,22,Spain,72,81,Athletic Club de Bilbao,5000000.0,16000.0,CM
M. Lovato,21,Italy,72,81,Atalanta,4900000.0,20000.0,CB
E. Green,20,England,72,81,AS Saint-Étienne,4400000.0,11000.0,GK
Yuri,38,Brazil,71,71,SD Ponferradina,650000.0,5000.0,ST
N. Penneteau,40,France,71,71,Stade de Reims,210000.0,7000.0,GK
Riesgo,37,Spain,71,71,CD Leganés,210000.0,4000.0,GK
Angulo,37,Spain,71,71,Mumbai City FC,650000.0,2000.0,ST
L. Ponzio,39,Argentina,71,71,River Plate,375000.0,7000.0,CDM
M. Barovero,37,Argentina,71,71,Club Atlético de San Luis,210000.0,5000.0,GK
J. Bottinelli,36,Argentina,71,71,Arsenal de Sarandí,325000.0,5000.0,CB
J. Dátolo,37,Argentina,71,71,Club Atlético Banfield,600000.0,8000.0,CAM
F. Belluschi,37,Argentina,71,71,Newell's Old Boys,600000.0,8000.0,CM
L. Pocrnjic,39,Argentina,71,71,Club Atlético Aldosivi,210000.0,4000.0,GK
Luíz Carlos,35,Brazil,71,71,FC Paços de Ferreira,750000.0,6000.0,CM
Juanma,38,Spain,71,71,CF Fuenlabrada,325000.0,4000.0,CB
P. Tschauner,35,Germany,71,71,RB Leipzig,210000.0,18000.0,GK
Rolando,35,Portugal,71,71,SC Braga,500000.0,6000.0,CB
B. Wright-Phillips,36,England,71,71,Columbus Crew,650000.0,5000.0,ST
G. Paletta,35,Italy,71,71,AC Monza,500000.0,2000.0,CB
F. Higuaín,36,Argentina,71,71,Inter Miami CF,600000.0,4000.0,CAM
J. Moulin,35,France,71,71,ESTAC Troyes,210000.0,6000.0,GK
A. Barillà,33,Italy,71,71,AC Monza,1200000.0,4000.0,CM
M. Torrén,32,Argentina,71,71,Argentinos Juniors,1200000.0,9000.0,CB
Bojan,30,Spain,71,71,Vissel Kobe,1800000.0,7000.0,CAM
N. Bertolo,35,Argentina,71,71,Platense,775000.0,7000.0,LM
J. García,34,Argentina,71,71,Boca Juniors,325000.0,8000.0,GK
Bracali,40,Brazil,71,71,Boavista FC,210000.0,5000.0,GK
Edgar,34,Brazil,71,71,Daegu FC,900000.0,7000.0,ST
J. Hogg,32,England,71,71,Huddersfield Town,1200000.0,7000.0,CDM
N. Theuerkauf,34,Germany,71,71,1. FC Heidenheim 1846,700000.0,14000.0,LB
J. Faussurier,34,France,71,71,Stade Brestois 29,700000.0,11000.0,RB
Mikel San José,32,Spain,71,71,SD Amorebieta,1500000.0,6000.0,CM
Dentinho,32,Brazil,71,71,Shakhtar Donetsk,1500000.0,750.0,ST
K. Naughton,32,England,71,71,Swansea City,1300000.0,17000.0,RWB
Raúl Fernández,33,Spain,71,71,Unión Deportiva Las Palmas,600000.0,5000.0,GK
Sandro Manoel,32,Brazil,71,71,Al Taawoun,1200000.0,15000.0,CDM
L. Holtby,30,Germany,71,71,Holstein Kiel,1800000.0,16000.0,CM
P. Schiattarella,34,Italy,71,71,Parma,875000.0,19000.0,CM
M. Morrison,33,England,71,71,Reading,900000.0,17000.0,CB
M. Schmelzer,33,Germany,71,71,Borussia Dortmund,975000.0,27000.0,LB
B. Oczipka,32,Germany,71,71,1. FC Union Berlin,1300000.0,17000.0,LB
M. Schäffler,32,Germany,71,71,1. FC Nürnberg,1500000.0,10000.0,ST
Alcalá,32,Spain,71,71,FC Cartagena,1200000.0,5000.0,CB
Quique,31,Spain,71,71,SD Eibar,1600000.0,9000.0,ST
Y. Salibur,30,France,71,71,Fatih Karagümrük S.K.,1800000.0,10000.0,RM
Hugo Fraile,34,Spain,71,71,AD Alcorcón,875000.0,7000.0,RM
J. Bennett,31,England,71,71,Wigan Athletic,1400000.0,4000.0,LB
H. Dean,29,England,71,71,Birmingham City,1600000.0,14000.0,CB
L. Orbán,32,Argentina,71,71,Racing Club,1200000.0,11000.0,CB
Rafael,31,Brazil,71,71,Reading,1000000.0,14000.0,GK
M. Stiepermann,30,Germany,71,71,SC Paderborn 07,1800000.0,11000.0,CAM
M. Zimmermann,29,Germany,71,71,Fortuna Düsseldorf,1600000.0,15000.0,RB
M. Barthelmé,32,France,71,71,En Avant de Guingamp,1500000.0,7000.0,LM
Escassi,32,Spain,71,71,Málaga CF,1200000.0,6000.0,CDM
A. Forshaw,29,England,71,71,Leeds United,1800000.0,44000.0,CM
B. Maubleu,31,France,71,71,Grenoble Foot 38,1000000.0,4000.0,GK
Ignasi Miquel,28,Spain,71,72,SD Huesca,1800000.0,16000.0,CB
Arribas,32,Spain,71,71,Real Oviedo,1200000.0,7000.0,CB
A. Ragusa,31,Italy,71,71,Hellas Verona,1600000.0,18000.0,RW
F. Jara,32,Argentina,71,71,FC Dallas,1500000.0,6000.0,ST
Guitián,30,Spain,71,71,Club Bolívar,1500000.0,800.0,CB
D. Drexler,31,Germany,71,71,FC Schalke 04,1600000.0,9000.0,CAM
S. Romagnoli,31,Italy,71,71,Empoli,1300000.0,25000.0,CB
Luna,30,Spain,71,71,FC Cartagena,1600000.0,5000.0,LB
D. Appiah,29,France,71,71,FC Nantes,1600000.0,15000.0,RB
T. Kempe,32,Germany,71,71,SV Darmstadt 98,1500000.0,10000.0,CAM
L. González Pirez,29,Argentina,71,71,Inter Miami CF,1600000.0,6000.0,CB
L. Caldirola,30,Italy,71,71,AC Monza,1500000.0,3000.0,CB
G. Burdisso,32,Argentina,71,71,Club Atlético Lanús,1200000.0,10000.0,CB
J. Clarke-Harris,26,England,71,72,Peterborough United,2200000.0,11000.0,ST
Marafona,34,Portugal,71,71,Aytemiz Alanyaspor,325000.0,7000.0,GK
C. Nelson,28,England,71,73,Cardiff City,1900000.0,21000.0,CB
M. Leitner,28,Germany,71,71,FC Zürich,1900000.0,13000.0,CM
F. Ogier,32,France,71,71,Clermont Foot 63,1200000.0,11000.0,CB
L. Carole,30,France,71,71,Yukatel Kayserispor,1600000.0,9000.0,LB
T. Barkhuizen,27,England,71,71,Preston North End,2000000.0,22000.0,RM
Juankar,31,Spain,71,71,Panathinaikos FC,1400000.0,550.0,LB
N. Benezet,30,France,71,71,Seattle Sounders FC,1800000.0,6000.0,LM
J. Geis,27,Germany,71,71,1. FC Nürnberg,1800000.0,8000.0,CDM
A. Flint,31,England,71,71,Cardiff City,1300000.0,20000.0,CB
David Juncà,27,Spain,71,72,Girona FC,2000000.0,8000.0,LB
Jesé,28,Spain,71,71,Unión Deportiva Las Palmas,1900000.0,8000.0,ST
Abdón Prats,28,Spain,71,71,RCD Mallorca,1900000.0,18000.0,ST
N. Byrne,29,England,71,71,Derby County,1600000.0,10000.0,RB
T. Monconduit,30,France,71,71,FC Lorient,1600000.0,11000.0,CDM
M. Franke,28,Germany,71,71,Hannover 96,1600000.0,17000.0,CB
S. Ameobi,29,England,71,71,Middlesbrough,1800000.0,19000.0,RM
F. Hübner,30,Germany,71,71,1. FC Nürnberg,1500000.0,8000.0,CB
T. Smith,29,England,71,71,Stoke City,1600000.0,18000.0,RWB
A. Knockaert,29,France,71,71,Fulham,1800000.0,34000.0,RM
A. Reach,28,England,71,71,West Bromwich Albion,1700000.0,25000.0,LWB
M. Bettinelli,29,England,71,73,Chelsea,1600000.0,40000.0,GK
J. Ralls,27,England,71,72,Cardiff City,2100000.0,22000.0,CM
Joãozinho,31,Portugal,71,71,Estoril Praia,1400000.0,5000.0,LB
Salvador Agra,29,Portugal,71,71,CD Tondela,1800000.0,6000.0,LW
T. Leistner,30,Germany,71,71,Sint-Truidense VV,1500000.0,9000.0,CB
M. Pigliacelli,28,Italy,71,71,Universitatea Craiova,1300000.0,8000.0,GK
P. Terracciano,31,Italy,71,71,Fiorentina,1000000.0,22000.0,GK
C. Woodrow,26,England,71,73,Barnsley,2400000.0,29000.0,ST
H. Toffolo,25,England,71,74,Huddersfield Town,2300000.0,7000.0,LWB
H. Canteros,32,Argentina,71,71,Patronato,1500000.0,10000.0,CAM
S. Sabelli,28,Italy,71,71,Genoa,1700000.0,11000.0,RB
Insua,27,Spain,71,73,SD Huesca,2000000.0,8000.0,CB
Paulinho,26,Brazil,71,72,Shanghai Port FC,2200000.0,15000.0,CM
Pedro Henrique,31,Brazil,71,71,Demir Grup Sivasspor,1600000.0,12000.0,LM
D. Bain,27,France,71,73,Stade Brestois 29,2000000.0,11000.0,CB
F. Holland,30,Germany,71,71,SV Darmstadt 98,1600000.0,10000.0,LB
Dani Barrio,34,Spain,71,71,Málaga CF,325000.0,5000.0,GK
D. Blum,30,Germany,71,71,VfL Bochum 1848,1800000.0,15000.0,RM
Q. Bernard,31,France,71,71,AJ Auxerre,1400000.0,5000.0,LB
Antônio Carlos,28,Brazil,71,72,Orlando City Soccer Club,1800000.0,6000.0,CB
Eugeni,26,Spain,71,72,FC Arouca,2200000.0,6000.0,CM
Carlinhos,27,Brazil,71,72,Portimonense SC,2200000.0,6000.0,CAM
M. Schuhen,28,Germany,71,74,SV Darmstadt 98,1700000.0,8000.0,GK
Jozabed,30,Spain,71,71,Málaga CF,1800000.0,7000.0,CM
P. De Blasis,33,Argentina,71,71,FC Cartagena,1200000.0,6000.0,LM
Paulinho,29,Portugal,71,71,Moreirense FC,1600000.0,9000.0,RB
L. Magallán,27,Argentina,71,72,RSC Anderlecht,1900000.0,9000.0,CB
J. Gómez,31,Argentina,71,71,Argentinos Juniors,1600000.0,9000.0,CAM
F. Barba,27,Italy,71,72,Benevento,1900000.0,11000.0,CB
Tiago Rodrigues,29,Portugal,71,71,Al Hazem,1800000.0,15000.0,CAM
Cassiano,32,Brazil,71,71,FC Vizela,1500000.0,5000.0,ST
Alex Muñoz,26,Spain,71,72,CD Tenerife,2000000.0,6000.0,LB
J. Gondorf,33,Germany,71,71,Karlsruher SC,1200000.0,10000.0,CM
D. Heuer Fernandes,28,Portugal,71,71,Hamburger SV,1300000.0,8000.0,GK
Tiago Silva,28,Portugal,71,71,Vitória de Guimarães,1900000.0,8000.0,CM
D. Selke,26,Germany,71,73,Hertha BSC,2400000.0,28000.0,ST
J. Cabot,27,France,71,71,Angers SCO,2000000.0,15000.0,RM
Lucas Souza,31,Brazil,71,71,APOEL Nicosia FC,1300000.0,800.0,CDM
R. Walter,26,France,71,74,Sporting Kansas City,2400000.0,6000.0,CM
Ismael,26,Brazil,71,73,Al Faisaly,2300000.0,11000.0,CM
C. Akpom,25,England,71,75,PAOK,2600000.0,950.0,ST
Aketxe,27,Spain,71,71,SD Eibar,2000000.0,8000.0,RM
F. Forte,28,Italy,71,71,Venezia FC,1900000.0,15000.0,ST
N. Freire,27,Argentina,71,72,Club Universidad Nacional,1900000.0,9000.0,CB
N. Pasquini,30,Argentina,71,71,Estudiantes de La Plata,1600000.0,10000.0,LB
B. Bianchi,32,Argentina,71,71,Club Atlético Colón,1200000.0,9000.0,CB
G. Ortíz,28,Argentina,71,72,Godoy Cruz,1800000.0,7000.0,CB
L. Desábato,31,Argentina,71,71,Rosario Central,1300000.0,10000.0,CDM
C. Rius,32,Argentina,71,71,Atlético Tucumán,1500000.0,8000.0,RM
G. Peruzzi,29,Argentina,71,71,San Lorenzo de Almagro,1600000.0,9000.0,RB
F. Márquez,33,Argentina,71,71,Unión de Santa Fe,1200000.0,10000.0,ST
G. Carrillo,30,Argentina,71,71,Elche CF,1800000.0,14000.0,ST
G. Honeyman,26,England,71,72,Hull City,2200000.0,10000.0,CM
R. Framberger,25,Germany,71,74,FC Augsburg,2300000.0,14000.0,RB
Wallace,26,Brazil,71,73,Yeni Malatyaspor,2000000.0,9000.0,CB
Jubal,27,Brazil,71,73,AJ Auxerre,2000000.0,5000.0,CB
Henrique,27,Brazil,71,72,Olympique Lyonnais,2000000.0,30000.0,LB
O. Ntcham,25,France,71,76,Swansea City,2700000.0,18000.0,CM
R. Carrera,27,Argentina,71,71,Atlético Tucumán,2000000.0,8000.0,RM
Dani Calvo,27,Spain,71,74,Real Oviedo,2100000.0,7000.0,CB
Pedro Tiba,32,Portugal,71,71,Lech Poznań,1500000.0,7000.0,CM
J. Fernández,26,Argentina,71,76,Newell's Old Boys,2500000.0,9000.0,CDM
Rober Ibáñez,28,Spain,71,71,CA Osasuna,1900000.0,17000.0,RM
Saúl,26,Spain,71,74,Deportivo Alavés,2300000.0,14000.0,LB
Chema Rodríguez,29,Spain,71,72,Getafe CF,1700000.0,16000.0,CB
D. Phillips,26,England,71,74,Cardiff City,1900000.0,16000.0,GK
Fabrício Baiano,29,Brazil,71,71,Çaykur Rizespor,1600000.0,10000.0,CDM
J. Cristaldo,32,Argentina,71,71,Newell's Old Boys,1500000.0,13000.0,ST
F. Mattiello,25,Italy,71,72,Atalanta,2200000.0,25000.0,RM
A. Barreca,26,Italy,71,73,Lecce,2100000.0,3000.0,LWB
L. Venuti,26,Italy,71,74,Fiorentina,2300000.0,27000.0,RWB
L. Palmiero,25,Italy,71,76,Napoli,2700000.0,31000.0,CM
S. Luperto,24,Italy,71,77,Empoli,2700000.0,26000.0,CB
V. Vada,25,Argentina,71,74,Real Zaragoza,2500000.0,7000.0,LM
E. Torregrossa,29,Italy,71,71,U.C. Sampdoria,1900000.0,14000.0,ST
J. Lolley,28,England,71,71,Nottingham Forest,1900000.0,31000.0,RM
Fernando Karanga,30,Brazil,71,71,Henan Songshan Longmen FC,1800000.0,11000.0,ST
P. Roberts,24,England,71,76,ESTAC Troyes,2800000.0,51000.0,RM
Y. Cabral,29,Argentina,71,72,Atlético Tucumán,1700000.0,8000.0,CB
Ivi López,27,Spain,71,72,Raków Częstochowa,2200000.0,7000.0,CF
Iván Villar,23,Spain,71,78,CD Leganés,3200000.0,9000.0,GK
Y. Asad,26,Argentina,71,71,D.C. United,2000000.0,6000.0,LM
J. Hergault,35,France,71,71,FC Lorient,575000.0,8000.0,RB
Samu,25,Portugal,71,74,FC Vizela,2500000.0,4000.0,LM
E. Cecchini,24,Argentina,71,78,Gimnasia y Esgrima La Plata,3500000.0,9000.0,CDM
E. Goldaniga,27,Italy,71,72,U.S. Sassuolo Calcio,1900000.0,18000.0,CB
R. Bauer,26,Germany,71,74,Sint-Truidense VV,2300000.0,9000.0,RB
L. Ramos,31,Argentina,71,71,Club Bolívar,1600000.0,950.0,ST
M. Schwäbe,26,Germany,71,75,1. FC Köln,2000000.0,13000.0,GK
Jesús Imaz,30,Spain,71,71,Jagiellonia Białystok,1800000.0,8000.0,CF
Y. Barbet,28,France,71,72,Queens Park Rangers,1800000.0,12000.0,CB
M. Bani,27,Italy,71,72,Genoa,1900000.0,10000.0,CB
J. Pollersbeck,26,Germany,71,75,Olympique Lyonnais,2000000.0,25000.0,GK
V. Salazar,28,Argentina,71,71,Club Olimpia,1700000.0,850.0,RB
Jairo,27,Spain,71,71,Girona FC,2000000.0,8000.0,LM
N. Fernández,25,Argentina,71,76,San Lorenzo de Almagro,2800000.0,10000.0,ST
T. Valls,25,France,71,75,Servette FC,2600000.0,12000.0,CM
A. Bobichon,25,France,71,72,Angers SCO,2200000.0,14000.0,LM
F. Miguel,24,France,71,75,SD Huesca,2400000.0,7000.0,CB
K. Dowell,23,England,71,76,Norwich City,2800000.0,19000.0,CAM
Sergio Santos,26,Brazil,71,72,Philadelphia Union,2200000.0,6000.0,ST
F. Soldano,26,Argentina,71,72,CF Fuenlabrada,2200000.0,1000.0,ST
A. Batalla,25,Argentina,71,76,San Lorenzo de Almagro,2200000.0,7000.0,GK
Samuel Portugal,27,Brazil,71,75,Portimonense SC,2000000.0,5000.0,GK
A. Rinomhota,24,England,71,76,Reading,2600000.0,14000.0,CDM
Francisco Geraldes,26,Portugal,71,74,Estoril Praia,2400000.0,6000.0,CAM
E. Remedi,26,Argentina,71,74,San Jose Earthquakes,2200000.0,5000.0,CDM
K. N'Doram,25,France,71,76,FC Metz,2500000.0,11000.0,CDM
Dalbert,27,Brazil,71,71,Cagliari,2000000.0,47000.0,LM
Thiago Santana,28,Brazil,71,71,Shimizu S-Pulse,1900000.0,4000.0,ST
Unai Bilbao,27,Spain,71,74,Club Atlético de San Luis,2100000.0,10000.0,CB
Marco Baixinho,31,Portugal,71,71,FC Paços de Ferreira,1300000.0,7000.0,CB
T. Cardona,25,Argentina,71,76,Defensa y Justicia,2500000.0,9000.0,CB
Gerard Valentín,27,Spain,71,71,CD Lugo,2000000.0,6000.0,RM
J. Duverne,23,France,71,76,Stade Brestois 29,2600000.0,10000.0,CB
Eduardo Henrique,26,Brazil,71,74,Al Raed,2400000.0,9000.0,CM
Vanderlei Cõembra,21,Brazil,71,71,Cuiabá,2000000.0,7000.0,RB
Alex das Freitas,21,Brazil,71,71,Associação Chapecoense de Futebol,2000000.0,7000.0,CDM
Antonaldo Vaz,21,Brazil,71,71,Palmeiras,2000000.0,15000.0,LB
Clayton Fildeiras,25,Brazil,71,71,Associação Chapecoense de Futebol,2100000.0,11000.0,CAM
Carleto Costinha,29,Brazil,71,71,Fluminense,1800000.0,16000.0,CAM
Mauro Riboas,29,Brazil,71,71,RB Bragantino,1800000.0,12000.0,CAM
Thiago Alminxa,29,Brazil,71,71,RB Bragantino,1900000.0,13000.0,ST
Walter Silvieiro,29,Brazil,71,71,Atlético Clube Goianiense,1900000.0,11000.0,ST
Josué da Feira,29,Brazil,71,71,Juventude,1900000.0,17000.0,ST
Ailton Cardenhas,21,Brazil,71,71,Santos,1600000.0,8000.0,GK
Marcelinho Moraisco,33,Brazil,71,71,Sport Club Corinthians Paulista,900000.0,16000.0,CB
Wiliam Santinho,25,Brazil,71,74,Fluminense,1900000.0,10000.0,GK
Wagner Orsinho,21,Brazil,71,71,Fluminense,2000000.0,10000.0,LB
Luisinho Conradi,21,Brazil,71,71,Fortaleza,2000000.0,6000.0,LB
Edsinho Torres,25,Brazil,71,71,Atlético Clube Goianiense,1900000.0,8000.0,LB
Germano Monico,33,Brazil,71,71,Sport Club Corinthians Paulista,1200000.0,18000.0,CM
Daguinho Parrela,25,Brazil,71,71,Internacional,1900000.0,15000.0,RB
Bernardo Motinho,29,Brazil,71,71,Fortaleza,1600000.0,9000.0,RB
Alexandre Frandeira,21,Brazil,71,71,Atlético Clube Goianiense,1900000.0,6000.0,CB
Dinei Peixo,25,Brazil,71,71,Sport Club Corinthians Paulista,2100000.0,19000.0,RW
Pedrildo Rocha,29,Brazil,71,71,Sport Club Corinthians Paulista,1800000.0,20000.0,LW
Macarinho Louro,21,Brazil,71,71,Bahia,2200000.0,8000.0,LW
Jairão Zezé,21,Brazil,71,71,Atlético Clube Goianiense,2200000.0,7000.0,CAM
Jessé Ledeiro,21,Brazil,71,71,RB Bragantino,2200000.0,8000.0,CAM
Raphael Paneira,21,Brazil,71,71,Grêmio,2200000.0,13000.0,CAM
Gus Outomouro,25,Brazil,71,71,Internacional,2100000.0,17000.0,ST
Paulão Junqueiras,21,Brazil,71,71,Grêmio,2200000.0,15000.0,ST
Rafanilton Vilela,33,Brazil,71,71,São Paulo,1200000.0,24000.0,ST
Jesiel,27,Brazil,71,73,Kawasaki Frontale,2000000.0,8000.0,CB
Pepelu,22,Spain,71,82,Levante Unión Deportiva,4000000.0,13000.0,CDM
Juninho,26,Brazil,71,76,FC Midtjylland,2400000.0,16000.0,CB
A. Hack,27,Germany,71,72,1. FSV Mainz 05,1900000.0,14000.0,CB
J. Gélin,24,France,71,77,Stade Rennais FC,2700000.0,20000.0,CB
J. Elías,25,Argentina,71,74,San Lorenzo de Almagro,2500000.0,9000.0,CM
João Carvalho,24,Portugal,71,77,Nottingham Forest,3000000.0,26000.0,CAM
Miguelón,25,Spain,71,75,RCD Espanyol de Barcelona,2400000.0,11000.0,RB
A. Bouzat,27,Argentina,71,71,Vélez Sarsfield,2000000.0,11000.0,RW
Judson,28,Brazil,71,71,San Jose Earthquakes,1600000.0,6000.0,CDM
Guilherme Parede,25,Brazil,71,74,Club Atlético Talleres,2500000.0,10000.0,RM
N. Silva,31,Argentina,71,71,Club Atlético Huracán,1600000.0,9000.0,LM
G. Acosta,32,Argentina,71,71,Atlético Tucumán,1500000.0,8000.0,CM
J. Dasilva,23,England,71,78,Bristol City,3600000.0,17000.0,LB
Mateus,26,Brazil,71,71,Nagoya Grampus,2000000.0,5000.0,RM
I. Ugbo,22,England,71,78,KRC Genk,3800000.0,10000.0,ST
F. Troyansky,24,Argentina,71,76,Club Atlas,2900000.0,9000.0,ST
K. Mac Allister,23,Argentina,71,80,Argentinos Juniors,4000000.0,7000.0,LB
Jon Bautista,25,Spain,71,74,CD Leganés,2500000.0,19000.0,ST
M. Barbieri,27,Argentina,71,73,Deportivo Toluca,2000000.0,13000.0,CB
Felipe Vizeu,24,Brazil,71,75,Yokohama FC,2700000.0,11000.0,ST
S. Grandsir,24,France,71,74,LA Galaxy,2600000.0,5000.0,LM
Ronaldo Vieira,22,England,71,79,U.C. Sampdoria,4000000.0,10000.0,CDM
Nathael Silbeira,25,Brazil,71,71,Grêmio,1500000.0,12000.0,GK
Eduardo Fonseira,21,Brazil,71,71,Sport Club Corinthians Paulista,1600000.0,9000.0,GK
Jony Reitosa,29,Brazil,71,71,Ceará Sporting Club,1600000.0,9000.0,RB
Rômulo Calsede,21,Brazil,71,71,São Paulo,2200000.0,18000.0,ST
Lluís López,24,Spain,71,77,Real Zaragoza,2700000.0,6000.0,CB
C. Styles,21,England,71,80,Barnsley,4000000.0,17000.0,LWB
M. Maolida,22,France,71,76,Hertha BSC,2900000.0,22000.0,LM
T. Hübers,24,Germany,71,75,1. FC Köln,2400000.0,13000.0,CB
Jair Amador,31,Portugal,71,71,Real Zaragoza,1300000.0,7000.0,CB
A. Bernede,22,France,71,78,FC Red Bull Salzburg,3600000.0,13000.0,CDM
L. Höler,26,Germany,71,72,Sport-Club Freiburg,2200000.0,18000.0,ST
Jean,25,Brazil,71,75,Club Cerro Porteño,2000000.0,500.0,GK
Domingos Quina,21,Portugal,71,81,Fulham,4200000.0,23000.0,CAM
Alex Pozo,22,Spain,71,81,Unión Deportiva Almería,4000000.0,13000.0,RB
M. Gibbs-White,21,England,71,81,Sheffield United,4200000.0,31000.0,CAM
N. Ibáñez,26,Argentina,71,72,Pachuca,2200000.0,13000.0,ST
Jean,26,Brazil,71,75,Gil Vicente FC,2300000.0,7000.0,CDM
Y. Valery,22,France,71,79,Southampton,4000000.0,24000.0,RB
G. Maggiore,23,Italy,71,75,Spezia,2700000.0,10000.0,CM
P. Hamel,27,France,71,72,Clermont Foot 63,2200000.0,14000.0,ST
Luis Muñoz,24,Spain,71,78,Málaga CF,3700000.0,6000.0,CM
Z. Youssouf,21,France,71,77,AS Saint-Étienne,3000000.0,14000.0,CM
G. Weissbeck,24,France,71,78,FC Sochaux-Montbéliard,3800000.0,5000.0,CAM
Yuri Ribeiro,24,Portugal,71,76,Legia Warszawa,2600000.0,6000.0,LWB
G. Blanco Leschuk,29,Argentina,71,71,SD Eibar,1900000.0,13000.0,ST
K. Dewsbury-Hall,22,England,71,79,Leicester City,4200000.0,42000.0,CM
Jorge Cuenca,21,Spain,71,82,Getafe CF,3900000.0,12000.0,CB
J. Elliott,25,England,71,74,Philadelphia Union,2200000.0,5000.0,CB
E. Löwen,24,Germany,71,76,VfL Bochum 1848,2800000.0,22000.0,CM
C. Zimmermann,28,Germany,71,71,Norwich City,1600000.0,21000.0,CB
R. Hack,22,Germany,71,80,DSC Arminia Bielefeld,4200000.0,14000.0,CAM
Jordi Mboula,22,Spain,71,80,RCD Mallorca,4200000.0,14000.0,RM
Hélder Ferreira,24,Portugal,71,77,FC Paços de Ferreira,3000000.0,7000.0,RW
J. Álvarez,25,Argentina,71,74,Club Atlético Banfield,2500000.0,10000.0,RM
R. Aabid,29,France,71,71,Yeni Malatyaspor,1600000.0,10000.0,CDM
G. Vicario,24,Italy,71,77,Empoli,2400000.0,12000.0,GK
Brenner,21,Brazil,71,81,FC Cincinnati,4200000.0,5000.0,ST
A. Gomes,20,England,71,81,LOSC Lille,4100000.0,15000.0,LM
E. Vignato,20,Italy,71,82,Bologna,4100000.0,14000.0,CAM
T. Mitchell,21,England,71,79,Crystal Palace,4000000.0,20000.0,LB
M. Melluso,23,Argentina,71,79,Gimnasia y Esgrima La Plata,4000000.0,9000.0,LB
Dani Martín,22,Spain,71,79,Málaga CF,3600000.0,9000.0,GK
H. De La Fuente,24,Argentina,71,75,Futebol Clube de Famalicão,2500000.0,5000.0,RB
S. Barreto,22,Argentina,71,78,Club Atlético Independiente,3500000.0,8000.0,CB
A. Lotti,25,Argentina,71,76,Atlético Tucumán,2800000.0,9000.0,ST
Jorge Fernandes,24,Portugal,71,78,Vitória de Guimarães,3500000.0,6000.0,CB
J. Vagnoman,20,Germany,71,82,Hamburger SV,3900000.0,7000.0,RB
H. Marcelin,21,France,71,79,AS Monaco,3900000.0,18000.0,CB
Alberto Soro,22,Spain,71,81,Granada CF,4200000.0,13000.0,RM
Rafael Camacho,21,Portugal,71,80,Belenenses SAD,4200000.0,7000.0,RW
Mujaid,21,Spain,71,82,KRC Genk,3900000.0,7000.0,CB
Óscar Valentín,26,Spain,71,74,Rayo Vallecano,2200000.0,12000.0,CDM
M. Longstaff,21,England,71,82,Aberdeen,4200000.0,18000.0,CM
Gonzalo Verdú,32,Spain,71,71,Elche CF,1200000.0,12000.0,CB
Ale Díez,25,Spain,71,76,Unión Deportiva Las Palmas,2600000.0,6000.0,RB
D. Kyereh,25,Germany,71,76,FC St. Pauli,2800000.0,12000.0,CAM
Luquinhas,24,Brazil,71,76,Legia Warszawa,2900000.0,7000.0,CF
J. Burkardt,20,Germany,71,81,1. FSV Mainz 05,4100000.0,13000.0,ST
Pipa,23,Spain,71,78,Huddersfield Town,3600000.0,6000.0,RWB
K. Behrens,30,Germany,71,71,1. FC Union Berlin,1800000.0,20000.0,ST
Ivanildo Fernandes,25,Portugal,71,76,FC Vizela,2500000.0,4000.0,CB
A. Moreno,22,Argentina,71,80,Racing Club,4200000.0,9000.0,CM
F. Russo,26,Argentina,71,75,RCD Mallorca,2300000.0,15000.0,CB
E. Le Fée,21,France,71,81,FC Lorient,4200000.0,9000.0,CM
J. Novillo,23,Argentina,71,76,Racing Club,2600000.0,10000.0,CB
A. Bella Kotchap,19,Germany,71,85,VfL Bochum 1848,4200000.0,8000.0,CB
André Almeida,21,Portugal,71,80,Vitória de Guimarães,4200000.0,6000.0,CM
S. Boey,20,France,71,79,Galatasaray SK,3900000.0,21000.0,RB
Vivian,21,Spain,71,80,Athletic Club de Bilbao,3900000.0,11000.0,CB
M. Diaby,24,France,71,78,FC Paços de Ferreira,3500000.0,6000.0,CDM
Sergio Ruiz,26,Spain,71,76,Unión Deportiva Las Palmas,2500000.0,6000.0,CDM
C. Vega,27,Argentina,71,73,Club Atlético Central Córdoba,2000000.0,9000.0,CDM
F. Kastenmeier,24,Germany,71,75,Fortuna Düsseldorf,2100000.0,10000.0,GK
Henrique Gomes,25,Portugal,71,75,Gil Vicente FC,2400000.0,6000.0,LB
Paulinho,24,Brazil,71,76,Al Shabab,2800000.0,18000.0,CM
K. Adeyemi,19,Germany,71,85,FC Red Bull Salzburg,4500000.0,11000.0,ST
Willyan,26,Brazil,71,76,Portimonense SC,2400000.0,6000.0,CB
Tiago Esgaio,25,Portugal,71,74,FC Arouca,2300000.0,8000.0,RWB
João Pedro,19,Brazil,71,84,Watford,4500000.0,20000.0,ST
Eduardo Quaresma,19,Portugal,71,83,CD Tondela,4200000.0,4000.0,CB
I. Jakobs,21,Germany,71,80,AS Monaco,4200000.0,21000.0,LM
T. Nianzou,19,France,71,85,FC Bayern München,4200000.0,18000.0,CB
N. Mbuku,19,France,71,83,Stade de Reims,4400000.0,9000.0,RM
Tomás Ribeiro,22,Portugal,71,84,Belenenses SAD,4300000.0,4000.0,CB
L. Thomas,20,England,71,81,Leicester City,3900000.0,32000.0,LWB
Reinier,19,Brazil,71,84,Borussia Dortmund,4500000.0,45000.0,CF
J. Thielmann,19,Germany,71,82,1. FC Köln,4000000.0,10000.0,RM
A. Adli,21,France,71,83,Bayer 04 Leverkusen,4600000.0,23000.0,ST
E. Cañete,22,Argentina,71,79,Unión de Santa Fe,4200000.0,8000.0,CM
João Mário,21,Portugal,71,83,FC Porto,4400000.0,6000.0,RB
G. Frabotta,22,Italy,71,81,Hellas Verona,4000000.0,30000.0,LWB
Fábio,24,Brazil,71,76,New York Red Bulls,2900000.0,6000.0,ST
Blanco,20,Spain,71,83,Real Madrid CF,4500000.0,51000.0,CM
Miguel Crespo,24,Portugal,71,76,Fenerbahçe SK,2800000.0,24000.0,CM
P. Jagielka,38,England,70,70,Derby County,275000.0,6000.0,CB
G. Pegolo,40,Italy,70,70,U.S. Sassuolo Calcio,180000.0,7000.0,GK
Aitor Sanz,36,Spain,70,70,CD Tenerife,325000.0,4000.0,CDM
E. Papa,39,Argentina,70,70,Arsenal de Sarandí,350000.0,4000.0,LB
V. Demarconnay,38,France,70,70,Paris FC,180000.0,2000.0,GK
J. Lewis,33,England,70,70,Aberdeen,525000.0,4000.0,GK
G. Hoarau,37,France,70,70,FC Sion,550000.0,12000.0,ST
U. Hünemeier,35,Germany,70,70,SC Paderborn 07,425000.0,6000.0,CB
S. Taylor,35,England,70,70,Wellington Phoenix,425000.0,2000.0,CB
J. Ruddy,34,England,70,70,Wolverhampton Wanderers,275000.0,27000.0,GK
C. Davies,36,England,70,70,Derby County,275000.0,6000.0,CB
A. Le Fondre,34,England,70,70,Sydney FC,775000.0,7000.0,ST
L. Freeman,29,England,70,70,Sheffield United,1600000.0,17000.0,LM
L. Grabban,33,England,70,70,Nottingham Forest,1000000.0,28000.0,ST
S. Iacoponi,34,Italy,70,70,Parma,525000.0,15000.0,CB
F. Peluso,37,Italy,70,70,U.S. Sassuolo Calcio,275000.0,11000.0,CB
Xavi Torres,34,Spain,70,70,CD Lugo,550000.0,5000.0,CDM
V. Mannone,33,Italy,70,70,AS Monaco,525000.0,18000.0,GK
G. Hooper,33,England,70,70,Wellington Phoenix,1000000.0,4000.0,ST
E. Insúa,32,Argentina,70,70,Club Atlético Aldosivi,1100000.0,7000.0,LB
Léo Silva,35,Brazil,70,70,Kashima Antlers,450000.0,4000.0,CDM
J. Howson,33,England,70,70,Middlesbrough,975000.0,16000.0,CM
Rui Fonte,31,Portugal,70,70,Estoril Praia,1300000.0,5000.0,ST
C. Yacob,33,Argentina,70,70,Club Atlético Huracán,800000.0,7000.0,CDM
Sergio Tejera,31,Spain,70,70,FC Cartagena,1100000.0,5000.0,CDM
Marcos Paulo,32,Brazil,70,70,FC Vizela,1300000.0,4000.0,CM
E. Muñoz,30,Argentina,70,70,Club Atlético Independiente,1300000.0,8000.0,CB
O. Merlo,35,Argentina,70,70,Club Sporting Cristal,425000.0,500.0,CB
M. Sau,33,Italy,70,70,Benevento,1000000.0,11000.0,CF
Marc Valiente,34,Spain,70,70,Real Sporting de Gijón,525000.0,6000.0,CB
Saúl Berjón,35,Spain,70,70,Burgos CF,650000.0,4000.0,LM
N. Baker,30,England,70,70,Bristol City,1300000.0,17000.0,CB
S. Colombi,30,Italy,70,70,Parma,1100000.0,13000.0,GK
Ríos Reina,31,Spain,70,70,SD Ponferradina,1200000.0,5000.0,LB
Álvaro Giménez,30,Spain,70,70,Real Zaragoza,1600000.0,17000.0,ST
Tomeu Nadal,32,Spain,70,70,Real Oviedo,800000.0,5000.0,GK
E. Lamanna,31,Italy,70,70,AC Monza,850000.0,2000.0,GK
Cristóbal,37,Spain,70,70,CF Fuenlabrada,325000.0,3000.0,CDM
Fontàs,31,Spain,70,70,Sporting Kansas City,1100000.0,5000.0,CB
Juan Villar,33,Spain,70,70,Unión Deportiva Almería,1000000.0,7000.0,ST
L. Thy,29,Germany,70,70,Sparta Rotterdam,1600000.0,7000.0,ST
Marc Mateu,31,Spain,70,70,SD Huesca,1300000.0,7000.0,LM
E. Schelotto,32,Italy,70,70,Racing Club,1100000.0,10000.0,RB
D. Falcinelli,30,Italy,70,70,Bologna,1600000.0,18000.0,ST
I. Pillud,35,Argentina,70,70,Racing Club,500000.0,7000.0,RB
W. Foderingham,30,England,70,70,Sheffield United,1100000.0,12000.0,GK
F. Pisacane,35,Italy,70,70,Lecce,425000.0,2000.0,CB
N. Colazo,30,Argentina,70,70,Gimnasia y Esgrima La Plata,1500000.0,10000.0,LM
C. Groß,32,Germany,70,70,SV Werder Bremen,1000000.0,7000.0,CB
Marco Paixão,36,Portugal,70,70,Altay SK,550000.0,7000.0,ST
Daniel Ayala,30,Spain,70,70,Blackburn Rovers,1300000.0,21000.0,CB
L. Marrone,31,Italy,70,70,AC Monza,1100000.0,3000.0,CB
F. Hanin,31,France,70,70,Paris FC,1200000.0,5000.0,LB
Dani Jiménez,31,Spain,70,70,AD Alcorcón,850000.0,5000.0,GK
D. Batth,30,England,70,70,Stoke City,1300000.0,15000.0,CB
B. Leroy,32,France,70,70,AC Ajaccio,800000.0,3000.0,GK
J. Sala,29,Italy,70,70,Spezia,1400000.0,10000.0,RB
M. Gillespie,29,England,70,72,Newcastle United,1300000.0,16000.0,GK
Jordi Amat,29,Spain,70,70,KAS Eupen,1300000.0,7000.0,CB
G. Castellani,33,Argentina,70,70,Unión La Calera,1000000.0,2000.0,CAM
Raúl Navas,33,Spain,70,70,Unión Deportiva Las Palmas,750000.0,6000.0,CB
R. Amalfitano,31,France,70,70,Al Faisaly,1300000.0,10000.0,CAM
V. Pajot,30,France,70,70,FC Metz,1500000.0,11000.0,CM
N. Isimat-Mirin,29,France,70,70,Sporting Kansas City,1300000.0,5000.0,CB
T. Beermann,30,Germany,70,70,VfL Osnabrück,1300000.0,3000.0,CB
Gálvez,32,Spain,70,70,UD Ibiza,1000000.0,5000.0,CB
J. Cuffaut,33,France,70,70,Valenciennes FC,750000.0,4000.0,CB
Aridai,32,Spain,70,70,Odisha FC,1300000.0,1000.0,RM
Fran Vélez,30,Spain,70,70,Panathinaikos FC,1300000.0,500.0,CB
Josué,30,Portugal,70,70,Legia Warszawa,1500000.0,6000.0,CAM
Pedro Moreira,32,Portugal,70,70,FC Arouca,1100000.0,5000.0,CDM
J. Paterson,29,England,70,70,Swansea City,1600000.0,17000.0,CAM
S. García,32,Argentina,70,70,Unión La Calera,1000000.0,2000.0,CB
Douglas Vieira,33,Brazil,70,70,Sanfrecce Hiroshima,1000000.0,7000.0,ST
R. Leonard,29,England,70,70,Millwall,1400000.0,9000.0,CDM
André Martins,31,Portugal,70,70,Legia Warszawa,1300000.0,6000.0,CM
D. Kaiser,32,Germany,70,70,Hannover 96,1300000.0,15000.0,CM
Erik Morán,30,Spain,70,70,SD Ponferradina,1300000.0,5000.0,CDM
Álvaro Rey,31,Spain,70,70,Club Bolívar,1300000.0,800.0,RW
Héber,29,Brazil,70,70,New York City FC,1600000.0,6000.0,ST
Thiago Galhardo,31,Brazil,70,70,RC Celta de Vigo,1300000.0,14000.0,ST
S. Bradley,29,England,70,70,Luton Town,1300000.0,8000.0,CB
M. Barreto,30,France,70,70,AC Ajaccio,1500000.0,4000.0,RM
J. Korb,29,Germany,70,70,Holstein Kiel,1400000.0,13000.0,RB
Elber,29,Brazil,70,70,Yokohama F. Marinos,1600000.0,8000.0,LM
F. Lucioni,33,Italy,70,70,Lecce,750000.0,3000.0,CB
Adrián Ortolá,27,Spain,70,72,Girona FC,1500000.0,6000.0,GK
P. Klement,28,Germany,70,70,VfB Stuttgart,1600000.0,15000.0,CAM
M. Thiede,29,Germany,70,70,Karlsruher SC,1400000.0,9000.0,RB
R. Woods,27,England,70,72,Birmingham City,1700000.0,12000.0,CDM
J. Dezi,29,Italy,70,70,Venezia FC,1600000.0,12000.0,CM
B. Uphoff,27,Germany,70,72,Sport-Club Freiburg,1500000.0,11000.0,GK
C. Walton,25,England,70,74,Ipswich Town,1700000.0,20000.0,GK
M. Pearson,27,England,70,71,Huddersfield Town,1600000.0,6000.0,CB
Sergi Samper,26,Spain,70,73,Vissel Kobe,1900000.0,6000.0,CDM
A. Mawson,27,England,70,73,Fulham,1800000.0,26000.0,CB
Rober Correa,28,Spain,70,70,SD Eibar,1400000.0,7000.0,RB
P. Kühn,28,Germany,70,70,VfL Osnabrück,1100000.0,3000.0,GK
Andy,31,Spain,70,70,Burgos CF,1100000.0,5000.0,CDM
J. Giraudon,29,France,70,70,ESTAC Troyes,1300000.0,10000.0,CB
Alison,28,Brazil,70,70,Al Hazem,1400000.0,12000.0,CDM
E. Herrera,34,Argentina,70,70,Argentinos Juniors,775000.0,9000.0,ST
R. Improta,27,Italy,70,70,Benevento,1700000.0,10000.0,LM
R. Fiamozzi,28,Italy,70,70,Empoli,1400000.0,3000.0,RB
De La Hoz,29,Spain,70,70,Unión Deportiva Almería,1400000.0,7000.0,CDM
Pablo Valcarce,28,Spain,70,70,Burgos CF,1600000.0,5000.0,LM
C. Jean,25,France,70,72,Racing Club de Lens,2000000.0,16000.0,ST
C. Corvalán,32,Argentina,70,70,Unión de Santa Fe,1100000.0,7000.0,LWB
L. Baker,26,England,70,74,Chelsea,2000000.0,41000.0,CDM
M. Kolke,30,Germany,70,70,F.C. Hansa Rostock,1100000.0,5000.0,GK
Borja López,27,Spain,70,73,Real Sporting de Gijón,1800000.0,6000.0,CB
S. Kerk,27,Germany,70,71,Hannover 96,1800000.0,15000.0,CAM
Brandon Thomas,26,Spain,70,73,Málaga CF,2100000.0,7000.0,ST
R. Insigne,27,Italy,70,71,Benevento,1900000.0,11000.0,CF
R. Philippoteaux,33,France,70,70,Dijon FCO,1000000.0,11000.0,LM
D. Kinsombi,25,Germany,70,72,Hamburger SV,2000000.0,8000.0,CM
S. Michel,30,Germany,70,70,SC Paderborn 07,1600000.0,11000.0,ST
S. Willems,30,France,70,70,Royal Charleroi S.C.,1300000.0,8000.0,CB
Bressan,28,Brazil,70,71,FC Dallas,1500000.0,5000.0,CB
I. Brown,24,England,70,75,Preston North End,2400000.0,16000.0,CAM
Somália,32,Brazil,70,70,Ferencvárosi TC,1300000.0,650.0,CM
João Pedro,28,Portugal,70,70,CD Tondela,1600000.0,5000.0,CM
F. Dabo,25,England,70,75,Coventry City,2200000.0,11000.0,RWB
H. Ongenda,26,France,70,73,FC Botoşani,2100000.0,7000.0,CAM
L. Rodríguez,27,Argentina,70,70,Club Atlético Independiente,1500000.0,8000.0,LB
L. Díaz,29,Argentina,70,70,Estudiantes de La Plata,1600000.0,8000.0,ST
Gumbau,26,Spain,70,75,Elche CF,2100000.0,10000.0,CDM
M. Catalán,28,Argentina,70,70,Pachuca,1400000.0,10000.0,RB
M. Bogado,36,Argentina,70,70,Platense,325000.0,5000.0,CDM
G. Lezcano,34,Argentina,70,70,Universidad Católica,750000.0,8000.0,RM
D. Pérez,32,Argentina,70,70,Godoy Cruz,1100000.0,6000.0,LB
F. Zuqui,29,Argentina,70,70,Estudiantes de La Plata,1600000.0,8000.0,CM
A. Werner,25,Argentina,70,76,Elche CF,2000000.0,8000.0,GK
C. Menéndez,33,Argentina,70,70,Atlético Tucumán,1000000.0,8000.0,ST
C. Mathenia,29,Germany,70,70,1. FC Nürnberg,1100000.0,6000.0,GK
Mansur,28,Brazil,70,70,Santa Clara,1400000.0,4000.0,LB
A. Monfray,30,France,70,70,Grenoble Foot 38,1300000.0,4000.0,CB
E. Méndez,32,Argentina,70,70,Arsenal de Sarandí,1100000.0,6000.0,CDM
J. Gyamerah,26,Germany,70,72,Hamburger SV,1800000.0,8000.0,RB
F. Mussis,29,Argentina,70,70,Atlético Tucumán,1400000.0,7000.0,CDM
J. Kaprof,26,Argentina,70,73,LDU Quito,2100000.0,800.0,ST
F. Sánchez,31,Argentina,70,70,Panathinaikos FC,1200000.0,500.0,RB
D. Iorfa,26,England,70,74,Sheffield Wednesday,2000000.0,4000.0,CB
E. Cerutti,29,Argentina,70,70,San Lorenzo de Almagro,1600000.0,9000.0,RM
L. Lezzerini,26,Italy,70,73,Venezia FC,1600000.0,9000.0,GK
Rubén Yáñez,27,Spain,70,72,Getafe CF,1500000.0,11000.0,GK
N. Figal,27,Argentina,70,73,Inter Miami CF,1800000.0,5000.0,CB
David Costas,26,Spain,70,75,Real Oviedo,2100000.0,6000.0,CB
A. Ferrari,27,Italy,70,73,U.C. Sampdoria,1800000.0,10000.0,CB
O. Kemen,24,France,70,75,Yukatel Kayserispor,2400000.0,8000.0,CM
Aarón,25,Spain,70,75,Granada CF,1900000.0,9000.0,GK
M. Diaw,28,France,70,72,FC Lausanne-Sport,1400000.0,7000.0,GK
J. Hugill,29,England,70,70,West Bromwich Albion,1600000.0,21000.0,ST
L. Mousset,25,France,70,74,Sheffield United,2200000.0,17000.0,ST
F. Fydriszewski,28,Argentina,70,70,Sociedad Deportiva Aucas,1600000.0,500.0,ST
G. Kyei,25,France,70,73,Servette FC,2100000.0,11000.0,ST
H. Fertoli,26,Argentina,70,70,Club Atlético Talleres,1700000.0,11000.0,LM
F. Noguera,28,Argentina,70,72,Estudiantes de La Plata,1600000.0,8000.0,CB
Serginho,36,Brazil,70,70,Club Deportivo Jorge Wilstermann,525000.0,600.0,LW
T. Wellenreuther,25,Germany,70,74,Willem II,1700000.0,9000.0,GK
João Afonso,31,Portugal,70,70,Santa Clara,1100000.0,4000.0,CB
P. Ng,25,England,70,74,Cardiff City,2100000.0,16000.0,RWB
J. Williams,24,England,70,77,Bristol City,3000000.0,15000.0,CDM
G. Lanaro,35,Argentina,70,70,Universidad Católica,425000.0,5000.0,CB
Philipe Sampaio,26,Brazil,70,74,En Avant de Guingamp,2000000.0,5000.0,CB
E. Burgos,29,Argentina,70,71,SD Eibar,1500000.0,7000.0,CB
J. Benet,26,France,70,73,Amiens SC,2100000.0,4000.0,CM
Y. Bodiger,26,France,70,74,FC Cartagena,2000000.0,5000.0,CDM
Rafael Ramos,26,Portugal,70,73,Santa Clara,1900000.0,4000.0,RB
J. Dompé,25,France,70,71,SV Zulte Waregem,1900000.0,8000.0,LM
B. Whiteman,25,England,70,75,Preston North End,2100000.0,16000.0,CDM
Jorge Sáenz,24,Spain,70,77,Clube Sport Marítimo,3000000.0,14000.0,CB
T. Mauricio,27,France,70,71,FC Sochaux-Montbéliard,1800000.0,5000.0,CAM
V. Koziello,25,France,70,75,KV Oostende,2300000.0,7000.0,CM
J. Devecchi,25,Argentina,70,73,Club Atlético Aldosivi,1600000.0,6000.0,GK
S. Gümüş,27,Germany,70,70,Fenerbahçe SK,1700000.0,26000.0,RW
Ygor Nogueira,26,Brazil,70,72,Mazatlán Futbol Club,1700000.0,7000.0,CB
M. Bola,23,England,70,76,Middlesbrough,2400000.0,13000.0,LB
B. Sheaf,23,England,70,79,Coventry City,3300000.0,10000.0,CDM
C. Willock,23,England,70,77,Queens Park Rangers,3200000.0,10000.0,RW
R. Oxford,22,England,70,77,FC Augsburg,3000000.0,11000.0,CB
C. Teuchert,24,Germany,70,73,1. FC Union Berlin,2200000.0,15000.0,ST
Akieme,23,Spain,70,79,Unión Deportiva Almería,3400000.0,5000.0,LB
Xavier,28,Portugal,70,70,Estoril Praia,1600000.0,600.0,LW
J. Galván,29,Argentina,70,70,Club Atlético Huracán,1300000.0,8000.0,CB
Felipe Pires,26,Brazil,70,71,Moreirense FC,1900000.0,8000.0,LM
Diego González,26,Spain,70,75,Elche CF,2100000.0,10000.0,CB
D. Lemos,32,Argentina,70,70,Patronato,1100000.0,8000.0,CDM
F. Álvarez,28,Argentina,70,70,Club Universidad Nacional,1600000.0,9000.0,CAM
M. Romero,22,Argentina,70,80,PSV,3600000.0,9000.0,ST
M. Mehlem,23,Germany,70,76,SV Darmstadt 98,2500000.0,8000.0,CAM
F. Passlack,23,Germany,70,75,Borussia Dortmund,2400000.0,22000.0,RM
Jorge Pombo,27,Spain,70,71,Real Oviedo,1900000.0,17000.0,ST
M. Wanitzek,28,Germany,70,70,Karlsruher SC,1600000.0,10000.0,CM
Brian Oliván,27,Spain,70,71,RCD Mallorca,1700000.0,13000.0,LB
João Gamboa,24,Portugal,70,74,Estoril Praia,2100000.0,4000.0,CDM
Aitor Buñuel,23,Spain,70,76,Unión Deportiva Almería,2400000.0,5000.0,RB
Rodri Tarín,24,Spain,70,77,CD Leganés,3000000.0,6000.0,CB
M. Roberts,30,England,70,70,Birmingham City,1300000.0,12000.0,CB
M. Udol,25,France,70,74,FC Metz,2100000.0,9000.0,LB
Charles,27,Brazil,70,73,FC Vizela,1600000.0,3000.0,GK
Y. Rahmani,26,France,70,71,SD Eibar,1900000.0,7000.0,LM
L. Klünter,25,Germany,70,74,Hertha BSC,2000000.0,19000.0,CB
P. Stenzel,25,Germany,70,73,VfB Stuttgart,1900000.0,13000.0,CB
J. Huth,27,Germany,70,71,SC Paderborn 07,1400000.0,7000.0,GK
Jordi Calavera,25,Spain,70,73,Girona FC,1900000.0,6000.0,RB
Fran Villalba,23,Spain,70,74,Real Sporting de Gijón,2300000.0,11000.0,LM
Vítor Angulho,25,Brazil,70,70,Fortaleza,1300000.0,6000.0,GK
Adrizinho Bastos,33,Brazil,70,70,Cuiabá,525000.0,7000.0,GK
Renatão Baumer,25,Brazil,70,70,Juventude,1600000.0,12000.0,LB
Carvamelinho,25,Brazil,70,70,Grêmio,1600000.0,13000.0,RB
Jaimosa Cavaco,21,Brazil,70,70,Juventude,1700000.0,9000.0,RB
Claytinho Branco,25,Brazil,70,70,Santos,1600000.0,13000.0,RB
Paolinho Leima,21,Brazil,70,70,Clube Atlético Mineiro,1700000.0,12000.0,RWB
Breno Bemposta,25,Brazil,70,70,Ceará Sporting Club,1600000.0,7000.0,CDM
Marlinito Dias,25,Brazil,70,70,Fortaleza,1600000.0,7000.0,CDM
Adeilson Gesser,29,Brazil,70,70,Bahia,1600000.0,9000.0,CAM
Heltinho Melo,25,Brazil,70,70,Club Athletico Paranaense,1800000.0,9000.0,CAM
Eltildo Bessa,25,Brazil,70,70,Fortaleza,1800000.0,9000.0,ST
Cristian Lodeira,29,Brazil,70,70,Juventude,1600000.0,15000.0,ST
Arthur Silbeira,25,Brazil,70,70,Santos,1800000.0,15000.0,ST
Jonaldo Monteiro,21,Brazil,70,70,Fortaleza,1700000.0,5000.0,LB
Sanaldo Caiado,33,Brazil,70,70,Palmeiras,1000000.0,19000.0,CAM
Luildo Simões,21,Brazil,70,70,Sport Club Corinthians Paulista,1900000.0,12000.0,CAM
Milton Menceiros,29,Brazil,70,70,Ceará Sporting Club,1300000.0,8000.0,CB
Pombaxinho,25,Brazil,70,70,Juventude,1500000.0,12000.0,CB
Heitinho Zanon,25,Brazil,70,70,Bahia,1500000.0,7000.0,CB
Nuno Moldeiro,25,Brazil,70,70,Sport Club Corinthians Paulista,1800000.0,15000.0,LM
Eltson Marques,29,Brazil,70,70,Internacional,1300000.0,14000.0,CB
Allison Sireo,21,Brazil,70,70,Associação Chapecoense de Futebol,1600000.0,6000.0,CB
Natinho Mestres,29,Brazil,70,70,Palmeiras,1600000.0,20000.0,RM
Lourival Dinisco,21,Brazil,70,70,Fortaleza,1600000.0,5000.0,CB
Ansel Barni,21,Brazil,70,70,Fortaleza,1700000.0,5000.0,CDM
Edardynho Neto,25,Brazil,70,70,Cuiabá,1800000.0,10000.0,ST
Leôncio Lobeiro,21,Brazil,70,70,Flamengo,1900000.0,16000.0,RW
Tiago Pombeira,21,Brazil,70,70,Clube Atlético Mineiro,1900000.0,13000.0,CAM
Paulolettinho,25,Brazil,70,70,Fortaleza,1800000.0,8000.0,CAM
Nascimentardo,21,Brazil,70,70,Ceará Sporting Club,1900000.0,6000.0,CAM
Saberto Botelho,21,Brazil,70,70,Club Athletico Paranaense,1700000.0,6000.0,CDM
Cryzan,24,Brazil,70,75,Santa Clara,2400000.0,4000.0,ST
J. Makengo,23,France,70,78,Udinese Calcio,3500000.0,9000.0,CM
Aitor,25,Spain,70,72,Panathinaikos FC,2000000.0,550.0,RW
L. Kelly,22,England,70,80,AFC Bournemouth,3400000.0,15000.0,LB
José Arnáiz,26,Spain,70,71,CD Leganés,1900000.0,7000.0,LM
Q. Boisgard,24,France,70,76,FC Lorient,2500000.0,9000.0,CM
C. Brittain,23,England,70,76,Barnsley,2400000.0,18000.0,RWB
J. Andrada,26,Argentina,70,73,Arsenal de Sarandí,1900000.0,6000.0,CDM
A. Laïdouni,24,France,70,75,Ferencvárosi TC,2200000.0,500.0,CDM
Neris,29,Brazil,70,70,Al Hazem,1300000.0,12000.0,CB
Léo Duarte,24,Brazil,70,77,İstanbul Başakşehir FK,3000000.0,15000.0,CB
Victor Bereitta,25,Brazil,70,70,Clube Atlético Mineiro,1600000.0,16000.0,LB
Jairo Farnias,21,Brazil,70,70,Internacional,1400000.0,7000.0,GK
Caro,27,Spain,70,73,Burgos CF,1600000.0,5000.0,GK
Juan Soriano,23,Spain,70,77,CD Tenerife,2700000.0,4000.0,GK
G. Cox,23,England,70,77,Fortuna Sittard,3000000.0,6000.0,LB
Benito,25,Spain,70,71,Unión Deportiva Las Palmas,1900000.0,6000.0,RM
M. Chouiar,22,France,70,73,Yeni Malatyaspor,2200000.0,3000.0,LM
Álvaro Jiménez,26,Spain,70,71,Cádiz CF,1900000.0,16000.0,RM
R. Yates,23,England,70,78,Nottingham Forest,3300000.0,20000.0,CDM
A. Paleari,28,Italy,70,72,Benevento,1400000.0,8000.0,GK
Lucas Mineiro,25,Brazil,70,75,SC Braga,2300000.0,8000.0,CM
J. Brunetta,24,Argentina,70,75,Parma,2400000.0,15000.0,LM
I. Gómez,24,Argentina,70,76,Platense,2300000.0,6000.0,CDM
Jailson Oliva,29,Brazil,70,70,Clube Atlético Mineiro,1400000.0,17000.0,RB
Luan Sendeiro,29,Brazil,70,70,Internacional,1400000.0,14000.0,CDM
Lourival Rodeiro,29,Brazil,70,70,Palmeiras,1600000.0,20000.0,CM
Martin Cordeia,25,Brazil,70,70,Internacional,1800000.0,14000.0,CAM
Marlion Rolim,29,Brazil,70,70,RB Bragantino,1600000.0,10000.0,CAM
Túlio Sandoiro,25,Brazil,70,70,Associação Chapecoense de Futebol,1800000.0,10000.0,ST
L. O'Brien,22,England,70,78,Huddersfield Town,3600000.0,6000.0,CM
Walterson,26,Brazil,70,71,Moreirense FC,1900000.0,8000.0,LM
G. Rojas,24,Argentina,70,75,San Lorenzo de Almagro,2200000.0,7000.0,LB
Kike Pérez,24,Spain,70,76,Real Valladolid CF,2500000.0,6000.0,CAM
Juanjo Nieto,26,Spain,70,73,Unión Deportiva Almería,1900000.0,6000.0,RB
Eric Curbelo,27,Spain,70,71,Unión Deportiva Las Palmas,1600000.0,6000.0,CB
M. Tavernier,22,England,70,80,Middlesbrough,3600000.0,14000.0,RM
G. Togni,23,Argentina,70,76,Club Atlético Independiente,2400000.0,7000.0,LWB
Bruno Xadas,23,Portugal,70,75,Clube Sport Marítimo,2400000.0,6000.0,CAM
V. Castellanos,22,Argentina,70,78,New York City FC,3600000.0,5000.0,ST
M. Heyer,26,Germany,70,72,Hamburger SV,1700000.0,8000.0,CB
Jadson,29,Brazil,70,71,Shandong Taishan,1500000.0,5000.0,CB
D. Keita-Ruel,31,France,70,70,SV Sandhausen,1300000.0,6000.0,ST
A. Karazor,24,Germany,70,73,VfB Stuttgart,1900000.0,12000.0,CB
Aylton Boa Morte,27,Portugal,70,70,Portimonense SC,1700000.0,6000.0,RW
J. Chabot,23,Germany,70,76,U.C. Sampdoria,2300000.0,9000.0,CB
G. Nyamsi,24,France,70,75,RC Strasbourg Alsace,2200000.0,10000.0,CB
N. Mantl,21,Germany,70,79,FC Red Bull Salzburg,3100000.0,7000.0,GK
Danilo,22,Brazil,70,78,Ajax,3600000.0,9000.0,ST
L. Zidane,23,France,70,78,Rayo Vallecano,3100000.0,7000.0,GK
T. Campbell,21,England,70,82,Stoke City,3900000.0,13000.0,ST
A. Meyer,30,Germany,70,70,SSV Jahn Regensburg,1100000.0,5000.0,GK
J. Deminguet,23,France,70,76,Stade Malherbe Caen,2500000.0,4000.0,CM
E. Salcedo,19,Italy,70,82,Spezia,3800000.0,27000.0,CF
C. Ferreira,21,Argentina,70,78,Club Atlético Colón,3600000.0,6000.0,CM
Toni Moya,23,Spain,70,78,Deportivo Alavés,3500000.0,11000.0,CM
Rogério,23,Brazil,70,79,U.S. Sassuolo Calcio,3400000.0,13000.0,LB
Monchu,21,Spain,70,81,Granada CF,3600000.0,9000.0,CM
S. Nsoki,22,France,70,76,Club Brugge KV,2300000.0,11000.0,CB
Ricardo Ryller,27,Brazil,70,71,Al Fayha,1800000.0,12000.0,CM
O. Solet,21,France,70,80,FC Red Bull Salzburg,3300000.0,10000.0,CB
J. Cacciabue,23,Argentina,70,80,Newell's Old Boys,3300000.0,7000.0,CDM
Aguado,25,Spain,70,75,Real Valladolid CF,2300000.0,7000.0,CM
João Moutinho,23,Portugal,70,77,Orlando City Soccer Club,3000000.0,4000.0,LB
J. Beyer,21,Germany,70,79,Borussia Mönchengladbach,3400000.0,10000.0,RB
F. Dahmen,23,Germany,70,80,1. FSV Mainz 05,3100000.0,8000.0,GK
P. Jaeckel,22,Germany,70,77,1. FC Union Berlin,3000000.0,13000.0,CB
L. Maina,22,Germany,70,78,Hannover 96,3600000.0,13000.0,RM
Heriberto Tavares,24,Portugal,70,76,Futebol Clube de Famalicão,2500000.0,6000.0,RW
F. Agu,21,Germany,70,83,SV Werder Bremen,3800000.0,5000.0,LB
André Vidigal,22,Portugal,70,78,Clube Sport Marítimo,3600000.0,6000.0,LW
Fran Gámez,29,Spain,70,70,Real Zaragoza,1400000.0,6000.0,RB
Iñigo Vicente,23,Spain,70,78,CD Mirandés,3500000.0,13000.0,LW
J. Herrera,29,Argentina,70,70,Club Atlético Independiente,1600000.0,10000.0,ST
Lucas Áfrico,26,Brazil,70,72,Estoril Praia,1700000.0,5000.0,CB
M. Salas,23,Argentina,70,78,Club Necaxa,3600000.0,8000.0,ST
Fernando,22,Brazil,70,81,Shakhtar Donetsk,3600000.0,550.0,ST
M. Bülter,28,Germany,70,70,FC Schalke 04,1600000.0,9000.0,CF
Marquinhos Cipriano,22,Brazil,70,79,FC Sion,3400000.0,500.0,LB
Javi Hernández,23,Spain,70,79,CD Leganés,3400000.0,6000.0,LB
Montero,22,Spain,70,76,Beşiktaş JK,2300000.0,17000.0,CB
M. Álvarez,32,Argentina,70,70,Club Atlético Independiente,800000.0,6000.0,GK
Bruno Lamas,27,Brazil,70,71,Daegu FC,1800000.0,5000.0,CAM
M. Kilman,24,England,70,78,Wolverhampton Wanderers,3300000.0,29000.0,CB
J. Paradela,22,Argentina,70,79,River Plate,3600000.0,8000.0,CAM
C. Okoroji,24,England,70,76,SV Sandhausen,2400000.0,4000.0,LB
A. Gaich,22,Argentina,70,81,SD Huesca,3600000.0,21000.0,ST
C. Kühlwetter,25,Germany,70,74,1. FC Heidenheim 1846,2200000.0,14000.0,ST
Álex Blanco,22,Spain,70,78,Valencia CF,3600000.0,15000.0,LM
Mollejo,20,Spain,70,81,CD Tenerife,3500000.0,18000.0,LM
S. Sosa,22,Argentina,70,80,Atlanta United,3400000.0,4000.0,CDM
Iván Jaime,20,Spain,70,82,Futebol Clube de Famalicão,3800000.0,5000.0,CAM
A. Herrera,22,Argentina,70,78,San Lorenzo de Almagro,3400000.0,7000.0,RB
S. McCallum,20,England,70,80,Queens Park Rangers,3300000.0,12000.0,LWB
L. Valenti,22,Argentina,70,75,Parma,2200000.0,13000.0,CB
Roberto López,21,Spain,70,80,Real Sociedad B,3600000.0,3000.0,CAM
E. Bullaude,20,Argentina,70,77,Godoy Cruz,3200000.0,5000.0,CAM
M. Weigandt,21,Argentina,70,80,Boca Juniors,3400000.0,6000.0,RB
Iván Martos,24,Spain,70,76,Unión Deportiva Almería,2400000.0,5000.0,LB
R. Sottil,22,Italy,70,82,Fiorentina,3900000.0,24000.0,LW
N. Katterbach,20,Germany,70,82,1. FC Köln,3700000.0,10000.0,LB
N. Capaldo,22,Argentina,70,77,FC Red Bull Salzburg,3200000.0,13000.0,CM
Iván Martín,22,Spain,70,79,Deportivo Alavés,3600000.0,14000.0,RM
A. Bernabei,20,Argentina,70,82,Club Atlético Lanús,3700000.0,6000.0,LB
J. Segovia,32,Argentina,70,70,Puebla FC,1000000.0,5000.0,CB
F. Mura,22,Argentina,70,77,Club Atlético Colón,3100000.0,6000.0,RB
A. Pelmard,21,France,70,82,FC Basel 1893,3700000.0,11000.0,CB
Álex Sola,22,Spain,70,76,Real Sociedad B,2600000.0,4000.0,LM
U. Bonnet,27,France,70,71,Rodez Aveyron Football,1900000.0,4000.0,ST
José Gragera,21,Spain,70,80,Real Sporting de Gijón,3400000.0,4000.0,CDM
F. Pereyra,31,Argentina,70,70,FBC Melgar,1100000.0,500.0,CB
F. Nürnberger,21,Germany,70,78,1. FC Nürnberg,3600000.0,6000.0,CM
T. Coulibaly,20,France,70,81,VfB Stuttgart,3500000.0,11000.0,RM
F. Kunze,23,Germany,70,76,DSC Arminia Bielefeld,2300000.0,11000.0,CDM
Nuno Santos,22,Portugal,70,80,FC Paços de Ferreira,3600000.0,7000.0,CM
Nuno Tavares,21,Portugal,70,80,Arsenal,3400000.0,24000.0,LB
J. Cáceres,21,Argentina,70,78,Racing Club,3400000.0,7000.0,RB
J. Panzo,20,England,70,77,Dijon FCO,2900000.0,2000.0,CB
Fábio Silva,18,Portugal,70,85,Wolverhampton Wanderers,3700000.0,16000.0,ST
Filipe Soares,22,Portugal,70,78,Moreirense FC,3600000.0,7000.0,CM
Franquesa,24,Spain,70,77,Levante Unión Deportiva,3000000.0,11000.0,LB
L. González,21,Argentina,70,80,Club Atlético Independiente,3600000.0,6000.0,CM
J. Chotard,19,France,70,80,Montpellier Hérault SC,3400000.0,8000.0,CM
Leonardo,24,Brazil,70,75,Hebei FC,2400000.0,8000.0,ST
N. Rovella,19,Italy,70,87,Genoa,4100000.0,19000.0,CM
Javi Martínez,21,Spain,70,80,CA Osasuna,3600000.0,11000.0,CM
Júnior Santos,26,Brazil,70,72,Sanfrecce Hiroshima,2000000.0,7000.0,ST
Robson Bambu,23,Brazil,70,77,OGC Nice,3000000.0,13000.0,CB
Y. Hamache,21,France,70,80,Boavista FC,3400000.0,6000.0,LB
L. Gourna,17,France,70,83,AS Saint-Étienne,3400000.0,700.0,CDM
E. Meza,22,Argentina,70,76,Club Atlético Colón,2400000.0,6000.0,RWB
V. Larralde,20,Argentina,70,79,Arsenal de Sarandí,3500000.0,7000.0,RM
Rodri,21,Spain,70,82,Real Betis Balompié,3900000.0,9000.0,LM
J. Portillo,21,Argentina,70,78,Unión de Santa Fe,3300000.0,5000.0,CB
G. Del Prete,25,Argentina,70,75,Estudiantes de La Plata,2400000.0,8000.0,ST
E. Wahi,18,France,70,81,Montpellier Hérault SC,3400000.0,6000.0,ST
Francisco Conceição,18,Portugal,70,86,FC Porto,4000000.0,3000.0,RM
C. Medina,19,Argentina,70,83,Boca Juniors,3800000.0,5000.0,CM
Cantero,21,Spain,70,80,Levante Unión Deportiva,3600000.0,11000.0,LM
Kiko Bondoso,25,Portugal,70,73,FC Vizela,2100000.0,4000.0,RW
Thales,27,Brazil,70,71,FC Arouca,1700000.0,5000.0,RB
Rúben Fernandes,35,Portugal,69,69,Gil Vicente FC,375000.0,4000.0,CB
F. Coloccini,39,Argentina,69,69,Club Atlético Aldosivi,250000.0,4000.0,CB
G. Lux,39,Argentina,69,69,River Plate,150000.0,4000.0,GK
F. Marchetti,38,Italy,69,69,Genoa,150000.0,4000.0,GK
J. De Olivera,38,Argentina,69,69,Platense,150000.0,3000.0,GK
C. Molinaro,37,Italy,69,69,Venezia FC,300000.0,7000.0,LB
A. Rosati,38,Italy,69,69,Fiorentina,150000.0,10000.0,GK
B. Johnson,34,England,69,69,Blackburn Rovers,475000.0,18000.0,CDM
Bobô,36,Brazil,69,69,Sydney FC,475000.0,4000.0,ST
Pita,36,Spain,69,69,CD Lugo,275000.0,3000.0,CDM
Xisco,35,Spain,69,69,AD Alcorcón,600000.0,5000.0,ST
Santamaría,36,Spain,69,69,SD Amorebieta,150000.0,2000.0,GK
A. Bonnet,34,France,69,69,Le Havre AC,650000.0,5000.0,LM
M. Scozzarella,33,Italy,69,69,AC Monza,850000.0,3000.0,CM
K. McFadzean,34,England,69,69,Coventry City,450000.0,10000.0,CB
L. Jutkiewicz,32,England,69,69,Birmingham City,1100000.0,12000.0,ST
B. Kopplin,32,Germany,69,69,Randers FC,975000.0,7000.0,LB
S. Gonther,34,Germany,69,69,FC Erzgebirge Aue,450000.0,5000.0,CB
M. Waghorn,31,England,69,69,Coventry City,1200000.0,12000.0,ST
L. Nestor,32,France,69,69,Grenoble Foot 38,900000.0,4000.0,CB
M. Dreyer,32,France,69,69,FC Lorient,700000.0,7000.0,GK
G. Bellusci,31,Italy,69,69,AC Monza,950000.0,2000.0,CB
C. Chávez,35,Argentina,69,69,Club Deportivo Jorge Wilstermann,575000.0,500.0,CAM
Antoñito,33,Spain,69,69,FC Cartagena,725000.0,4000.0,RB
M. James,29,England,69,69,Bristol City,1200000.0,15000.0,CDM
M. Rodríguez,35,Argentina,69,69,Defensa y Justicia,425000.0,5000.0,RB
M. Godden,29,England,69,69,Coventry City,1400000.0,12000.0,ST
G. Friend,33,England,69,69,Birmingham City,675000.0,10000.0,CB
R. Rodelin,31,France,69,69,Servette FC,1200000.0,10000.0,LW
V. Sasso,30,France,69,69,Servette FC,1100000.0,8000.0,CB
G. Belaud,34,France,69,69,Paris FC,500000.0,4000.0,RB
M. Risse,31,Germany,69,69,Viktoria Köln,1200000.0,3000.0,RM
Sílvio,33,Portugal,69,69,Vitória de Guimarães,725000.0,5000.0,LB
K. Smith,30,England,69,69,Swansea City,1300000.0,14000.0,CM
Lombán,34,Spain,69,69,Málaga CF,450000.0,5000.0,CB
Renato Chaves,31,Brazil,69,69,Al Batin,950000.0,8000.0,CB
M. Gaus,31,Germany,69,69,FC Ingolstadt 04,1000000.0,9000.0,LB
M. D'Alessandro,30,Italy,69,69,AC Monza,1300000.0,3000.0,LM
G. Gardner,29,England,69,69,Birmingham City,1400000.0,11000.0,CM
M. Formica,33,Argentina,69,69,Club Atlético Colón,875000.0,7000.0,CAM
S. Polter,30,Germany,69,69,VfL Bochum 1848,1400000.0,12000.0,ST
Juanpe,30,Spain,69,69,Girona FC,1100000.0,6000.0,CB
H. Behrens,31,Germany,69,69,F.C. Hansa Rostock,1100000.0,6000.0,CM
Douglas,30,Brazil,69,69,Beşiktaş JK,1200000.0,17000.0,RB
T. Lees,30,England,69,69,Huddersfield Town,1100000.0,5000.0,CB
M. Coronel,32,Argentina,69,69,Gimnasia y Esgrima La Plata,900000.0,8000.0,CB
J. Hunt,30,England,69,69,Sheffield Wednesday,1200000.0,4000.0,RB
J. Börner,30,Germany,69,69,Hannover 96,1100000.0,12000.0,CB
Flavio Paixão,36,Portugal,69,69,Lechia Gdańsk,475000.0,4000.0,ST
C. Erbes,31,Argentina,69,69,Atlético Tucumán,975000.0,6000.0,CDM
Edgar Costa,34,Portugal,69,69,Clube Sport Marítimo,650000.0,6000.0,RW
M. Peybernès,30,France,69,69,Málaga CF,1100000.0,5000.0,CB
Crivellaro,32,Brazil,69,69,Chennaiyin FC,1100000.0,1000.0,CAM
Nuno Reis,30,Portugal,69,69,Melbourne City FC,1100000.0,6000.0,CB
C. Fandrich,30,Germany,69,69,FC Erzgebirge Aue,1300000.0,5000.0,CM
Ivo Pinto,31,Portugal,69,69,Fortuna Sittard,1000000.0,500.0,RB
M. Höger,31,Germany,69,69,SV Waldhof Mannheim 07,975000.0,2000.0,CDM
Guerrero,30,Spain,69,69,UD Ibiza,1400000.0,5000.0,ST
Wellington Silva,28,Brazil,69,69,Gamba Osaka,1400000.0,7000.0,LM
J. Hochscheidt,33,Germany,69,69,FC Erzgebirge Aue,875000.0,5000.0,LM
Yohan Tavares,33,Portugal,69,69,Belenenses SAD,675000.0,4000.0,CB
Raúl Lizoain,30,Spain,69,69,CD Mirandés,925000.0,3000.0,GK
A. Letellier,30,France,69,70,Paris Saint-Germain,1000000.0,21000.0,GK
Bruno,31,Spain,69,69,CD Leganés,950000.0,6000.0,CB
S. Skrzybski,28,Germany,69,69,Holstein Kiel,1400000.0,13000.0,ST
A. La Mantia,30,Italy,69,69,Empoli,1400000.0,22000.0,ST
Negueba,29,Brazil,69,69,Incheon United FC,1400000.0,3000.0,RM
M. Odubajo,27,England,69,69,Queens Park Rangers,1300000.0,8000.0,RWB
A. Gogia,29,Germany,69,69,FC Zürich,1400000.0,9000.0,RM
Fabrício,31,Brazil,69,69,Portimonense SC,1200000.0,5000.0,ST
M. Crooks,27,England,69,70,Middlesbrough,1600000.0,14000.0,CM
J. Newell,28,England,69,69,Hibernian,1400000.0,5000.0,CM
J. Graham,26,England,69,70,Birmingham City,1600000.0,11000.0,RM
C. Battocchio,29,Italy,69,69,Club Universidad Nacional,1400000.0,7000.0,CM
A. Stewart,28,England,69,70,Wycombe Wanderers,1300000.0,5000.0,CB
C. Löwe,32,Germany,69,69,SG Dynamo Dresden,975000.0,8000.0,LB
G. Courtet,32,France,69,69,AC Ajaccio,1100000.0,4000.0,ST
M. Bakalorz,31,Germany,69,69,MSV Duisburg,975000.0,4000.0,CDM
Mikel Iribas,33,Spain,69,69,CF Fuenlabrada,725000.0,4000.0,RB
Oriol Rosell,28,Spain,69,69,Orlando City Soccer Club,1200000.0,4000.0,CDM
G. Hall,29,England,69,69,Middlesbrough,1200000.0,13000.0,CB
P. Steinhart,28,Germany,69,69,TSV 1860 München,1300000.0,2000.0,LB
J. Blackman,27,England,69,72,Los Angeles FC,1400000.0,3000.0,GK
T. Kane,27,England,69,70,Coventry City,1500000.0,10000.0,RWB
B. Omrani,27,France,69,69,CFR Cluj,1500000.0,9000.0,ST
Jairo,29,Brazil,69,69,Hajduk Split,1400000.0,600.0,RW
M. Valoti,27,Italy,69,69,AC Monza,1500000.0,3000.0,CM
A. Pritchard,28,England,69,69,Sunderland,1400000.0,7000.0,CAM
M. Ihiekwe,28,England,69,69,Rotherham United,1200000.0,6000.0,CB
I. Höhn,29,Germany,69,69,SV Sandhausen,1200000.0,4000.0,CB
L. Abecasis,31,Argentina,69,69,San Jose Earthquakes,1000000.0,4000.0,RB
J. Murphy,26,England,69,70,Preston North End,1600000.0,16000.0,LM
R. Camacho,30,France,69,69,Club de Foot Montréal,1100000.0,4000.0,CB
M. Sampirisi,28,Italy,69,69,AC Monza,1300000.0,3000.0,RB
B. Behrendt,29,Germany,69,69,Eintracht Braunschweig,1200000.0,4000.0,CB
F. Andrada,27,Argentina,69,70,Club Atlético Aldosivi,1600000.0,7000.0,ST
J. Iloki,29,France,69,69,Tianjin Jinmen Tiger FC,1400000.0,8000.0,RM
M. Michel,29,France,69,70,Chamois Niortais Football Club,1100000.0,3000.0,GK
S. Doukara,29,France,69,69,GZT Giresunspor,1400000.0,8000.0,CAM
M. Stendera,25,Germany,69,72,FC Ingolstadt 04,1800000.0,9000.0,CM
N. Gießelmann,29,Germany,69,69,1. FC Union Berlin,1200000.0,13000.0,LB
Pol García,26,Spain,69,73,Fútbol Club Juárez,1700000.0,5000.0,CB
A. Schiavone,28,Italy,69,69,US Salernitana 1919,1400000.0,19000.0,CM
M. Caillard,27,France,69,72,FC Metz,1400000.0,7000.0,GK
G. Evans,26,England,69,72,Millwall,1600000.0,7000.0,CDM
P. Riese,31,Germany,69,69,FC Erzgebirge Aue,975000.0,5000.0,CDM
R. Benatelli,29,Germany,69,69,FC St. Pauli,1200000.0,9000.0,CDM
Bruno Mendes,26,Brazil,69,70,Avispa Fukuoka,1700000.0,3000.0,ST
P. Heise,30,Germany,69,69,Karlsruher SC,1200000.0,7000.0,LB
N. Neidhart,26,Germany,69,70,F.C. Hansa Rostock,1500000.0,6000.0,RB
Tobias Figueiredo,27,Portugal,69,70,Nottingham Forest,1400000.0,20000.0,CB
W. Saïd,26,France,69,71,Racing Club de Lens,1700000.0,14000.0,ST
E. Basilio,26,France,69,74,En Avant de Guingamp,1600000.0,4000.0,GK
T. Martínez,26,Argentina,69,70,Defensa y Justicia,1600000.0,8000.0,RM
D. Douline,28,France,69,69,Servette FC,1200000.0,9000.0,CDM
Cifu,30,Spain,69,69,UD Ibiza,1200000.0,4000.0,RB
J. Marié,29,France,69,69,Dijon FCO,1400000.0,3000.0,CM
Arthur Caike,29,Brazil,69,69,Kashima Antlers,1400000.0,5000.0,LM
F. Tobio,31,Argentina,69,69,Estudiantes de La Plata,950000.0,6000.0,CB
J. Rothwell,26,England,69,72,Blackburn Rovers,1800000.0,20000.0,CM
A. Fletcher,25,England,69,73,Watford,2000000.0,24000.0,ST
S. Gallagher,25,England,69,71,Blackburn Rovers,1800000.0,20000.0,ST
J. Pereyra Díaz,30,Argentina,69,69,Kerala Blasters FC,1300000.0,7000.0,RM
F. Milo,29,Argentina,69,69,Club Atlético Aldosivi,1200000.0,6000.0,LB
H. Orzán,33,Argentina,69,69,FBC Melgar,850000.0,500.0,CM
J. Garro,28,Argentina,69,69,Newell's Old Boys,1400000.0,7000.0,LM
F. Cerro,33,Argentina,69,69,Club Atlético Aldosivi,850000.0,6000.0,CM
L. Melano,28,Argentina,69,69,Club Atlético Central Córdoba,1400000.0,7000.0,RM
M. Meli,29,Argentina,69,69,Racing Club,1400000.0,9000.0,CM
Willie,28,Brazil,69,69,Club The Strongest,1400000.0,650.0,ST
L. Dos Santos,28,France,69,69,Valenciennes FC,1300000.0,3000.0,RWB
F. Carrizo,30,Argentina,69,69,Club Cerro Porteño,1300000.0,550.0,LM
H. Cornick,26,England,69,70,Luton Town,1600000.0,8000.0,RW
F. Kaufmann,28,Germany,69,69,Karlsruher SC,1400000.0,9000.0,RW
Marco Sangalli,29,Spain,69,69,Real Oviedo,1400000.0,6000.0,RM
Cláudio Winck,27,Brazil,69,70,Clube Sport Marítimo,1500000.0,5000.0,RB
Cafú,28,Portugal,69,70,Nottingham Forest,1300000.0,21000.0,CDM
C. Aquino,29,Argentina,69,69,Club Cerro Porteño,1400000.0,550.0,CAM
A. Barberis,27,Italy,69,72,AC Monza,1600000.0,2000.0,CDM
G. Piovi,26,Argentina,69,72,Club Atlético Colón,1600000.0,8000.0,CB
O. Cabral,36,Argentina,69,69,12 de Octubre FC,150000.0,500.0,GK
Janio Bikel,26,Portugal,69,73,Vancouver Whitecaps FC,1700000.0,4000.0,CDM
C. Mahoney,24,England,69,74,Millwall,2100000.0,7000.0,RW
Iván Rodríguez,25,Spain,69,74,SD Ponferradina,1900000.0,4000.0,RB
Mula,24,Spain,69,72,CF Fuenlabrada,1900000.0,4000.0,LM
G. Campi,30,Argentina,69,69,FC Arouca,1100000.0,4000.0,CB
Luismi,29,Spain,69,69,Real Oviedo,1200000.0,5000.0,CDM
Léo Bonatini,27,Brazil,69,69,Grasshopper Club Zürich,1500000.0,34000.0,ST
G. Moncini,25,Italy,69,73,Benevento,2000000.0,9000.0,ST
Nano Mesa,26,Spain,69,71,Real Zaragoza,1700000.0,14000.0,ST
J. Onomah,24,England,69,76,Fulham,2800000.0,21000.0,CM
G. Lloris,25,France,69,72,AJ Auxerre,1600000.0,3000.0,CB
B. Schmitz,26,Germany,69,72,1. FC Köln,1700000.0,12000.0,RB
Auro,25,Brazil,69,71,Toronto FC,1600000.0,4000.0,RB
F. Bonazzoli,24,Italy,69,76,US Salernitana 1919,2800000.0,9000.0,ST
J. Biada,28,Germany,69,69,SV Sandhausen,1400000.0,5000.0,CAM
K. Vandendriessche,31,France,69,69,KV Kortrijk,1100000.0,8000.0,CM
G. Bettini,28,Argentina,69,69,Club Atlético Central Córdoba,1300000.0,7000.0,RB
Gabriel,26,Brazil,69,72,Yokohama FC,1600000.0,2000.0,CB
Juan Muñoz,25,Spain,69,74,CD Leganés,2100000.0,7000.0,ST
N. Breitenbruch,25,Argentina,69,72,Godoy Cruz,1600000.0,5000.0,CB
M. Riquelme,32,Argentina,69,69,Club Sporting Cristal,1100000.0,600.0,ST
L. Paganini,28,Italy,69,69,Lecce,1400000.0,3000.0,CM
N. Stefanelli,26,Argentina,69,71,AIK,1700000.0,5000.0,ST
R. Neudecker,24,Germany,69,73,TSV 1860 München,2000000.0,2000.0,CM
Murilo Henrique,26,Brazil,69,69,Suwon FC,1500000.0,3000.0,LM
Miguel Cardoso,27,Portugal,69,69,Yukatel Kayserispor,1500000.0,8000.0,LW
Tiago,31,Brazil,69,69,Cerezo Osaka,950000.0,4000.0,CB
K. Narey,26,Germany,69,69,Fortuna Düsseldorf,1400000.0,11000.0,RB
B. Thompson,25,England,69,72,Millwall,1800000.0,7000.0,CM
M. Bader,24,Germany,69,74,SV Darmstadt 98,2000000.0,6000.0,RB
A. Fontana,25,Argentina,69,74,River Plate,2100000.0,8000.0,ST
F. Romagna,24,Italy,69,76,U.S. Sassuolo Calcio,2600000.0,11000.0,CB
Javi Muñoz,26,Spain,69,72,SD Eibar,1800000.0,6000.0,CM
J. Dehm,25,Germany,69,72,Hannover 96,1700000.0,11000.0,RB
N. Mazzola,31,Argentina,69,69,Arsenal de Sarandí,1200000.0,6000.0,ST
N. Rapp,24,Germany,69,76,SV Werder Bremen,2600000.0,5000.0,CDM
D. Barlaser,24,England,69,74,Rotherham United,2100000.0,6000.0,CM
L. Walsh,23,England,69,76,Swansea City,2800000.0,12000.0,CM
Juan Pérez,24,Spain,69,75,CA Osasuna,1800000.0,8000.0,GK
Raphael Guzzo,26,Portugal,69,72,FC Vizela,1800000.0,3000.0,CM
Javi Jiménez,25,Spain,69,74,Málaga CF,1900000.0,5000.0,LB
J. Benítez,29,Argentina,69,69,Club Deportivo Palestino,1400000.0,3000.0,LW
P. Köpke,25,Germany,69,72,1. FC Nürnberg,1900000.0,7000.0,ST
T. Skarke,24,Germany,69,72,SV Darmstadt 98,1900000.0,7000.0,RM
A. Calabresi,25,Italy,69,73,Lecce,1800000.0,2000.0,RB
S. Stolze,26,Germany,69,72,Hannover 96,1800000.0,13000.0,CAM
Anderson Lopes,27,Brazil,69,69,Wuhan FC,1500000.0,7000.0,ST
Leandro Silva,27,Portugal,69,70,FC Arouca,1600000.0,4000.0,CM
Emerson Santos,26,Brazil,69,73,Kashiwa Reysol,1700000.0,5000.0,CB
Luciano Cacheira,25,Brazil,69,69,Fortaleza,1100000.0,5000.0,GK
Fredinho Mutto,29,Brazil,69,69,Bahia,1200000.0,7000.0,LB
Anselmo Meirás,25,Brazil,69,69,Bahia,1400000.0,6000.0,RB
Nosberto Vila,25,Brazil,69,69,Atlético Clube Goianiense,1400000.0,6000.0,RB
Charles de Breito,33,Brazil,69,69,Cuiabá,850000.0,8000.0,CM
Alson Botelho,21,Brazil,69,69,RB Bragantino,1500000.0,6000.0,CDM
Kaíque Mutto,29,Brazil,69,69,RB Bragantino,950000.0,7000.0,GK
Jessé Ferdeira,29,Brazil,69,69,Associação Chapecoense de Futebol,1200000.0,8000.0,LB
Ataúlfo Anjos,29,Brazil,69,69,Associação Chapecoense de Futebol,1200000.0,8000.0,RB
Bruno Fagundeiro,21,Brazil,69,69,Cuiabá,1600000.0,6000.0,CAM
Emidio Hoffman,25,Brazil,69,69,RB Bragantino,1300000.0,7000.0,CB
Césario Limberg,25,Brazil,69,69,São Paulo,1300000.0,14000.0,CB
Weilson Leal,33,Brazil,69,69,Cuiabá,875000.0,8000.0,LM
Roldão Riso,29,Brazil,69,69,Grêmio,1200000.0,13000.0,CDM
Hedson Porfírio,25,Brazil,69,69,Associação Chapecoense de Futebol,1500000.0,9000.0,LW
Diogildo Peixe,21,Brazil,69,69,Atlético Clube Goianiense,1600000.0,5000.0,CAM
Sandro Maceira,29,Brazil,69,69,Club Athletico Paranaense,1400000.0,8000.0,CAM
Adão Salvadaldo,25,Brazil,69,72,Club Athletico Paranaense,1900000.0,8000.0,ST
Sevinho Santos,21,Brazil,69,69,Fortaleza,1700000.0,6000.0,ST
Kaio Figueiras,29,Brazil,69,69,Club Athletico Paranaense,1200000.0,7000.0,LB
Lucas Taylor,26,Brazil,69,72,PAOK,1700000.0,600.0,RB
J. Clarke-Salter,23,England,69,76,Coventry City,2600000.0,30000.0,CB
Pedro Pereira,23,Portugal,69,77,AC Monza,3100000.0,2000.0,RM
R. Holgado,26,Argentina,69,72,Gimnasia y Esgrima La Plata,1800000.0,9000.0,ST
P. Ghiglione,24,Italy,69,75,Genoa,2200000.0,7000.0,RM
P. Erras,26,Germany,69,72,Holstein Kiel,1600000.0,11000.0,CDM
José Amo,23,Spain,69,78,SD Ponferradina,2900000.0,4000.0,CB
F. Bandinelli,26,Italy,69,72,Empoli,1800000.0,20000.0,CM
A. Soto,27,Argentina,69,69,Defensa y Justicia,1300000.0,8000.0,LB
F. Reese,23,Germany,69,74,Holstein Kiel,2100000.0,11000.0,LW
K. Davis,23,England,69,75,Aston Villa,2200000.0,25000.0,ST
M. Prévot,24,France,69,74,FC Sochaux-Montbéliard,1700000.0,2000.0,GK
E. Oelschlägel,25,Germany,69,74,FC Utrecht,1600000.0,6000.0,GK
Daniel dos Anjos,25,Brazil,69,74,CD Tondela,2100000.0,4000.0,ST
L. Comas,26,Argentina,69,70,Patronato,1600000.0,8000.0,LM
D. Sappa,26,Argentina,69,74,Arsenal de Sarandí,1600000.0,5000.0,GK
S. Colombatto,24,Argentina,69,74,Club León,2100000.0,10000.0,CM
F. Mac Allister,25,Argentina,69,74,Club Atlético Talleres,1900000.0,7000.0,CDM
L. Gómez,25,Argentina,69,74,Argentinos Juniors,1900000.0,7000.0,RB
J. Torres,24,Argentina,69,74,Club de Foot Montréal,2100000.0,7000.0,CF
M. Hartel,25,Germany,69,72,FC St. Pauli,1800000.0,9000.0,CM
V. Henry,27,France,69,70,FC Sochaux-Montbéliard,1500000.0,4000.0,RWB
Pomares,28,Spain,69,69,CD Tenerife,1300000.0,5000.0,LB
R. Bormuth,25,Germany,69,73,Karlsruher SC,1700000.0,7000.0,CB
Thiago Martins,26,Brazil,69,72,Yokohama F. Marinos,1600000.0,6000.0,CB
N. Leguizamón,26,Argentina,69,72,Club Atlético Colón,1800000.0,7000.0,ST
Júnior Morais,34,Brazil,69,69,Rapid București,500000.0,5000.0,LB
L. Mühl,24,Germany,69,75,FK Austria Wien,2000000.0,8000.0,CB
Caio Padricio,29,Brazil,69,69,Atlético Clube Goianiense,950000.0,6000.0,GK
Caio Tafarell,29,Brazil,69,69,Juventude,1200000.0,11000.0,CDM
Allan Ardaújo,33,Brazil,69,69,Associação Chapecoense de Futebol,875000.0,8000.0,CAM
Wilson Sosán,25,Brazil,69,69,Atlético Clube Goianiense,1500000.0,7000.0,RM
G. Maroni,22,Argentina,69,79,Club Atlas,3100000.0,6000.0,CAM
M. Schubert,23,Germany,69,76,Vitesse,2400000.0,5000.0,GK
Yan,22,Brazil,69,78,Moreirense FC,3100000.0,6000.0,RM
Jaílson,25,Brazil,69,72,Dalian Professional Football Club,1600000.0,7000.0,CB
Martínez,28,Spain,69,70,FC Dallas,1300000.0,4000.0,CB
N. Shipnoski,23,Germany,69,75,Fortuna Düsseldorf,2200000.0,10000.0,RM
A. Diakhaby,24,France,69,72,Amiens SC,1900000.0,3000.0,RM
M. Besuschkow,24,Germany,69,74,SSV Jahn Regensburg,1900000.0,5000.0,CDM
João Amaral,29,Portugal,69,69,Lech Poznań,1400000.0,6000.0,CAM
A. Sissako,23,France,69,75,SV Zulte Waregem,2000000.0,6000.0,CDM
G. Gudiño,28,Argentina,69,69,Patronato,1400000.0,8000.0,RM
M. Di Gregorio,23,Italy,69,74,AC Monza,1700000.0,2000.0,GK
G. Gómez,25,Argentina,69,74,Racing Club,1600000.0,6000.0,GK
Daniel Mestrança,25,Brazil,69,69,Atlético Clube Goianiense,1400000.0,6000.0,LB
João Basso,24,Brazil,69,78,FC Arouca,2900000.0,3000.0,CB
Josema,25,Spain,69,76,Elche CF,2500000.0,8000.0,CB
Lasure,27,Spain,69,70,Real Zaragoza,1500000.0,5000.0,LB
R. Glatzel,27,Germany,69,70,Hamburger SV,1600000.0,8000.0,ST
S. Shashoua,22,England,69,79,CD Tenerife,3200000.0,5000.0,ST
L. Grill,22,Germany,69,76,SK Brann,2400000.0,13000.0,GK
Pedro Marques,23,Portugal,69,78,Futebol Clube de Famalicão,3100000.0,6000.0,ST
Y. Maleh,22,Italy,69,78,Fiorentina,3100000.0,19000.0,CM
Bruno Wilson,24,Portugal,69,77,FC Vizela,2900000.0,3000.0,CB
M. Wilks,22,England,69,77,Hull City,3100000.0,6000.0,RM
Cris Salvador,26,Spain,69,74,SD Huesca,1800000.0,6000.0,CDM
Carlinhos Junior,26,Brazil,69,70,Shimizu S-Pulse,1700000.0,3000.0,ST
T. Edwards,22,England,69,77,New York Red Bulls,3000000.0,11000.0,RB
R. Brewster,21,England,69,80,Sheffield United,3200000.0,11000.0,ST
L. Weinkauf,24,Germany,69,73,MSV Duisburg,1600000.0,8000.0,GK
S. Mai,27,Germany,69,70,SG Dynamo Dresden,1400000.0,8000.0,CB
M. Schröter,25,Germany,69,70,SG Dynamo Dresden,1700000.0,8000.0,RM
K. Broll,25,Germany,69,74,SG Dynamo Dresden,1600000.0,6000.0,GK
L. Wing,26,England,69,71,Sheffield Wednesday,1700000.0,14000.0,CM
Lucas Possignolo,27,Brazil,69,72,Portimonense SC,1600000.0,4000.0,CB
Juan Alano,24,Brazil,69,72,Kashima Antlers,1900000.0,5000.0,RM
U. Bozok,24,France,69,74,Kasimpaşa SK,2100000.0,9000.0,ST
R. Schallenberg,22,Germany,69,76,SC Paderborn 07,2700000.0,7000.0,CDM
D. Eckert Ayensa,24,Germany,69,74,FC Ingolstadt 04,2100000.0,9000.0,ST
T. Handwerker,23,Germany,69,75,1. FC Nürnberg,2100000.0,5000.0,LB
Glauder,25,Spain,69,74,SD Eibar,1900000.0,5000.0,LB
D. Frattesi,21,Italy,69,81,U.S. Sassuolo Calcio,3400000.0,11000.0,CM
D. Batubinsika,25,France,69,74,Futebol Clube de Famalicão,1800000.0,4000.0,CB
C. Mandouki,29,France,69,69,Paris FC,1200000.0,4000.0,CDM
L. Sequeira,26,Argentina,69,70,Club Atlético Central Córdoba,1600000.0,7000.0,RM
J. Mbom,21,Germany,69,79,SV Werder Bremen,3000000.0,4000.0,RB
L. Vera,24,Argentina,69,75,Club Atlético Huracán,2200000.0,7000.0,CM
G. Risso Patrón,25,Argentina,69,74,Atlético Tucumán,1900000.0,6000.0,LB
M. Bird,20,England,69,77,Derby County,2900000.0,5000.0,CDM
F. Feuillassier,23,Argentina,69,76,SD Eibar,2800000.0,5000.0,LM
Nolaskoain,22,Spain,69,76,Athletic Club de Bilbao,2800000.0,10000.0,CM
Igor,23,Brazil,69,78,Fiorentina,2900000.0,17000.0,CB
Sergio Gómez,20,Spain,69,78,RSC Anderlecht,3100000.0,8000.0,RM
M. Retegui,22,Argentina,69,77,Club Atlético Talleres,3200000.0,7000.0,ST
J. Méndez,24,Argentina,69,76,Club Atlético Talleres,2600000.0,6000.0,CDM
F. Moyano,23,Argentina,69,74,Argentinos Juniors,2100000.0,6000.0,CM
G. Mainero,26,Argentina,69,70,Club Atlético Sarmiento,1600000.0,8000.0,RW
A. Almendra,21,Argentina,69,79,Boca Juniors,3100000.0,6000.0,CM
Carlos Miguel,24,Brazil,69,75,New York Red Bulls,1800000.0,8000.0,GK
F. Vera,21,Argentina,69,83,Argentinos Juniors,3400000.0,5000.0,CM
G. Lódico,23,Argentina,69,76,Club Atlético Aldosivi,2800000.0,7000.0,CM
Rafael Barbosa,25,Portugal,69,74,CD Tondela,2000000.0,4000.0,CAM
Pejiño,24,Spain,69,72,Unión Deportiva Las Palmas,1900000.0,5000.0,LM
S. Ambrosius,22,Germany,69,78,Hamburger SV,2900000.0,6000.0,CB
N. Ferguson,20,England,69,77,Crystal Palace,2900000.0,15000.0,RB
K. Sessa,20,Germany,69,76,1. FC Heidenheim 1846,2700000.0,9000.0,CM
Hugo Duro,21,Spain,69,81,Valencia CF,3500000.0,10000.0,ST
F. Apaolaza,24,Argentina,69,74,Estudiantes de La Plata,2100000.0,6000.0,ST
M. Wintzheimer,22,Germany,69,75,Hamburger SV,2300000.0,7000.0,ST
I. Poveda,21,England,69,80,Blackburn Rovers,3100000.0,23000.0,RM
L. Perrin,22,France,69,74,RC Strasbourg Alsace,1900000.0,13000.0,CB
T. Badaloni,21,Argentina,69,78,Godoy Cruz,3200000.0,5000.0,ST
Fernando Andrade,28,Brazil,69,69,Al Fayha,1400000.0,7000.0,LM
R. Giles,21,England,69,79,Cardiff City,3000000.0,20000.0,LWB
J. Garner,20,England,69,84,Nottingham Forest,3200000.0,26000.0,CDM
M. Hiller,24,Germany,69,76,TSV 1860 München,2400000.0,1000.0,GK
Allan Sousa,24,Brazil,69,74,Vejle Boldklub,2100000.0,5000.0,RM
Diogo Mendes,23,Portugal,69,78,Clube Sport Marítimo,2900000.0,4000.0,CDM
Jesús Jiménez,27,Spain,69,69,Górnik Zabrze,1500000.0,5000.0,ST
D. Undav,24,Germany,69,73,Royale Union Saint-Gilloise,2000000.0,8000.0,ST
Jorge Félix,29,Spain,69,69,Demir Grup Sivasspor,1400000.0,10000.0,ST
Pol Lozano,21,Spain,69,79,Girona FC,3100000.0,7000.0,CM
Elady,30,Spain,69,69,CD Tenerife,1400000.0,6000.0,ST
L. Czyborra,22,Germany,69,76,DSC Arminia Bielefeld,2700000.0,7000.0,LB
M. Pellegrini,21,Argentina,69,79,Estudiantes de La Plata,3100000.0,3000.0,LM
M. Comba,27,Argentina,69,69,Newell's Old Boys,1500000.0,8000.0,RM
Stoichkov,27,Spain,69,70,SD Eibar,1600000.0,6000.0,ST
Diego Pituca,28,Brazil,69,69,Kashima Antlers,1400000.0,5000.0,CM
M. Bauer,21,Germany,69,77,SpVgg Greuther Fürth,2900000.0,8000.0,CB
Luca Sangalli,26,Spain,69,71,Real Sociedad B,1700000.0,4000.0,CM
Guerrero,23,Spain,69,77,FC Zürich,3000000.0,7000.0,LB
J. Shackleton,21,England,69,79,Leeds United,3100000.0,23000.0,CM
Rober,20,Spain,69,81,Real Betis Balompié,3400000.0,8000.0,RM
L. Binks,19,England,69,81,Bologna,3100000.0,7000.0,CB
Andrés Martín,21,Spain,69,80,Rayo Vallecano,3200000.0,8000.0,ST
Iñaki Peña,22,Spain,69,80,FC Barcelona,2700000.0,29000.0,GK
F. Navarro,21,Argentina,69,81,Chicago Fire Football Club,3200000.0,3000.0,CDM
F. Girotti,22,Argentina,69,79,River Plate,3200000.0,8000.0,ST
Javi Mier,22,Spain,69,78,Real Oviedo,3100000.0,5000.0,CM
Álvaro Valles,23,Spain,69,76,Unión Deportiva Las Palmas,2400000.0,3000.0,GK
Jaume Grau,24,Spain,69,78,CA Osasuna,2900000.0,10000.0,CDM
Campuzano,24,Spain,69,75,Real Sporting de Gijón,2200000.0,5000.0,ST
Víctor Ruiz,27,Spain,69,70,FC St. Gallen 1879,1600000.0,6000.0,CAM
J. Ngakia,20,England,69,81,Watford,3200000.0,15000.0,RB
J. Mellot,27,France,69,70,CD Tenerife,1500000.0,5000.0,RB
L. Kilian,21,Germany,69,76,1. FC Köln,2600000.0,8000.0,CB
K. Koné,20,France,69,82,Borussia Mönchengladbach,3300000.0,9000.0,CM
Anderson Oliveira,23,Brazil,69,78,Beijing Guoan FC,3100000.0,10000.0,ST
E. Lombardo,24,France,69,75,SD Huesca,2200000.0,6000.0,LM
M. Klimowicz,20,Germany,69,80,VfB Stuttgart,3100000.0,10000.0,CF
Álex Bermejo,22,Spain,69,78,CD Tenerife,3100000.0,5000.0,LM
P. Cucchi,28,Argentina,69,69,Club Atlético Sarmiento,1400000.0,7000.0,ST
L. Brassier,21,France,69,76,Stade Brestois 29,2600000.0,6000.0,CB
T. Krauß,20,Germany,69,79,1. FC Nürnberg,2900000.0,18000.0,CDM
V. Tasar,24,Germany,69,74,FC Luzern,2100000.0,7000.0,RM
T. Pobega,21,Italy,69,80,Torino F.C.,3100000.0,12000.0,CM
Riccieli,22,Brazil,69,79,Futebol Clube de Famalicão,2900000.0,4000.0,CB
Patrick William,24,Brazil,69,77,Estoril Praia,2900000.0,4000.0,CB
P. Cornud,24,France,69,75,Real Oviedo,2100000.0,4000.0,LB
Marcinho,26,Brazil,69,70,Kawasaki Frontale,1600000.0,7000.0,RW
Bruno Duarte,25,Brazil,69,74,Vitória de Guimarães,2100000.0,6000.0,ST
Ismael Casas,20,Spain,69,80,Málaga CF,2900000.0,3000.0,RB
Y. Gboho,20,France,69,77,Vitesse,3100000.0,14000.0,LM
Ramón Enríquez,20,Spain,69,81,Málaga CF,3300000.0,4000.0,CM
F. Pérez,21,Argentina,69,80,Club Atlético Lanús,3100000.0,6000.0,CM
S. Pierotti,20,Argentina,69,79,Club Atlético Colón,3000000.0,5000.0,CM
F. Calderón,23,Argentina,69,74,Unión de Santa Fe,1900000.0,6000.0,CB
Francés,18,Spain,69,82,Real Zaragoza,3000000.0,1000.0,CB
F. Paredes,22,Argentina,69,76,Defensa y Justicia,2700000.0,6000.0,RB
M. Chahiri,24,France,69,72,Stade Malherbe Caen,1900000.0,10000.0,LM
Samú Costa,20,Portugal,69,82,Unión Deportiva Almería,3200000.0,4000.0,CDM
P. Kalulu,21,France,69,82,AC Milan,3300000.0,11000.0,RB
J. Justvan,23,Germany,69,76,SC Paderborn 07,2800000.0,7000.0,CAM
M. Dárdai,19,Germany,69,83,Hertha BSC,3100000.0,9000.0,CB
A. Stach,22,Germany,69,77,1. FSV Mainz 05,3000000.0,9000.0,CDM
N. Bätzner,21,Germany,69,78,KV Oostende,3100000.0,5000.0,CAM
Rubén Díez,27,Spain,69,69,CD Tenerife,1500000.0,5000.0,RM
Miguel Baeza,21,Spain,69,80,RC Celta de Vigo,3100000.0,8000.0,LM
Lucas Silva,23,Brazil,69,74,FC Paços de Ferreira,2100000.0,5000.0,RW
C. Matsima,19,France,69,81,AS Monaco,3100000.0,10000.0,CB
Caio Alexandre,22,Brazil,69,75,Vancouver Whitecaps FC,2200000.0,4000.0,CM
Afonso Sousa,21,Portugal,69,82,Belenenses SAD,3400000.0,3000.0,LW
Jofre Carreras,20,Spain,69,81,RCD Espanyol de Barcelona,3400000.0,7000.0,RW
F. Vera,23,Argentina,69,75,Unión de Santa Fe,2100000.0,6000.0,RWB
K. Zenón,20,Argentina,69,79,Unión de Santa Fe,3100000.0,6000.0,LW
Juan Iglesias,22,Spain,69,77,Getafe CF,3000000.0,10000.0,RB
A. Varela,19,Argentina,69,83,Boca Juniors,3100000.0,4000.0,CDM
Kaio Jorge,19,Brazil,69,82,Juventus,3300000.0,19000.0,ST
Léo Ceará,26,Brazil,69,72,Yokohama F. Marinos,1800000.0,7000.0,ST
Carles Soria,24,Spain,69,75,Estoril Praia,2100000.0,3000.0,RB
Daniel Figueira,22,Portugal,69,77,Estoril Praia,2700000.0,2000.0,GK
Guilherme Ramos,23,Portugal,69,76,DSC Arminia Bielefeld,2600000.0,9000.0,CB
Matheus Thuler,22,Brazil,69,76,Montpellier Hérault SC,2600000.0,9000.0,CB
J. Defoe,38,England,68,68,Rangers FC,400000.0,16000.0,ST
T. Huddlestone,34,England,68,68,Hull City,400000.0,6000.0,CDM
A. Walke,38,Germany,68,68,FC Red Bull Salzburg,130000.0,5000.0,GK
Seoane,38,Spain,68,68,CD Lugo,240000.0,2000.0,CDM
R. Stearman,33,England,68,68,Derby County,575000.0,6000.0,CB
M. Stoppelkamp,34,Germany,68,68,MSV Duisburg,575000.0,4000.0,LM
H. Lamberti,37,Argentina,68,68,Platense,240000.0,4000.0,CDM
E. Culio,37,Argentina,68,68,CFR Cluj,375000.0,5000.0,CM
J. Young,35,England,68,68,Western United FC,130000.0,750.0,GK
R. Riou,33,France,68,68,Stade Malherbe Caen,400000.0,2000.0,GK
L. Peltier,34,England,68,68,Middlesbrough,450000.0,11000.0,RB
D. Simpson,34,England,68,68,Bristol City,450000.0,12000.0,RB
S. Hutchinson,31,England,68,68,Sheffield Wednesday,825000.0,3000.0,CB
David Fernández,36,Spain,68,68,AD Alcorcón,220000.0,3000.0,CB
L. Tomlin,32,England,68,68,Cardiff City,950000.0,14000.0,CAM
D. Button,32,England,68,68,West Bromwich Albion,600000.0,12000.0,GK
A. Beck,34,Germany,68,68,KAS Eupen,450000.0,5000.0,RWB
M. Coutadeur,35,France,68,68,AC Ajaccio,350000.0,2000.0,CDM
Adrián González,33,Spain,68,68,Real Zaragoza,750000.0,5000.0,CM
C. Avinel,34,France,68,68,AC Ajaccio,400000.0,3000.0,CB
D. Marcq,32,France,68,68,Royale Union Saint-Gilloise,800000.0,6000.0,CDM
R. Armand,34,France,68,68,Pau FC,575000.0,3000.0,ST
T. Kirschbaum,34,Germany,68,68,SSV Jahn Regensburg,210000.0,4000.0,GK
J. Henry,32,England,68,68,Oxford United,950000.0,5000.0,CM
J. van den Bergh,34,Germany,68,68,Holstein Kiel,450000.0,9000.0,LB
S. Mölders,36,Germany,68,68,TSV 1860 München,400000.0,2000.0,ST
N. Müller,33,Germany,68,68,Central Coast Mariners,750000.0,2000.0,CAM
Ricardo Ferreira,31,Portugal,68,68,Portimonense SC,650000.0,3000.0,GK
J. Emmanuel-Thomas,30,England,68,68,Aberdeen,1200000.0,4000.0,ST
L. Daniels,33,England,68,68,Middlesbrough,400000.0,9000.0,GK
Wellington,33,Brazil,68,68,Shonan Bellmare,775000.0,2000.0,ST
R. Wolf,33,Germany,68,68,Fortuna Düsseldorf,400000.0,7000.0,GK
Manu Barreiro,34,Spain,68,68,CD Lugo,575000.0,4000.0,ST
R. Noir,34,Argentina,68,68,Club Atlético Palmaflor,575000.0,500.0,LM
A. Tuia,31,Italy,68,68,Lecce,825000.0,2000.0,CB
A. Coeff,29,France,68,69,AJ Auxerre,1100000.0,3000.0,CB
D. Rudd,30,England,68,68,Preston North End,800000.0,10000.0,GK
B. Poulain,33,France,68,68,KAS Eupen,575000.0,5000.0,CB
Laure,36,Spain,68,68,AD Alcorcón,275000.0,3000.0,RB
A. Esswein,31,Germany,68,68,SV Sandhausen,1000000.0,4000.0,ST
Edu Bedia,32,Spain,68,68,FC Goa,950000.0,1000.0,CM
Adaílton,30,Brazil,68,68,FC Tokyo,1200000.0,5000.0,LW
M. Frantz,34,Germany,68,68,Hannover 96,550000.0,11000.0,CM
João Victor,32,Brazil,68,68,Hyderabad FC,800000.0,700.0,CDM
F. Mancinelli,39,Argentina,68,68,Club Atlético Sarmiento,220000.0,3000.0,CB
Kléber,31,Brazil,68,68,Yokohama FC,1000000.0,2000.0,ST
L. Garbutt,28,England,68,68,Blackpool,1100000.0,6000.0,LB
G. Nauber,29,Germany,68,68,Go Ahead Eagles,1000000.0,4000.0,CB
S. Jung,31,Germany,68,68,Karlsruher SC,875000.0,6000.0,RB
N. Thompson,30,England,68,68,Peterborough United,1000000.0,6000.0,CB
R. Nouri,36,France,68,68,AC Ajaccio,400000.0,2000.0,LM
M. Correia,32,Portugal,68,68,SC Paderborn 07,775000.0,6000.0,CB
C. Moritz,31,Germany,68,68,SSV Jahn Regensburg,850000.0,5000.0,CDM
S. Moore,31,England,68,68,Coventry City,650000.0,7000.0,GK
J. Delle,31,France,68,68,KV Kortrijk,650000.0,5000.0,GK
D. Ward,30,England,68,68,Huddersfield Town,1200000.0,5000.0,ST
Javi Ros,31,Spain,68,68,Real Zaragoza,1000000.0,5000.0,CM
J. Bond,28,England,68,70,LA Galaxy,1000000.0,3000.0,GK
L. Marín,29,Argentina,68,68,Patronato,1100000.0,6000.0,RB
Carlos Ruiz,37,Spain,68,68,CD Tenerife,220000.0,3000.0,CB
Jorge Teixeira,34,Portugal,68,68,Sint-Truidense VV,400000.0,6000.0,CB
M. Gorgelin,30,France,68,68,Le Havre AC,800000.0,3000.0,GK
R. Allsop,29,England,68,68,Derby County,825000.0,5000.0,GK
J. Forster-Caskey,27,England,68,69,Charlton Athletic,1400000.0,4000.0,CM
T. Ince,29,England,68,68,Stoke City,1200000.0,12000.0,RM
Bruno Uvini,30,Brazil,68,68,FC Tokyo,1000000.0,5000.0,CB
J. Obita,27,England,68,68,Wycombe Wanderers,1200000.0,4000.0,LB
C. Jenkinson,29,England,68,68,Nottingham Forest,1100000.0,18000.0,RB
D. Thomalla,28,Germany,68,68,1. FC Heidenheim 1846,1200000.0,11000.0,CF
G. Bussmann,30,France,68,68,FC Erzgebirge Aue,1000000.0,4000.0,LB
Diego Rigonato,33,Brazil,68,68,Deportivo Toluca,625000.0,8000.0,LB
Ivo Gonçalves,37,Portugal,68,68,FC Vizela,130000.0,1000.0,GK
J. Riedel,29,Germany,68,68,F.C. Hansa Rostock,1000000.0,5000.0,CB
Patric,33,Brazil,68,68,Gamba Osaka,775000.0,6000.0,ST
J. Clark,27,England,68,68,Luton Town,1300000.0,7000.0,RW
J. Ruffels,27,England,68,68,Huddersfield Town,1200000.0,4000.0,LWB
Noguera,31,Spain,68,68,FC Goa,1000000.0,1000.0,CAM
Giovanni,31,Brazil,68,68,Mazatlán Futbol Club,1000000.0,6000.0,LM
S. Vergini,32,Argentina,68,68,Atlético Tucumán,775000.0,6000.0,CB
Y. Stark,30,Germany,68,68,SG Dynamo Dresden,1000000.0,6000.0,CDM
C. Wyke,28,England,68,68,Wigan Athletic,1200000.0,3000.0,ST
Cristian Herrera,30,Spain,68,68,UD Ibiza,1200000.0,4000.0,RM
G. Núñez,33,Argentina,68,68,Club Atlético Sarmiento,750000.0,5000.0,LM
J. Alnwick,28,England,68,69,St. Mirren,950000.0,3000.0,GK
Adryan,26,Brazil,68,68,FC Sion,1300000.0,10000.0,LM
D. Léon,28,France,68,70,AJ Auxerre,1000000.0,3000.0,GK
M. Bennett,24,England,68,71,Millwall,1600000.0,6000.0,LW
C. Thompson,27,England,68,68,Wycombe Wanderers,1100000.0,4000.0,CDM
C. Insaurralde,29,Argentina,68,68,Unión de Santa Fe,1200000.0,7000.0,LW
Luís Martins,29,Portugal,68,68,Sporting Kansas City,1100000.0,4000.0,LB
T. Naylor,30,England,68,68,Wigan Athletic,1000000.0,2000.0,CDM
Pablo Iñiguez,27,Spain,68,71,Villarreal CF,1400000.0,11000.0,CB
B. Potts,26,England,68,69,Preston North End,1400000.0,14000.0,CAM
Felipe,30,Brazil,68,68,D.C. United,1000000.0,3000.0,CDM
J. Sánchez Sotelo,33,Argentina,68,68,Club Deportivo Palestino,775000.0,2000.0,ST
S. Thesker,30,Germany,68,68,Holstein Kiel,1000000.0,9000.0,CB
Ewerton,28,Brazil,68,68,Portimonense SC,1200000.0,4000.0,CM
T. De Vincenti,32,Argentina,68,68,APOEL Nicosia FC,950000.0,550.0,CM
F. Brillant,36,France,68,68,D.C. United,220000.0,2000.0,CB
E. Valentini,32,Germany,68,68,1. FC Nürnberg,825000.0,5000.0,RB
S. Nachreiner,32,Germany,68,68,SSV Jahn Regensburg,775000.0,5000.0,CB
P. Ziereis,28,Germany,68,70,FC St. Pauli,1200000.0,7000.0,CB
M. Modolo,32,Italy,68,68,Venezia FC,775000.0,8000.0,CB
Éverton Luiz,33,Brazil,68,68,Real Salt Lake,600000.0,3000.0,CDM
Rogério,30,Brazil,68,68,Club Universidad Nacional,1200000.0,6000.0,ST
B. Saller,28,Germany,68,68,SSV Jahn Regensburg,1100000.0,5000.0,RB
C. Burgess,29,England,68,68,Royale Union Saint-Gilloise,1000000.0,7000.0,CB
T. Pledl,27,Germany,68,68,Fortuna Düsseldorf,1300000.0,10000.0,RM
Renato Augusto,28,Brazil,68,69,Shimizu S-Pulse,1200000.0,2000.0,CDM
D. Linsmayer,29,Germany,68,68,FC Ingolstadt 04,1000000.0,8000.0,CDM
M. Steinmann,26,Germany,68,69,Brisbane Roar,1400000.0,3000.0,CM
Elsinho,31,Brazil,68,68,Shimizu S-Pulse,875000.0,2000.0,RB
T. Peyre,28,France,68,69,KV Mechelen,1100000.0,6000.0,CB
B. Meccariello,30,Italy,68,68,Lecce,1000000.0,2000.0,CB
Caye Quintana,27,Spain,68,68,Śląsk Wrocław,1300000.0,5000.0,ST
Nono,30,Spain,68,68,UD Ibiza,1200000.0,4000.0,RM
P. Faragò,28,Italy,68,68,Cagliari,1100000.0,12000.0,RB
M. Schnatterer,35,Germany,68,68,SV Waldhof Mannheim 07,500000.0,2000.0,RM
T. Knipping,28,Germany,68,69,SG Dynamo Dresden,1100000.0,7000.0,CB
R. Leipertz,28,Germany,68,68,1. FC Heidenheim 1846,1200000.0,10000.0,RM
E. Yeşilyurt,27,Germany,68,68,Demir Grup Sivasspor,1300000.0,8000.0,RM
Reis,28,Brazil,68,68,GwangJu FC,1200000.0,3000.0,CAM
U. Taffertshofer,29,Germany,68,68,VfL Osnabrück,1000000.0,3000.0,CDM
F. Lohkemper,26,Germany,68,70,1. FC Nürnberg,1500000.0,6000.0,ST
Rafinha,28,Brazil,68,68,Club The Strongest,1200000.0,550.0,ST
R. Healey,26,England,68,71,Toulouse Football Club,1600000.0,4000.0,ST
C. Morris,25,England,68,71,Barnsley,1600000.0,17000.0,ST
Lucas,28,Brazil,68,68,Al Tai,1000000.0,8000.0,CB
S. Sáez,36,Argentina,68,68,Unión La Calera,400000.0,1000.0,ST
Welinton Júnior,28,Brazil,68,68,Shonan Bellmare,1200000.0,4000.0,ST
M. Laba,29,Argentina,68,68,Unión La Calera,1000000.0,2000.0,CDM
Ó. Benítez,28,Argentina,68,68,Atlético Tucumán,1200000.0,6000.0,RM
J. Marriott,26,England,68,68,Peterborough United,1300000.0,7000.0,ST
C. Riaño,32,Argentina,68,68,Club Atlético Central Córdoba,975000.0,6000.0,ST
P. Alvarado,35,Argentina,68,68,Club Deportivo Palestino,325000.0,1000.0,CB
S. Pol,33,Argentina,68,68,Club de Deportes Cobresal,775000.0,2000.0,ST
G. Hachen,30,Argentina,68,68,Defensa y Justicia,1200000.0,7000.0,ST
M. Urruti,30,Argentina,68,68,Houston Dynamo,1200000.0,4000.0,ST
A. Maraval,27,France,68,71,USL Dunkerque,1200000.0,2000.0,GK
E. Olivera,31,Argentina,68,68,Atlético Nacional,825000.0,1000.0,CB
E. Godoy,27,Argentina,68,69,Vancouver Whitecaps FC,1200000.0,3000.0,CB
C. Rigamonti,34,Argentina,68,68,Club Atlético Central Córdoba,210000.0,4000.0,GK
L. Lollo,34,Argentina,68,68,Club Atlético Banfield,400000.0,6000.0,CB
T. Figueroa,29,Argentina,68,68,CD Antofagasta,1200000.0,2000.0,ST
L. Albertengo,30,Argentina,68,68,Arsenal de Sarandí,1200000.0,5000.0,ST
G. Gil Romero,28,Argentina,68,69,Club Atlético Aldosivi,1200000.0,5000.0,CDM
A. Mehring,27,Argentina,68,71,Club Atlético Central Córdoba,1200000.0,4000.0,GK
G. Graciani,28,Argentina,68,68,Club Atlético Sarmiento,1200000.0,6000.0,RM
F. Curuchet,31,Argentina,68,68,Platense,1000000.0,6000.0,ST
Naranjo,26,Spain,68,68,SD Ponferradina,1300000.0,4000.0,ST
Alberto,28,Spain,68,69,CD Tenerife,1100000.0,4000.0,CB
G. Kilota,27,France,68,68,Seraing,1200000.0,6000.0,LB
D. Watmore,27,England,68,68,Middlesbrough,1300000.0,13000.0,ST
F. Ballas,28,Germany,68,70,FC Erzgebirge Aue,1200000.0,4000.0,CB
J. Zimmer,27,Germany,68,68,1. FC Kaiserslautern,1300000.0,3000.0,RM
Raphael Silva,29,Brazil,68,68,Al Faisaly,1000000.0,7000.0,CB
J. Grant,26,England,68,69,Peterborough United,1400000.0,6000.0,CM
J. Windass,27,England,68,69,Sheffield Wednesday,1400000.0,4000.0,ST
M. Heinloth,29,Germany,68,68,FC Ingolstadt 04,1100000.0,8000.0,RB
N. Paz,28,Argentina,68,70,Crotone,1200000.0,5000.0,CB
C. Bordacahar,29,Argentina,68,68,FBC Melgar,1200000.0,500.0,RW
Gabriel Xavier,27,Brazil,68,68,Nagoya Grampus,1300000.0,3000.0,CAM
N. Körber,24,Germany,68,73,Hertha BSC,1500000.0,10000.0,GK
J. Mauri,25,Italy,68,73,Sporting Kansas City,1800000.0,4000.0,CM
G. Paquiez,27,France,68,69,Nîmes Olympique,1300000.0,3000.0,RB
F. Kent,25,England,68,72,Peterborough United,1500000.0,5000.0,CB
L. González,27,Argentina,68,70,Godoy Cruz,1300000.0,4000.0,CB
Óscar Whalley,27,Spain,68,71,CD Lugo,1200000.0,3000.0,GK
João Afonso,26,Brazil,68,71,Gil Vicente FC,1400000.0,4000.0,CDM
L. Houri,25,France,68,73,Universitatea Craiova,1800000.0,6000.0,CAM
T. Ambrose,24,France,68,74,KV Oostende,1900000.0,5000.0,LM
R. Burke,24,England,68,73,Luton Town,1600000.0,5000.0,CB
K. Dempsey,25,England,68,71,Gillingham,1600000.0,5000.0,CM
L. Villalba,26,Argentina,68,69,Universidad Técnica de Cajamarca,1400000.0,500.0,LM
J. Bree,23,England,68,75,Luton Town,2300000.0,5000.0,RB
D. Ball,25,England,68,72,Queens Park Rangers,1500000.0,7000.0,CDM
David Goldar,26,Spain,68,71,UD Ibiza,1400000.0,3000.0,CB
R. Aarons,25,England,68,71,Huddersfield Town,1600000.0,5000.0,LW
Pleguezuelo,24,Spain,68,73,FC Twente,1600000.0,4000.0,CB
F. Escobar,26,Argentina,68,71,Newell's Old Boys,1500000.0,3000.0,RB
Leandro Pereira,29,Brazil,68,68,Gamba Osaka,1200000.0,6000.0,ST
L. Zander,25,Germany,68,71,FC St. Pauli,1500000.0,7000.0,RB
T. Walker,24,England,68,74,Coventry City,1900000.0,9000.0,ST
L. Acevedo,29,Argentina,68,68,Platense,1000000.0,6000.0,CB
L. Berry,28,England,68,68,Luton Town,1200000.0,6000.0,CM
L. Mpasi,26,France,68,72,Rodez Aveyron Football,1300000.0,2000.0,GK
M. Engels,27,Germany,68,68,Sparta Rotterdam,1300000.0,5000.0,LM
F. Bredlow,26,Germany,68,71,VfB Stuttgart,1200000.0,8000.0,GK
P. Bourdin,27,France,68,69,K Beerschot VA,1300000.0,5000.0,LB
Eguaras,29,Spain,68,68,Real Zaragoza,1200000.0,5000.0,CM
G. Jung,26,Germany,68,69,SpVgg Greuther Fürth,1200000.0,9000.0,CB
S. Ojo,24,England,68,74,Millwall,1900000.0,28000.0,RM
A. Farías,33,Argentina,68,68,Club Deportivo Palestino,750000.0,2000.0,CM
L. Coyle,25,England,68,71,Hull City,1500000.0,5000.0,RB
Dani Ramírez,29,Spain,68,68,Lech Poznań,1200000.0,5000.0,CAM
B. Bahn,28,Germany,68,68,F.C. Hansa Rostock,1200000.0,5000.0,CAM
G. Alanís,27,Argentina,68,68,Club Atlético Sarmiento,1300000.0,5000.0,LM
Z. Vyner,24,England,68,75,Bristol City,2200000.0,11000.0,CB
Cristo González,23,Spain,68,74,Real Valladolid CF,1900000.0,7000.0,ST
V. Jacob,27,France,68,68,Dijon FCO,1300000.0,3000.0,LM
S. Bastoni,24,Italy,68,72,Spezia,1600000.0,6000.0,LB
Carlos Nieto,25,Spain,68,73,Real Zaragoza,1600000.0,4000.0,LB
Nathan,26,Brazil,68,71,San Jose Earthquakes,1400000.0,3000.0,CB
B. Collins,24,England,68,73,Barnsley,1500000.0,10000.0,GK
David Gil,27,Spain,68,70,Cádiz CF,1100000.0,8000.0,GK
J. George,28,Germany,68,68,SSV Jahn Regensburg,1200000.0,5000.0,CAM
Dodi,25,Brazil,68,72,Kashiwa Reysol,1700000.0,5000.0,CM
Leonardo Lopes,22,Portugal,68,75,KSV Cercle Brugge,2400000.0,5000.0,CM
J. Yates,24,England,68,72,Blackpool,1800000.0,6000.0,ST
M. Christiansen,24,Germany,68,73,SpVgg Greuther Fürth,1700000.0,8000.0,CDM
S. Cosgrove,24,England,68,72,Shrewsbury Town,1800000.0,9000.0,ST
M. Zetterer,25,Germany,68,73,SV Werder Bremen,1400000.0,4000.0,GK
C. Kirk,23,England,68,74,Charlton Athletic,1900000.0,4000.0,LW
N. Tripichio,25,Argentina,68,71,Defensa y Justicia,1500000.0,6000.0,RB
L. Fröde,26,Germany,68,69,F.C. Hansa Rostock,1300000.0,6000.0,CDM
D. Burnić,23,Germany,68,76,1. FC Heidenheim 1846,2700000.0,9000.0,CM
Jorge Ortiz,29,Spain,68,68,FC Goa,1200000.0,1000.0,LM
M. Vera,25,Argentina,68,73,Houston Dynamo,1600000.0,3000.0,CDM
B. Mansilla,24,Argentina,68,73,Platense,1800000.0,7000.0,LM
B. Gimber,24,Germany,68,74,SSV Jahn Regensburg,1800000.0,4000.0,CDM
G. Edmundson,23,England,68,77,Ipswich Town,2500000.0,5000.0,CB
J. Ward,25,England,68,70,Peterborough United,1400000.0,5000.0,RWB
M. Alphonse,31,France,68,68,Amiens SC,875000.0,3000.0,RB
Christian Rivera,23,Spain,68,77,Real Sporting de Gijón,2500000.0,4000.0,CDM
João Vigário,25,Portugal,68,72,FC Paços de Ferreira,1600000.0,4000.0,LB
Àlex Corredera,25,Spain,68,71,CD Tenerife,1600000.0,4000.0,CAM
J. Föhrenbach,25,Germany,68,72,1. FC Heidenheim 1846,1600000.0,9000.0,LB
Matheus Pereira,23,Brazil,68,76,FC Barcelona,2700000.0,35000.0,CAM
E. Adebayo,23,England,68,74,Luton Town,1900000.0,6000.0,ST
Costinha,28,Portugal,68,68,Santa Clara,1200000.0,3000.0,CAM
Victor Braga,29,Brazil,68,70,FC Arouca,1000000.0,3000.0,GK
Lucas Ahijado,26,Spain,68,71,Real Oviedo,1500000.0,4000.0,RB
E. Wekesser,23,Germany,68,73,SSV Jahn Regensburg,1700000.0,4000.0,LB
F. Ronstadt,23,Germany,68,72,SV Darmstadt 98,1600000.0,5000.0,RB
Diego,25,Brazil,68,71,Tokushima Vortis,1500000.0,2000.0,LB
Kauã Zanson,25,Brazil,68,68,Fluminense,1200000.0,8000.0,CB
Paulo Fajarda,29,Brazil,68,68,Associação Chapecoense de Futebol,1000000.0,7000.0,CB
Jadson Castrelo,25,Brazil,68,68,Fluminense,1200000.0,8000.0,CDM
Antonaldo Laforte,29,Brazil,68,68,Fluminense,1200000.0,10000.0,CAM
Kaio Aldair,29,Brazil,68,68,Fortaleza,1100000.0,6000.0,RB
Paulo Mesqueira,33,Brazil,68,68,Associação Chapecoense de Futebol,750000.0,7000.0,CM
Helito Caldeira,25,Brazil,68,68,Fluminense,1200000.0,8000.0,RB
Melvin Regalito,29,Brazil,68,68,Club Athletico Paranaense,1200000.0,7000.0,CAM
Vagnão Junior,29,Brazil,68,68,Ceará Sporting Club,1200000.0,7000.0,ST
J. Simpson,24,England,68,76,Rangers FC,2500000.0,15000.0,CB
Hugo Rama,24,Spain,68,74,CD Lugo,1900000.0,3000.0,CM
Guruzeta,24,Spain,68,73,SD Amorebieta,1800000.0,3000.0,ST
E. Rolón,26,Argentina,68,72,Boca Juniors,1500000.0,6000.0,CDM
Joni Montiel,22,Spain,68,77,Real Oviedo,2700000.0,7000.0,CAM
Lucas Fernandes,27,Brazil,68,68,Hokkaido Consadole Sapporo,1300000.0,3000.0,RM
L. Guwara,25,Germany,68,72,SSV Jahn Regensburg,1600000.0,5000.0,LB
F. Sbuttoni,32,Argentina,68,68,Club Atlético Central Córdoba,775000.0,5000.0,CB
M. Valenzuela,22,Argentina,68,75,Columbus Crew,2300000.0,3000.0,LB
M. Köhlert,23,Germany,68,74,Willem II,1900000.0,4000.0,LW
J. Koroma,22,England,68,76,Huddersfield Town,2700000.0,5000.0,LW
A. Maldonado,23,Argentina,68,77,Club Atlético Banfield,2500000.0,5000.0,CB
Ricardo Alves,30,Portugal,68,68,CD Tondela,1000000.0,3000.0,CB
Matos,26,Spain,68,71,Burgos CF,1500000.0,3000.0,LB
Tomás Nuninho,25,Brazil,68,68,Santos,1200000.0,9000.0,CDM
Óscar Sendinho,33,Brazil,68,68,Associação Chapecoense de Futebol,600000.0,6000.0,CDM
Sandeiro Leal,21,Brazil,68,68,Juventude,1400000.0,7000.0,CAM
Davide Eustáquio,29,Brazil,68,68,Santos,1200000.0,11000.0,CAM
Borja Lasso,27,Spain,68,69,CD Tenerife,1400000.0,4000.0,CAM
Flavio,25,Brazil,68,71,GZT Giresunspor,1400000.0,9000.0,CDM
Fábio China,28,Portugal,68,68,Clube Sport Marítimo,1100000.0,5000.0,LB
G. Hein,24,France,68,71,AJ Auxerre,1600000.0,3000.0,RM
R. Descamps,25,France,68,72,FC Nantes,1300000.0,7000.0,GK
N. Hauptmann,25,Germany,68,72,1. FC Köln,1700000.0,10000.0,CM
Diogo Queirós,22,Portugal,68,78,Real Valladolid CF,2500000.0,3000.0,CB
H. Mendes,23,France,68,73,FC Lorient,1700000.0,6000.0,RB
Gleison,26,Brazil,68,69,Portimonense SC,1400000.0,4000.0,LW
G. Crociata,23,Italy,68,75,Empoli,2400000.0,15000.0,CAM
R. Ache,22,Germany,68,77,Eintracht Frankfurt,2700000.0,10000.0,ST
J. Storey,23,England,68,75,Preston North End,2200000.0,11000.0,CB
H. Pickering,22,England,68,75,Blackburn Rovers,2300000.0,13000.0,LB
A. Pinamonti,22,Italy,68,75,Empoli,2500000.0,28000.0,ST
Pablo Larrea,27,Spain,68,70,CD Tenerife,1300000.0,4000.0,CDM
N. Cordero,22,Argentina,68,79,Unión de Santa Fe,2700000.0,6000.0,ST
Paulo Daineiro,25,Brazil,68,68,Ceará Sporting Club,1300000.0,6000.0,CAM
P. Neumann,23,Germany,68,73,Holstein Kiel,1700000.0,8000.0,RB
R. Marchizza,23,Italy,68,75,Empoli,2300000.0,10000.0,LB
E. Brignola,21,Italy,68,78,Benevento,2700000.0,6000.0,CAM
Guilherme Schettine,25,Brazil,68,73,FC Vizela,1800000.0,6000.0,ST
Á. Martino,23,Argentina,68,75,Club Atlético Talleres,2300000.0,5000.0,LB
Marc Gual,25,Spain,68,72,AD Alcorcón,1700000.0,5000.0,ST
L. Itter,22,Germany,68,75,SpVgg Greuther Fürth,2300000.0,8000.0,LB
A. Leautey,25,France,68,71,Gil Vicente FC,1600000.0,4000.0,LM
J. Knight,23,England,68,75,Peterborough United,2200000.0,5000.0,CB
N. Reniero,26,Argentina,68,69,Argentinos Juniors,1400000.0,8000.0,ST
H. Keyta,26,France,68,69,Santa Clara,1400000.0,3000.0,LW
F. Pick,25,Germany,68,69,1. FC Heidenheim 1846,1400000.0,9000.0,LM
N. Barrios,23,Argentina,68,74,San Lorenzo de Almagro,1900000.0,5000.0,LM
Olabe,25,Spain,68,73,SD Eibar,1800000.0,5000.0,CM
J. Nikolaou,27,Germany,68,69,Eintracht Braunschweig,1200000.0,3000.0,CDM
M. Bär,29,Germany,68,68,TSV 1860 München,1200000.0,2000.0,LM
P. Pellegri,20,Italy,68,78,AC Milan,2700000.0,14000.0,ST
Dani Ojeda,26,Spain,68,69,SD Ponferradina,1400000.0,4000.0,LM
O. Kiomourtzoglou,23,Germany,68,73,Heracles Almelo,1700000.0,3000.0,CDM
H. Al Ghaddioui,30,Germany,68,68,VfB Stuttgart,1200000.0,12000.0,ST
M. Baku,23,Germany,68,76,Göztepe SK,2700000.0,6000.0,LW
M. Thalhammer,23,Germany,68,75,SC Paderborn 07,2300000.0,6000.0,CDM
Y. Fekir,24,France,68,74,Real Betis Balompié,1900000.0,9000.0,LW
R. González,30,Argentina,68,68,Club León,1000000.0,9000.0,CB
P. Mazzocchi,25,Italy,68,70,Venezia FC,1400000.0,7000.0,RB
Rui Costa,25,Portugal,68,73,Santa Clara,1800000.0,3000.0,ST
G. Asís,25,Argentina,68,71,Club Atlético Independiente,1500000.0,5000.0,RB
Javi Alonso,22,Spain,68,78,CD Tenerife,2600000.0,3000.0,CDM
Ricardo Mangas,23,Portugal,68,77,FC Girondins de Bordeaux,2600000.0,5000.0,LB
Nacho Méndez,23,Spain,68,77,Real Sporting de Gijón,2700000.0,4000.0,CM
M. Gabbia,21,Italy,68,81,AC Milan,2800000.0,9000.0,CB
L. Fiordilino,24,Italy,68,71,Venezia FC,1600000.0,7000.0,CM
Miguel,21,Spain,68,79,Deportivo Alavés,2700000.0,8000.0,ST
Fabio González,24,Spain,68,76,Unión Deportiva Las Palmas,2500000.0,3000.0,CDM
B. Aouacheria,27,France,68,68,Gil Vicente FC,1300000.0,5000.0,RM
N. Linares,25,Argentina,68,72,Club Atlético Banfield,1500000.0,6000.0,CDM
M. Ortíz,27,Argentina,68,69,Atlético Tucumán,1300000.0,5000.0,RB
A. Semenyo,21,England,68,78,Bristol City,2700000.0,10000.0,RM
B. Garré,20,Argentina,68,79,Racing Club,2600000.0,6000.0,LW
B. Johnson,21,England,68,78,West Ham United,2600000.0,15000.0,RB
F. Gattoni,22,Argentina,68,78,San Lorenzo de Almagro,2500000.0,5000.0,CB
Pep Biel,24,Spain,68,70,F.C. København,1600000.0,8000.0,RW
Igor Silva,24,Brazil,68,73,FC Lorient,1700000.0,6000.0,RB
G. Robail,27,France,68,68,Valenciennes FC,1300000.0,11000.0,LM
S. Lorenz,24,Germany,68,73,Holstein Kiel,1600000.0,8000.0,CB
André Clóvis,23,Brazil,68,75,Estoril Praia,2400000.0,3000.0,ST
André Silva,24,Brazil,68,74,FC Arouca,1900000.0,3000.0,LW
E. Coronel,24,Argentina,68,72,Club Atlético Banfield,1600000.0,5000.0,RB
J. Buckley,21,England,68,79,Blackburn Rovers,2700000.0,12000.0,CM
Álex Domínguez,22,Spain,68,78,UD Ibiza,2300000.0,3000.0,GK
L. Mai,21,Germany,68,81,SV Werder Bremen,2800000.0,15000.0,CB
Josep Martínez,23,Spain,68,76,RB Leipzig,2300000.0,14000.0,GK
I. Erquiaga,23,Argentina,68,77,Club Atlético Huracán,2600000.0,5000.0,LB
Paris Adot,31,Spain,68,68,SD Ponferradina,875000.0,4000.0,RB
Borja Garcés,21,Spain,68,79,CD Leganés,2700000.0,14000.0,ST
D. Dressel,22,Germany,68,78,TSV 1860 München,2700000.0,2000.0,CM
E. Iñíguez,24,Argentina,68,73,Club Atlético Aldosivi,1700000.0,4000.0,RB
T. Mohr,25,Germany,68,69,1. FC Heidenheim 1846,1400000.0,9000.0,LM
A. Yıldırım,26,Germany,68,69,SSV Jahn Regensburg,1400000.0,6000.0,RW
É. Vandenabeele,29,France,68,68,Valenciennes FC,1000000.0,3000.0,CB
G. Laura,25,France,68,71,Paris FC,1600000.0,4000.0,ST
Jimmy,24,Spain,68,75,Real Oviedo,2300000.0,4000.0,CDM
Daniel Fuzato,23,Brazil,68,74,Roma,1500000.0,11000.0,GK
T. Cognat,23,France,68,74,Servette FC,1900000.0,7000.0,CM
H. Magnetti,23,France,68,74,Stade Brestois 29,1800000.0,6000.0,CDM
Álex López,24,Spain,68,75,CD Mirandés,2400000.0,3000.0,CM
Vitinho,21,Brazil,68,77,KSV Cercle Brugge,2600000.0,4000.0,LWB
Y. Magnin,24,France,68,75,Clermont Foot 63,2300000.0,6000.0,CDM
F. Becker,21,Germany,68,79,FC St. Pauli,2700000.0,6000.0,CM
L. Sibley,19,England,68,82,Derby County,2900000.0,4000.0,CAM
H. Weydandt,25,Germany,68,70,Hannover 96,1500000.0,12000.0,ST
Cristian,25,Spain,68,71,SD Ponferradina,1600000.0,4000.0,CM
B. Goller,22,Germany,68,76,SV Darmstadt 98,2700000.0,5000.0,RW
Avilés,23,Spain,68,74,CD Leganés,1900000.0,5000.0,RM
Joaquín,22,Spain,68,77,SD Huesca,2700000.0,5000.0,RM
Miguel Luís,22,Portugal,68,76,Raków Częstochowa,2700000.0,4000.0,CM
Valery,21,Spain,68,79,Girona FC,2700000.0,4000.0,RM
B. Diakité,20,France,68,77,Toulouse Football Club,2500000.0,2000.0,CB
H. Massengo,19,France,68,81,Bristol City,2700000.0,7000.0,CDM
G. Biancone,21,France,68,78,ESTAC Troyes,2600000.0,5000.0,RB
K. Pröger,29,Germany,68,68,SC Paderborn 07,1200000.0,8000.0,RW
J. Ramsey,20,England,68,83,Aston Villa,2900000.0,16000.0,CAM
Diogo Calila,22,Portugal,68,77,Belenenses SAD,2600000.0,3000.0,RWB
Ruan,26,Brazil,68,71,Orlando City Soccer Club,1500000.0,3000.0,RB
Abdu Conté,23,Portugal,68,77,Moreirense FC,2600000.0,5000.0,LB
R. Bellanova,21,Italy,68,77,Cagliari,2600000.0,7000.0,RB
L. Buchanan,20,England,68,78,Derby County,2500000.0,4000.0,LB
S. Esposito,18,Italy,68,85,FC Basel 1893,3100000.0,13000.0,ST
Paulino,24,Spain,68,74,Málaga CF,1900000.0,4000.0,RM
P. Bardy,28,France,68,69,Rodez Aveyron Football,1100000.0,2000.0,CB
Bruno Lourenço,23,Portugal,68,77,Estoril Praia,2700000.0,3000.0,CAM
R. Boissier,27,France,68,69,Rodez Aveyron Football,1400000.0,3000.0,CM
Samuel Lino,21,Brazil,68,76,Gil Vicente FC,2700000.0,4000.0,ST
L. Requena,33,Argentina,68,68,Club de Deportes Cobresal,400000.0,1000.0,GK
Joan Femenías,24,Spain,68,74,Real Oviedo,1500000.0,3000.0,GK
L. Picco,21,Argentina,68,78,Arsenal de Sarandí,2600000.0,3000.0,CDM
Pedro Augusto,24,Brazil,68,75,CD Tondela,2300000.0,3000.0,CDM
J. Leweling,20,Germany,68,82,SpVgg Greuther Fürth,2900000.0,8000.0,RW
I. Lihadji,19,France,68,82,LOSC Lille,2900000.0,7000.0,RM
Bermejo,23,Spain,68,74,Real Zaragoza,1900000.0,4000.0,RM
A. Martínez,28,Argentina,68,68,Club Cerro Porteño,1200000.0,500.0,ST
Leo Coelho,28,Brazil,68,69,Club Atlético de San Luis,1100000.0,7000.0,CB
Antoñín,21,Spain,68,78,Málaga CF,2700000.0,8000.0,ST
Cristo Romero,21,Spain,68,78,Real Sociedad B,2600000.0,3000.0,LB
M. Luna Diale,22,Argentina,68,77,Unión de Santa Fe,2700000.0,6000.0,RW
Anderson Oliveira,22,Brazil,68,77,Portimonense SC,2700000.0,4000.0,RW
T. Becker,24,Germany,68,73,FC Schalke 04,1600000.0,4000.0,CB
Nilton Varela,20,Portugal,68,77,Belenenses SAD,2500000.0,2000.0,LWB
G. Mikautadze,20,France,68,77,Seraing,2700000.0,7000.0,ST
D. Ayala,18,Argentina,68,84,Estudiantes de La Plata,2900000.0,1000.0,CDM
M. Esquivel,22,Argentina,68,79,Club Atlético Lanús,2700000.0,6000.0,CM
Nico González,19,Spain,68,83,FC Barcelona,2900000.0,23000.0,CM
Juande,21,Spain,68,79,Málaga CF,2500000.0,3000.0,CB
Joelson Fernandes,18,Portugal,68,84,FC Basel 1893,3100000.0,2000.0,RM
Barbero,22,Spain,68,77,CA Osasuna,2700000.0,10000.0,ST
J. Antiste,18,France,68,79,Spezia,2600000.0,3000.0,ST
F. Gerometta,21,Argentina,68,75,Gimnasia y Esgrima La Plata,2300000.0,4000.0,RWB
Morato,20,Brazil,68,84,SL Benfica,3000000.0,4000.0,CB
M. Thiaw,19,Germany,68,81,FC Schalke 04,2700000.0,3000.0,CB
J. Ngankam,20,Germany,68,79,SpVgg Greuther Fürth,2700000.0,13000.0,ST
L. Netz,18,Germany,68,85,Borussia Mönchengladbach,2900000.0,3000.0,LB
V. Lobry,26,France,68,71,Pau FC,1600000.0,3000.0,CAM
A. Carboni,20,Italy,68,81,Cagliari,2700000.0,8000.0,CB
T. Dolan,19,England,68,83,Blackburn Rovers,2900000.0,11000.0,RW
Matheus Silva,23,Brazil,68,74,Moreirense FC,1800000.0,5000.0,RB
T. Pembélé,18,France,68,81,FC Girondins de Bordeaux,2700000.0,7000.0,RB
R. Tesuri,25,Argentina,68,71,Atlético Tucumán,1600000.0,5000.0,RM
Pablo Moreno,19,Spain,68,81,Girona FC,2900000.0,24000.0,ST
R. Calafiori,19,Italy,68,81,Roma,2700000.0,9000.0,LB
Pedro Ferreira,23,Portugal,68,76,Aalborg BK,2500000.0,5000.0,CDM
Pep Chavarría,23,Spain,68,76,Real Zaragoza,2600000.0,4000.0,LB
B. Soppy,19,France,68,81,Udinese Calcio,2700000.0,3000.0,RB
Carlos Augusto,22,Brazil,68,76,AC Monza,2600000.0,2000.0,LB
José Fontán,21,Spain,68,78,RC Celta de Vigo,2600000.0,6000.0,LB
Iván Azón,18,Spain,68,82,Real Zaragoza,2800000.0,2000.0,ST
C. Diakité,18,France,68,79,Paris FC,2500000.0,1000.0,CM
Robson,28,Brazil,68,68,Club Atlético Palmaflor,1100000.0,500.0,RB
G. Abrego,21,Argentina,68,74,Godoy Cruz,1900000.0,3000.0,CM
Lincoln,20,Brazil,68,78,Vissel Kobe,2700000.0,4000.0,ST
N. Fagioli,20,Italy,68,83,Juventus,2900000.0,18000.0,CM
M. Ramírez,22,Argentina,68,76,Godoy Cruz,2700000.0,4000.0,LM
Matheus Costa,26,Brazil,68,72,Clube Sport Marítimo,1500000.0,4000.0,CB
Ezkurdia,22,Spain,68,78,Real Sociedad B,2600000.0,3000.0,LB
J. Bauman,30,Argentina,68,68,Independiente del Valle,1200000.0,500.0,ST
Henrique,27,Brazil,68,68,Clube Sport Marítimo,1300000.0,5000.0,LW
Filipe Cardoso,27,Portugal,68,71,Clube Sport Marítimo,1400000.0,4000.0,CDM
Thaciano,26,Brazil,68,71,Altay SK,1600000.0,6000.0,CM
M. Cancellieri,18,Italy,68,81,Hellas Verona,2800000.0,5000.0,RW
Alex Nascimento,22,Brazil,68,77,Futebol Clube de Famalicão,2500000.0,3000.0,CB
Rodrigo Muniz,20,Brazil,68,80,Fulham,2900000.0,17000.0,ST
P. Toranzo,39,Argentina,67,67,Club Atlético Huracán,325000.0,3000.0,CAM
Juande,34,Spain,67,67,Adelaide United,350000.0,2000.0,CDM
V. Figueroa,37,Argentina,67,67,Sociedad Deportiva Aucas,325000.0,500.0,CAM
S. Carson,35,England,67,67,Manchester City,110000.0,15000.0,GK
C. Jerome,34,England,67,67,Luton Town,500000.0,6000.0,ST
F. Campbell,33,England,67,67,Huddersfield Town,650000.0,4000.0,ST
R. Shawcross,33,England,67,67,Inter Miami CF,475000.0,3000.0,CB
B. Hamer,33,England,67,67,Swansea City,325000.0,7000.0,GK
Bolaño,35,Spain,67,67,Real Oviedo,275000.0,2000.0,CB
S. Aresti,35,Italy,67,67,Cagliari,110000.0,5000.0,GK
De la Bella,35,Spain,67,67,FC Cartagena,325000.0,2000.0,LB
N. Ravaglia,32,Italy,67,67,U.C. Sampdoria,500000.0,5000.0,GK
P. Gibaud,33,France,67,67,Le Havre AC,475000.0,3000.0,CB
A. Robic,35,France,67,67,SC Bastia,425000.0,2000.0,RM
Ilsinho,35,Brazil,67,67,Philadelphia Union,425000.0,2000.0,RM
Bellvís,36,Spain,67,67,AD Alcorcón,230000.0,2000.0,LB
B. Urribarri,34,Argentina,67,67,Patronato,375000.0,5000.0,LB
T. Rowe,32,England,67,67,Doncaster Rovers,700000.0,4000.0,LB
D. Stockdale,35,England,67,67,Wycombe Wanderers,110000.0,2000.0,GK
M. Beevers,31,England,67,67,Peterborough United,700000.0,5000.0,CB
J. Mattock,31,England,67,67,Rotherham United,750000.0,4000.0,LWB
C. Strohdiek,33,Germany,67,67,FC Würzburger Kickers,475000.0,3000.0,CB
J. Bostock,29,England,67,67,Doncaster Rovers,875000.0,5000.0,CDM
J. Fontaine,32,France,67,67,Le Havre AC,800000.0,3000.0,CM
H. Lansbury,30,England,67,67,Luton Town,975000.0,5000.0,CM
E. Bennett,32,England,67,67,Shrewsbury Town,700000.0,4000.0,RB
E. Rivière,31,France,67,67,Crotone,850000.0,5000.0,ST
Diogo Viana,31,Portugal,67,67,Campionii FC Arges,850000.0,3000.0,RM
A. Nahuelpan,33,Argentina,67,67,Club Atlético Peñarol,650000.0,500.0,ST
D. Ball,31,England,67,67,Wellington Phoenix,850000.0,2000.0,ST
C. Noone,33,England,67,67,Macarthur FC,625000.0,2000.0,RM
N. Rigoni,30,Italy,67,67,AC Monza,975000.0,2000.0,CM
M. Smith,29,England,67,67,Rotherham United,1000000.0,5000.0,ST
M. Terrazzino,30,Germany,67,67,Lechia Gdańsk,975000.0,3000.0,LM
Ortuño,30,Spain,67,67,FC Cartagena,1000000.0,3000.0,ST
Rhayner,30,Brazil,67,67,Sanfrecce Hiroshima,975000.0,4000.0,RM
C. Wickham,28,England,67,67,Preston North End,1000000.0,13000.0,ST
J. Edwards,30,England,67,67,Plymouth Argyle,875000.0,5000.0,RWB
H. Badstuber,32,Germany,67,67,FC Luzern,650000.0,5000.0,CB
S. Salger,31,Germany,67,67,TSV 1860 München,700000.0,1000.0,CB
A. Gonçalves,35,France,67,67,Stade Malherbe Caen,400000.0,2000.0,CM
B. Jeannot,29,France,67,67,Stade Malherbe Caen,1000000.0,3000.0,ST
David Mateos,34,Spain,67,67,Club The Strongest,325000.0,500.0,CB
M. Hoyos,29,Argentina,67,67,Barcelona Sporting Club,1000000.0,500.0,RM
C. Avevor,29,Germany,67,67,FC St. Pauli,850000.0,6000.0,CB
R. Aya,30,Italy,67,67,US Salernitana 1919,825000.0,12000.0,CB
M. Wunderlich,35,Germany,67,67,1. FC Kaiserslautern,425000.0,2000.0,CAM
Joselu,30,Spain,67,67,CD Lugo,1000000.0,4000.0,ST
Fran García,28,Spain,67,67,Burgos CF,925000.0,3000.0,LB
D. Batz,30,Germany,67,67,1. FC Saarbrücken,675000.0,2000.0,GK
V. Eicher,30,Germany,67,67,1. FC Heidenheim 1846,675000.0,6000.0,GK
M. Trapp,29,Germany,67,67,VfL Osnabrück,850000.0,2000.0,CB
Alex Pérez,29,Spain,67,67,CD Lugo,850000.0,3000.0,CB
Manu Molina,29,Spain,67,67,UD Ibiza,1000000.0,3000.0,CM
Álvaro Vázquez,30,Spain,67,67,Kerala Blasters FC,1000000.0,1000.0,ST
G. Moncur,27,England,67,67,Hull City,1100000.0,5000.0,LM
V. Oliver,29,England,67,67,Gillingham,1000000.0,5000.0,ST
M. Knoll,30,Germany,67,67,FC St. Pauli,850000.0,6000.0,CDM
M. Ostrzolek,31,Germany,67,67,FC Flyeralarm Admira,750000.0,4000.0,LB
C. Aneke,27,England,67,67,Birmingham City,1100000.0,9000.0,ST
T. Carroll,29,England,67,67,Ipswich Town,1000000.0,5000.0,CM
F. Hartherz,28,Germany,67,67,Fortuna Düsseldorf,925000.0,8000.0,LB
T. Kister,34,Germany,67,67,SV Sandhausen,325000.0,3000.0,CB
T. Blackett,27,England,67,67,FC Cincinnati,975000.0,3000.0,LB
D. Potts,27,England,67,68,Luton Town,1100000.0,5000.0,LB
M. Zeitz,30,Germany,67,67,1. FC Saarbrücken,850000.0,2000.0,CDM
M. Smith,32,England,67,67,Millwall,825000.0,6000.0,ST
H. Silva,29,Argentina,67,67,Defensa y Justicia,900000.0,5000.0,RB
J. Brinkies,28,Germany,67,70,FSV Zwickau,950000.0,1000.0,GK
M. Ingram,27,England,67,71,Hull City,1100000.0,4000.0,GK
Rafael Lopes,29,Portugal,67,67,Legia Warszawa,1000000.0,5000.0,ST
N. Röseler,29,Germany,67,68,FC Ingolstadt 04,950000.0,7000.0,CB
Cristiano,30,Portugal,67,67,CFR Cluj,675000.0,5000.0,GK
Tiago Ilori,28,Portugal,67,68,Boavista FC,975000.0,5000.0,CB
A. MacDonald,28,England,67,68,Rotherham United,975000.0,5000.0,CB
David Bruno,29,Portugal,67,67,Estoril Praia,900000.0,3000.0,LB
Alex Gorrín,27,Spain,67,67,Oxford United,950000.0,4000.0,CDM
J. Pigott,27,England,67,68,Ipswich Town,1200000.0,6000.0,ST
K. Stewart,27,England,67,67,Blackpool,950000.0,5000.0,CDM
F. Schnellhardt,27,Germany,67,68,SV Darmstadt 98,1200000.0,6000.0,CM
Douglas Grolli,31,Brazil,67,67,Avispa Fukuoka,700000.0,2000.0,CB
S. Beltrame,28,Italy,67,67,Clube Sport Marítimo,1000000.0,4000.0,CAM
R. Himmelmann,32,Germany,67,67,KAS Eupen,500000.0,3000.0,GK
F. Ladapo,28,England,67,67,Rotherham United,1000000.0,5000.0,ST
T. Dähne,27,Germany,67,68,Holstein Kiel,875000.0,6000.0,GK
D. Buballa,31,Germany,67,67,Viktoria Köln,700000.0,2000.0,CB
L. Capezzi,26,Italy,67,70,US Salernitana 1919,1300000.0,13000.0,CM
P. Drewes,28,Germany,67,69,SV Sandhausen,875000.0,2000.0,GK
F. Parra,36,Argentina,67,67,Guaireña FC,350000.0,500.0,ST
J. Whatmough,24,England,67,72,Wigan Athletic,1400000.0,2000.0,CB
Israel Puerto,28,Spain,67,69,Jagiellonia Białystok,1000000.0,4000.0,CB
R. James,27,England,67,67,Blackpool,975000.0,5000.0,LB
M. Lorenz,32,Germany,67,67,Karlsruher SC,800000.0,6000.0,LW
P. Klewin,27,Germany,67,71,FC Erzgebirge Aue,1100000.0,3000.0,GK
B. Zolinski,29,Germany,67,67,FC Erzgebirge Aue,1000000.0,4000.0,ST
M. Willsch,30,Germany,67,67,TSV 1860 München,875000.0,1000.0,RB
D. Gape,26,England,67,70,Wycombe Wanderers,1200000.0,4000.0,CDM
T. Schröck,28,Germany,67,67,FC Ingolstadt 04,875000.0,7000.0,CB
R. Yalçın,27,Germany,67,70,SC Paderborn 07,1200000.0,6000.0,CB
E. Berko,26,Germany,67,68,SV Darmstadt 98,1200000.0,6000.0,ST
Igor Julião,26,Brazil,67,68,FC Vizela,1100000.0,2000.0,RB
Jefferson,27,Brazil,67,68,Gazişehir Gaziantep F.K.,1200000.0,5000.0,CM
Germán Parreño,28,Spain,67,69,UD Ibiza,875000.0,2000.0,GK
Dani Quintana,34,Spain,67,67,Jagiellonia Białystok,475000.0,4000.0,CAM
J. Allen,26,England,67,70,Coventry City,1300000.0,8000.0,CM
Gonçalo Silva,30,Portugal,67,67,Radomiak Radom,825000.0,2000.0,CB
A. Vacca,31,Italy,67,67,Venezia FC,825000.0,7000.0,CM
A. Geipl,29,Germany,67,67,1. FC Heidenheim 1846,875000.0,8000.0,CDM
Kiki,26,Portugal,67,70,FC Vizela,1200000.0,2000.0,LB
N. Berardo,30,Argentina,67,67,Club Deportivo Palestino,875000.0,2000.0,LB
M. Herrera,29,Argentina,67,68,Club Atlético Sarmiento,950000.0,4000.0,CB
P. Mullin,26,England,67,68,Wrexham AFC,1200000.0,500.0,ST
F. Bravo,27,Argentina,67,70,Club Atlético Sarmiento,1200000.0,4000.0,CDM
J. Pi,27,France,67,67,Dijon FCO,1100000.0,2000.0,CM
R. Contreras,25,Argentina,67,71,Defensa y Justicia,1400000.0,6000.0,ST
Carlos Gutiérrez,29,Spain,67,67,Avispa Fukuoka,850000.0,2000.0,CB
Denilson,25,Brazil,67,70,FC Paços de Ferreira,1400000.0,4000.0,ST
Maikel Mesa,30,Spain,67,67,Unión Deportiva Las Palmas,850000.0,3000.0,CDM
L. O'Nien,26,England,67,70,Sunderland,1200000.0,5000.0,CDM
J. McCarthy,25,England,67,70,Wycombe Wanderers,1200000.0,3000.0,RB
C. Lombardi,25,Italy,67,67,Lazio,1100000.0,16000.0,RM
Aitor Arregi,31,Spain,67,67,SD Amorebieta,700000.0,3000.0,CB
S. Kutschke,32,Germany,67,67,FC Ingolstadt 04,825000.0,8000.0,ST
M. Perez,30,France,67,67,Grenoble Foot 38,850000.0,2000.0,CDM
J. Lumley,26,England,67,72,Middlesbrough,1200000.0,7000.0,GK
Fábio Sturgeon,27,Portugal,67,67,Raków Częstochowa,1100000.0,3000.0,LM
J. Zacaría,31,Argentina,67,67,Club Atlético Aldosivi,850000.0,5000.0,LM
R. Brown,25,England,67,71,Huddersfield Town,1400000.0,4000.0,CM
S. Molina,29,Italy,67,67,Crotone,1000000.0,5000.0,RM
M. Harness,25,England,67,70,Portsmouth,1300000.0,5000.0,RM
Raphael Rossi,30,Brazil,67,67,Radomiak Radom,825000.0,2000.0,CB
B. Barker,24,England,67,72,Rangers FC,1500000.0,16000.0,LW
Alex Alegría,28,Spain,67,67,Burgos CF,1000000.0,10000.0,ST
L. Acosta,26,Argentina,67,72,Club Atlético Lanús,1200000.0,5000.0,GK
M. O'Leary,24,England,67,75,Bristol City,2000000.0,7000.0,GK
M. Cacutalua,26,Germany,67,72,FC Erzgebirge Aue,1300000.0,3000.0,CB
Dani Romera,25,Spain,67,70,SD Ponferradina,1400000.0,3000.0,ST
Juanma García,28,Spain,67,67,Burgos CF,1000000.0,3000.0,ST
C. Ogilvie,25,England,67,70,Portsmouth,1200000.0,4000.0,LB
B. Ajdini,28,Germany,67,67,SV Sandhausen,925000.0,3000.0,RB
J. Smith,26,England,67,69,Nottingham Forest,950000.0,12000.0,GK
J. Ginnelly,24,England,67,72,Heart of Midlothian,1500000.0,3000.0,LM
Pablo Pérez,27,Spain,67,67,Real Sporting de Gijón,1100000.0,4000.0,CAM
T. Ünlü,31,Germany,67,67,Altay SK,750000.0,5000.0,RB
José León,26,Spain,67,72,CD Tenerife,1300000.0,3000.0,CB
L. Gregory,32,England,67,67,Sheffield Wednesday,825000.0,3000.0,ST
A. Batisse,26,France,67,71,Pau FC,1300000.0,2000.0,CB
M. Schuster,25,Germany,67,73,SC Paderborn 07,1400000.0,5000.0,CDM
M. Clark,25,England,67,70,Fleetwood Town,1200000.0,4000.0,LB
M. Komenda,24,Germany,67,71,Holstein Kiel,1300000.0,7000.0,CB
Iván Calero,26,Spain,67,70,Málaga CF,1200000.0,3000.0,RB
L. Cueto,25,Germany,67,68,Karlsruher SC,1200000.0,6000.0,LW
D. Louiserre,26,France,67,70,Chamois Niortais Football Club,1200000.0,2000.0,CDM
C. Chaplin,24,England,67,73,Ipswich Town,1600000.0,4000.0,CAM
J. Augustin,24,France,67,70,FC Nantes,1400000.0,8000.0,ST
Kuki Zalazar,23,Spain,67,74,SD Ponferradina,2000000.0,3000.0,CAM
M. Dittgen,26,Germany,67,68,FC St. Pauli,1200000.0,7000.0,LM
C. Dunkley,29,England,67,67,Sheffield Wednesday,850000.0,3000.0,CB
Iago Maidana,25,Brazil,67,72,Gil Vicente FC,1300000.0,3000.0,CB
Gustavo Ferrareis,25,Brazil,67,72,Puebla FC,1500000.0,3000.0,CAM
B. Boutobba,22,France,67,76,Chamois Niortais Football Club,2300000.0,2000.0,RM
L. Sosa,27,Argentina,67,69,CS Emelec,1100000.0,500.0,CB
R. Maulun,24,France,67,73,SC Cambuur,1600000.0,3000.0,CM
F. Platte,25,Germany,67,72,SC Paderborn 07,1500000.0,6000.0,ST
M. Johnson,30,England,67,67,Sheffield Wednesday,975000.0,3000.0,LM
R. Wintle,24,England,67,75,Blackpool,2100000.0,9000.0,CDM
Josep Señé,29,Spain,67,67,CD Lugo,1000000.0,3000.0,CM
E. Ramírez,24,Argentina,67,73,Gimnasia y Esgrima La Plata,1600000.0,5000.0,RM
R. Strieder,28,Germany,67,67,PEC Zwolle,900000.0,4000.0,CDM
M. Taylor,31,England,67,67,Oxford United,850000.0,5000.0,ST
K. Boto,25,France,67,72,Pau FC,1400000.0,2000.0,LB
V. Marchetti,23,France,67,73,AC Ajaccio,1600000.0,2000.0,CM
Z. Machach,25,France,67,71,Napoli,1400000.0,17000.0,CAM
B. Allain,29,France,67,67,Örebro SK,700000.0,2000.0,GK
M. Pittón,26,Argentina,67,67,Unión de Santa Fe,1100000.0,5000.0,CM
Jano,34,Spain,67,67,CF Fuenlabrada,325000.0,3000.0,CB
C. Goode,25,England,67,72,Brentford,1300000.0,13000.0,CB
N. Kijewski,25,Germany,67,70,Eintracht Braunschweig,1200000.0,2000.0,LB
P. Hercher,25,Germany,67,70,1. FC Kaiserslautern,1200000.0,2000.0,RB
Undabarrena,26,Spain,67,70,CD Tondela,1300000.0,3000.0,CM
F. Porath,24,Germany,67,71,Holstein Kiel,1500000.0,8000.0,RW
Miguel Vieira,30,Portugal,67,67,İstanbul Başakşehir FK,825000.0,11000.0,CB
H. Tijanovich,25,Argentina,67,70,Platense,1300000.0,5000.0,LM
F. Bambock,26,France,67,69,Grenoble Foot 38,1100000.0,2000.0,CDM
J. Mees,25,Germany,67,70,Holstein Kiel,1300000.0,9000.0,LW
Olaetxea,28,Spain,67,67,SD Amorebieta,1000000.0,3000.0,CAM
E. Taffertshofer,26,Germany,67,70,SV Wehen Wiesbaden,1200000.0,3000.0,CDM
J. Emmanuel,23,England,67,73,Hull City,1500000.0,4000.0,RB
Fepe Limão,33,Brazil,67,67,Bahia,325000.0,4000.0,GK
Traeira Lopes,29,Brazil,67,69,Juventude,850000.0,6000.0,GK
Narcisso Mau,21,Brazil,67,67,Associação Chapecoense de Futebol,1100000.0,4000.0,LB
Botelhinonsa,21,Brazil,67,67,Club Athletico Paranaense,1100000.0,4000.0,RB
Edenildo Lagoas,21,Brazil,67,67,Ceará Sporting Club,1100000.0,3000.0,RB
Jadenilson Baia,33,Brazil,67,67,Sport Club Corinthians Paulista,525000.0,9000.0,RWB
Gustavo Pastinho,29,Brazil,67,67,Internacional,1000000.0,10000.0,ST
Adriano Junqueiras,25,Brazil,67,67,Sport Club Corinthians Paulista,975000.0,8000.0,CB
Rafael de Aseiro,29,Brazil,67,67,Atlético Clube Goianiense,700000.0,4000.0,GK
Leandro Pestanha,25,Brazil,67,67,Cuiabá,975000.0,5000.0,CB
Silaldo Taffarel,29,Brazil,67,67,Sport Club Corinthians Paulista,1000000.0,10000.0,CM
Sérgio Espinho,25,Brazil,67,67,Cuiabá,1100000.0,6000.0,CM
Michildo Melo,33,Brazil,67,67,Sport Club Corinthians Paulista,625000.0,10000.0,LM
Mauriçio Clerez,29,Brazil,67,67,Juventude,850000.0,8000.0,CB
Dener Rolim,21,Brazil,67,67,Bahia,1200000.0,4000.0,CAM
Asumah Abubakar,24,Portugal,67,74,FC Lugano,2100000.0,4000.0,ST
A. Olliero,25,France,67,72,Pau FC,1200000.0,1000.0,GK
B. Rivero,25,Argentina,67,72,Defensa y Justicia,1400000.0,5000.0,CDM
E. Iyoha,23,Germany,67,71,Fortuna Düsseldorf,1500000.0,8000.0,ST
K. Edwards,23,England,67,73,Ipswich Town,1600000.0,4000.0,LM
M. Browne,23,England,67,75,Middlesbrough,2300000.0,9000.0,LM
B. Blasi,25,Argentina,67,70,Unión de Santa Fe,1200000.0,4000.0,RWB
Dalmau,27,Spain,67,68,FC Utrecht,1200000.0,6000.0,ST
J. Livolant,23,France,67,73,En Avant de Guingamp,1600000.0,3000.0,RM
Y. Dhanda,22,England,67,75,Swansea City,2300000.0,9000.0,CAM
L. Amos,24,England,67,75,Queens Park Rangers,2100000.0,5000.0,CDM
A. Walkes,24,England,67,75,Atlanta United,2100000.0,2000.0,CB
G. Perrin,25,France,67,70,AJ Auxerre,1300000.0,3000.0,LM
Vítor Costa,27,Brazil,67,68,Clube Sport Marítimo,1100000.0,4000.0,LB
Ramon Lopes,31,Brazil,67,67,Al Fayha,850000.0,8000.0,ST
D. Schmidt,28,Argentina,67,68,Club Social y Deportivo Macará,975000.0,500.0,CB
J. Tymon,22,England,67,76,Stoke City,2200000.0,8000.0,LWB
S. Camara,28,France,67,69,Demir Grup Sivasspor,1000000.0,6000.0,CB
Ronaldo,24,Brazil,67,76,Shimizu S-Pulse,2100000.0,1000.0,CDM
S. Field,23,England,67,75,Queens Park Rangers,2300000.0,6000.0,CM
Claudio Mouria,29,Brazil,67,67,Santos,1000000.0,9000.0,CAM
Jorgino Baumer,25,Brazil,67,67,Atlético Clube Goianiense,1100000.0,5000.0,CAM
Adrián Maideira,25,Brazil,67,67,Juventude,1100000.0,8000.0,CAM
Jonaldo Santoso,29,Brazil,67,67,Atlético Clube Goianiense,1000000.0,6000.0,ST
E. Ojeda,23,Argentina,67,76,Rosario Central,2300000.0,5000.0,CM
A. Gory,24,France,67,72,Paris FC,1600000.0,5000.0,ST
L. Maciel,25,Argentina,67,72,Club Atlético Aldosivi,1500000.0,4000.0,CM
S. Surridge,22,England,67,75,Stoke City,2300000.0,9000.0,ST
S. Seddon,23,England,67,73,Oxford United,1500000.0,3000.0,LB
S. Breitkreuz,29,Germany,67,67,SSV Jahn Regensburg,850000.0,4000.0,CB
L. Samson,25,Germany,67,69,Hallescher FC,1100000.0,2000.0,CB
Viti Rozada,23,Spain,67,73,Real Oviedo,1600000.0,3000.0,RM
Thiago Rodrigues,25,Brazil,67,72,Estoril Praia,1200000.0,2000.0,GK
J. Müller,27,Germany,67,68,SV Darmstadt 98,1000000.0,5000.0,CB
Mateus,26,Brazil,67,68,Club Cerro Porteño,1200000.0,500.0,LW
G. Fofana,28,France,67,68,CFR Cluj,975000.0,6000.0,CDM
Dinis Almeida,26,Portugal,67,69,Royal Antwerp FC,1100000.0,7000.0,CB
F. Ananou,23,Germany,67,73,SC Paderborn 07,1500000.0,5000.0,RB
N. Seufert,24,Germany,67,72,SpVgg Greuther Fürth,1500000.0,7000.0,CM
Matheus Rossetto,25,Brazil,67,72,Atlanta United,1500000.0,3000.0,CAM
Ratón,28,Spain,67,68,Real Zaragoza,800000.0,3000.0,GK
G. Suso,30,Argentina,67,67,Arsenal de Sarandí,825000.0,4000.0,CB
N. Schmidt,23,Germany,67,73,SV Werder Bremen,1600000.0,4000.0,CAM
C. Daferner,23,Germany,67,73,SG Dynamo Dresden,1600000.0,6000.0,ST
Alfonso Herrero,27,Spain,67,71,Burgos CF,1100000.0,2000.0,GK
Jean Carlos,25,Brazil,67,68,Pogoń Szczecin,1200000.0,3000.0,LM
Joel,29,Portugal,67,67,FC Arouca,900000.0,3000.0,LB
F. Cassata,23,Italy,67,73,Genoa,1600000.0,5000.0,CM
S. Lomónaco,22,Argentina,67,76,Godoy Cruz,2300000.0,3000.0,LM
J. Gaspar,24,France,67,71,Grenoble Foot 38,1400000.0,2000.0,RB
Elton Coengo,21,Brazil,67,67,Juventude,1200000.0,6000.0,CM
Freddy Cardouso,21,Brazil,67,67,Atlético Clube Goianiense,1200000.0,4000.0,CAM
Heitor Mutto,29,Brazil,67,67,Associação Chapecoense de Futebol,1000000.0,6000.0,CAM
Enzio Julião,25,Brazil,67,67,Bahia,1100000.0,5000.0,ST
Claudio Silbeiro,25,Brazil,67,67,Cuiabá,1100000.0,6000.0,ST
Pol Valentín,24,Spain,67,71,CF Fuenlabrada,1400000.0,2000.0,RB
F. Götze,23,Germany,67,76,1. FC Kaiserslautern,2100000.0,7000.0,CDM
Adrián Diéguez,25,Spain,67,73,CF Fuenlabrada,1400000.0,3000.0,CB
J. Brown,23,England,67,74,Stoke City,2100000.0,9000.0,ST
J. Williams,21,England,67,77,Barnsley,2200000.0,9000.0,RWB
Erik Expósito,25,Spain,67,69,Śląsk Wrocław,1300000.0,4000.0,ST
P. Sontheimer,22,Germany,67,74,Viktoria Köln,2100000.0,2000.0,CM
B. Lasme,22,France,67,78,DSC Arminia Bielefeld,2300000.0,8000.0,ST
N. Bazzana,25,Argentina,67,74,Club Atlético Sarmiento,1900000.0,4000.0,CB
J. Masson,23,France,67,72,Valenciennes FC,1400000.0,2000.0,CDM
D. Sterling,21,England,67,79,Blackpool,2400000.0,18000.0,RB
J. Pendant,24,France,67,72,New York Red Bulls,1400000.0,2000.0,LB
B. Wilmot,21,England,67,80,Stoke City,2400000.0,6000.0,CB
Tachi,23,Spain,67,76,Deportivo Alavés,2100000.0,6000.0,CB
Luis Perea,23,Spain,67,76,CD Leganés,2100000.0,3000.0,CDM
Renê Santos,29,Brazil,67,68,Al Raed,950000.0,7000.0,CB
D. Wiebe,27,Germany,67,68,Eintracht Braunschweig,1100000.0,3000.0,RB
M. Heider,35,Germany,67,67,VfL Osnabrück,425000.0,2000.0,ST
Alexandre Guedes,27,Portugal,67,67,Raków Częstochowa,1100000.0,4000.0,ST
Matheus Aiás,24,Brazil,67,72,Real Oviedo,1600000.0,3000.0,ST
Delmás,26,Spain,67,69,FC Cartagena,1200000.0,3000.0,RB
Oriol Busquets,22,Spain,67,78,Clermont Foot 63,2200000.0,5000.0,CDM
J. Earl,22,England,67,74,Preston North End,2000000.0,9000.0,LWB
Areso,21,Spain,67,77,CA Osasuna,2200000.0,6000.0,RB
R. Palmer,22,England,67,73,Barnsley,1600000.0,12000.0,CM
M. Biankadi,26,Germany,67,68,TSV 1860 München,1200000.0,8000.0,RM
G. Gentile,26,Argentina,67,68,Universidad Técnica de Cajamarca,1200000.0,500.0,LW
L. Morales,30,Argentina,67,67,Gimnasia y Esgrima La Plata,825000.0,6000.0,CB
G. Poussin,22,France,67,75,FC Girondins de Bordeaux,2000000.0,5000.0,GK
J. Bursik,20,England,67,79,Stoke City,2100000.0,5000.0,GK
Berrocal,21,Spain,67,81,Real Sporting de Gijón,2400000.0,6000.0,CB
Javi Pérez,25,Spain,67,70,UD Ibiza,1300000.0,3000.0,CM
N. Estévez,25,Argentina,67,69,Crotone,1300000.0,5000.0,CM
Cristian Rivero,23,Spain,67,76,Valencia CF,2000000.0,7000.0,GK
W. Geubbels,19,France,67,77,FC Nantes,2200000.0,10000.0,ST
S. Sadzoute,23,France,67,75,Oud-Heverlee Leuven,2200000.0,4000.0,LB
T. Holmes,21,England,67,76,Reading,2100000.0,6000.0,CB
A. Sissoko,24,France,67,72,AS Saint-Étienne,1400000.0,8000.0,RB
J. Tucker,21,England,67,75,Gillingham,2100000.0,2000.0,CB
P. Pfeiffer,21,Germany,67,78,SV Darmstadt 98,2100000.0,4000.0,CB
R. Massimo,20,Germany,67,78,VfB Stuttgart,2200000.0,7000.0,RM
C. Rocchia,23,France,67,71,Dijon FCO,1400000.0,2000.0,LB
Chumi,22,Spain,67,78,Unión Deportiva Almería,2100000.0,3000.0,CB
R. Atkinson,22,England,67,73,Bristol City,1500000.0,9000.0,CB
K. Gutiérrez,24,Argentina,67,72,Defensa y Justicia,1400000.0,5000.0,CDM
J. Billong,27,France,67,69,Clermont Foot 63,1100000.0,6000.0,CB
Neto Borges,24,Brazil,67,72,CD Tondela,1400000.0,5000.0,LB
D. Otto,22,Germany,67,75,SSV Jahn Regensburg,2300000.0,10000.0,ST
A. Trouillet,20,France,67,78,AJ Auxerre,2200000.0,8000.0,CM
San Román,23,Spain,67,75,SD Huesca,2000000.0,3000.0,GK
J. Clarke,20,England,67,80,Tottenham Hotspur,2500000.0,18000.0,RM
D. Afolayan,23,England,67,73,Bolton Wanderers,1600000.0,4000.0,LM
A. Gordon,20,England,67,81,Everton,2500000.0,16000.0,LM
Álex Collado,22,Spain,67,79,FC Barcelona,2500000.0,33000.0,RW
S. Callegari,24,Argentina,67,74,Platense,1900000.0,4000.0,CB
Zubiaurre,24,Spain,67,75,Real Sociedad B,2000000.0,2000.0,GK
E. Loiodice,20,France,67,80,Unión Deportiva Las Palmas,2400000.0,3000.0,CM
K. Lewis-Potter,20,England,67,77,Hull City,2200000.0,4000.0,LM
C. Abi,21,France,67,75,En Avant de Guingamp,2300000.0,9000.0,ST
W. Tchimbembé,23,France,67,75,FC Metz,2300000.0,6000.0,CM
S. Mamba,27,Germany,67,68,F.C. Hansa Rostock,1200000.0,5000.0,ST
J. Dörfler,24,Germany,67,72,SC Paderborn 07,1400000.0,5000.0,RB
M. Behrens,24,Germany,67,70,SV Darmstadt 98,1100000.0,3000.0,GK
I. Sissoko,25,France,67,70,Chamois Niortais Football Club,1400000.0,3000.0,ST
A. Opoku,22,Germany,67,75,VfL Osnabrück,2300000.0,5000.0,LM
Clemente,22,Spain,67,78,Real Zaragoza,2100000.0,3000.0,CB
Carlos Mendes Gomes,22,Spain,67,73,Luton Town,1600000.0,5000.0,LW
G. Guiffrey,23,Argentina,67,76,Gimnasia y Esgrima La Plata,2100000.0,5000.0,CB
L. Pons,31,Argentina,67,67,Club Atlético Banfield,850000.0,6000.0,ST
Juan Hernández,26,Spain,67,68,AD Alcorcón,1200000.0,4000.0,LM
Sergio López,22,Spain,67,77,FC Basel 1893,2200000.0,4000.0,RB
Edu Espiau,26,Spain,67,70,SD Ponferradina,1300000.0,4000.0,ST
Sergio Gónzalez,24,Spain,67,74,CD Tenerife,1900000.0,3000.0,CDM
M. Palacios,19,Argentina,67,82,FC Basel 1893,2400000.0,3000.0,CAM
E. Laird,19,England,67,82,Swansea City,2300000.0,14000.0,RWB
S. Rhein,23,Germany,67,72,F.C. Hansa Rostock,1400000.0,3000.0,CDM
Salva Ferrer,23,Spain,67,73,Spezia,1500000.0,5000.0,RB
K. Sidibé,22,France,67,72,US Quevilly Rouen Métropole,1400000.0,2000.0,CDM
K. Cabral,21,France,67,76,LA Galaxy,2300000.0,2000.0,LM
Valdo,29,Brazil,67,68,Shimizu S-Pulse,950000.0,2000.0,CB
Hugo Vallejo,21,Spain,67,80,Real Valladolid CF,2500000.0,3000.0,LM
Pedro Pelágio,21,Portugal,67,77,Clube Sport Marítimo,2300000.0,3000.0,CM
A. Scheidler,23,France,67,74,Dijon FCO,2100000.0,2000.0,ST
J. Rodríguez,31,Argentina,67,67,CFR Cluj,725000.0,6000.0,CDM
Filipe Nascimento,26,Portugal,67,70,Radomiak Radom,1300000.0,2000.0,CM
Erico,31,Brazil,67,67,AFC UTA Arad,700000.0,4000.0,CB
R. Piccoli,20,Italy,67,79,Atalanta,2500000.0,12000.0,ST
J. Greaves,20,England,67,76,Hull City,2100000.0,3000.0,CB
F. Oswald,30,Germany,67,67,WSG Tirol,675000.0,3000.0,GK
A. Stiller,20,Germany,67,79,TSG Hoffenheim,2300000.0,7000.0,CDM
Kirian,25,Spain,67,72,Unión Deportiva Las Palmas,1500000.0,3000.0,CM
A. Leguizamón,29,Argentina,67,67,CS Emelec,850000.0,500.0,CB
Jorge Silva,25,Portugal,67,72,FC Paços de Ferreira,1400000.0,3000.0,RB
B. Soumaré,22,France,67,73,Dijon FCO,1600000.0,2000.0,CAM
V. Müller,20,Germany,67,78,PSV,1900000.0,3000.0,GK
Alex Suárez,28,Spain,67,69,Unión Deportiva Las Palmas,1000000.0,3000.0,CB
K. Ehlers,20,Germany,67,78,SG Dynamo Dresden,2100000.0,4000.0,CB
M. Malone,20,Germany,67,76,1. FC Heidenheim 1846,2200000.0,6000.0,LM
Y. Ben Balla,25,France,67,71,FC Ingolstadt 04,1300000.0,6000.0,CDM
Riki,23,Spain,67,76,Burgos CF,2300000.0,3000.0,CAM
Francisco Moura,21,Portugal,67,78,SC Braga,2200000.0,3000.0,LB
Odei,31,Spain,67,67,CD Mirandés,700000.0,3000.0,CB
Simón Moreno,23,Spain,67,74,CD Mirandés,2100000.0,3000.0,ST
N. Colombo,22,Argentina,67,77,Defensa y Justicia,2100000.0,4000.0,CB
R. Ruiz,21,Argentina,67,79,Atlético Tucumán,2500000.0,3000.0,LM
E. Millot,18,France,67,79,VfB Stuttgart,2400000.0,3000.0,CAM
João Ferreira,20,Portugal,67,78,Vitória de Guimarães,2100000.0,3000.0,RB
M. Sala,22,Italy,67,77,Crotone,2200000.0,4000.0,LB
E. López,20,Argentina,67,76,Godoy Cruz,2100000.0,3000.0,RB
Ernesto,26,Spain,67,67,Burgos CF,1100000.0,3000.0,RM
T. Harwood-Bellis,19,England,67,81,RSC Anderlecht,2300000.0,4000.0,CB
Iker Losada,19,Spain,67,79,RC Celta de Vigo,2400000.0,5000.0,ST
Robert Navarro,19,Spain,67,83,Real Sociedad,2600000.0,6000.0,CAM
Vitao,21,Brazil,67,74,Shakhtar Donetsk,1900000.0,500.0,CB
Raúl García,20,Spain,67,81,Real Betis Balompié,2500000.0,6000.0,ST
Sergio Castel,26,Spain,67,70,UD Ibiza,1300000.0,3000.0,ST
S. Ricci,19,Italy,67,84,Empoli,2600000.0,8000.0,CM
Bruno Pascua,31,Spain,67,67,Club Deportivo Guabirá,850000.0,500.0,RW
Talles Magno,19,Brazil,67,85,New York City FC,2600000.0,2000.0,LM
L. Gómez,34,Argentina,67,67,Deportivo Táchira FC,500000.0,500.0,ST
G. González,20,Argentina,67,75,Unión de Santa Fe,2200000.0,4000.0,LW
Belman,22,Spain,67,72,CF Fuenlabrada,1300000.0,2000.0,GK
A. Blanco,33,Argentina,67,67,Universidad Técnica de Cajamarca,650000.0,500.0,ST
M. Miranda,21,Argentina,67,79,Gimnasia y Esgrima La Plata,2500000.0,5000.0,CAM
Jorge Padilla,20,Spain,67,80,Levante Unión Deportiva,2500000.0,3000.0,ST
M. Pardo,25,Argentina,67,70,Patronato,1300000.0,5000.0,CAM
N. Diliberto,19,France,67,79,Valenciennes FC,2400000.0,1000.0,CM
L. Da Cunha,20,France,67,77,OGC Nice,2200000.0,8000.0,RM
J. Palacios,22,Argentina,67,77,San Lorenzo de Almagro,2300000.0,5000.0,RM
Atienza,22,Spain,67,77,SD Eibar,2300000.0,4000.0,CM
A. Mighten,19,England,67,81,Nottingham Forest,2400000.0,9000.0,LM
N. Morgantini,26,Argentina,67,68,Club Atlético Lanús,1100000.0,6000.0,RB
Vitinha,21,Portugal,67,81,FC Porto,2500000.0,3000.0,CAM
G. Quagliata,21,Italy,67,77,Heracles Almelo,2200000.0,2000.0,LB
Pedro Raul,24,Brazil,67,71,Kashiwa Reysol,1500000.0,4000.0,ST
Guille Rosas,21,Spain,67,79,Real Sporting de Gijón,2400000.0,2000.0,RB
K. Rabihic,28,Germany,67,67,Sportclub Verl,1000000.0,1000.0,LW
J. Schöppner,22,Germany,67,76,1. FC Heidenheim 1846,2300000.0,7000.0,CM
Francho Serrano,19,Spain,67,82,Real Zaragoza,2400000.0,2000.0,CM
C. Alcaraz,18,Argentina,67,82,Racing Club,2400000.0,2000.0,CAM
Nico Williams,18,Spain,67,81,Athletic Club de Bilbao,2400000.0,4000.0,RW
F. Carvalho,18,England,67,86,Fulham,2600000.0,6000.0,CAM
M. Biron,23,France,67,73,AS Nancy Lorraine,1600000.0,5000.0,ST
Gaspar Campos,21,Spain,67,81,Real Sporting de Gijón,2500000.0,3000.0,LM
C. Bozdoğan,20,Germany,67,81,Beşiktaş JK,2500000.0,3000.0,CAM
Marrony,22,Brazil,67,79,FC Midtjylland,2500000.0,9000.0,RW
Cleiton Silva,34,Brazil,67,67,Bengaluru FC,500000.0,1000.0,ST
J. Le Douaron,23,France,67,72,Stade Brestois 29,1500000.0,6000.0,LM
I. Kebbal,22,France,67,76,Stade de Reims,2300000.0,8000.0,RM
M. Kurt,25,Germany,67,70,SV Wehen Wiesbaden,1200000.0,3000.0,CDM
Alex Baena,19,Spain,67,82,Girona FC,2400000.0,6000.0,LM
A. Moueffek,20,France,67,79,AS Saint-Étienne,2400000.0,8000.0,CM
A. Knauff,19,Germany,67,80,Borussia Dortmund,2400000.0,9000.0,RM
S. Mara,18,France,67,79,FC Girondins de Bordeaux,2400000.0,4000.0,ST
Joel Pereira,24,Portugal,67,70,Lech Poznań,1300000.0,3000.0,RB
Pedrão,24,Brazil,67,73,Portimonense SC,1500000.0,2000.0,CB
E. Guessand,20,France,67,80,OGC Nice,2500000.0,9000.0,ST
Pablo García,21,Spain,67,79,Real Sporting de Gijón,2400000.0,2000.0,LB
S. Čestić,20,Germany,67,77,1. FC Köln,2100000.0,6000.0,CB
Marvin,21,Spain,67,79,Real Madrid CF,2500000.0,30000.0,RW
Arnau Tenas,20,Spain,67,81,FC Barcelona,2100000.0,16000.0,GK
Víctor Chust,21,Spain,67,78,Cádiz CF,2100000.0,24000.0,CB
Ayesa,20,Spain,67,81,Real Sociedad B,2100000.0,1000.0,GK
Joan García,20,Spain,67,83,RCD Espanyol de Barcelona,2400000.0,3000.0,GK
M. John,19,Germany,67,79,TSG Hoffenheim,2300000.0,5000.0,LWB
Léo Andrade,23,Brazil,67,74,Clube Sport Marítimo,1900000.0,3000.0,CB
M. Santilli,37,Argentina,67,67,Deportivo La Guaira FC,110000.0,500.0,GK
T. Lacoux,19,France,67,77,FC Girondins de Bordeaux,2100000.0,4000.0,CDM
M. Pieringer,21,Germany,67,75,FC Schalke 04,2300000.0,2000.0,ST
J. Pucheta,29,Argentina,67,69,Club Social y Deportivo Macará,850000.0,500.0,GK
A. Mulet,21,Argentina,67,75,Vélez Sarsfield,2300000.0,4000.0,CM
S. Thomas,22,England,67,77,Huddersfield Town,2300000.0,4000.0,RW
Cacá,22,Brazil,67,75,Tokushima Vortis,2100000.0,1000.0,CB
Felippe Cardoso,22,Brazil,67,74,Vegalta Sendai,2100000.0,2000.0,ST
Davo,26,Spain,67,68,UD Ibiza,1200000.0,3000.0,RM
L. Rosier,22,France,67,76,Estoril Praia,2200000.0,2000.0,CDM
André Franco,23,Portugal,67,76,Estoril Praia,2300000.0,3000.0,CAM
Mateus Quaresma,24,Brazil,67,72,FC Arouca,1400000.0,2000.0,LB
Álex Petxa,24,Spain,67,74,Athletic Club de Bilbao,1900000.0,7000.0,RB
Serginho,26,Brazil,67,68,GZT Giresunspor,1200000.0,5000.0,RM
Chapela,22,Spain,67,76,Cádiz CF,2300000.0,9000.0,RW
Tiago Araújo,20,Portugal,67,83,FC Arouca,2700000.0,3000.0,LM
R. Providence,19,France,67,83,Club Brugge KV,2600000.0,10000.0,LW
Moleiro,17,Spain,67,81,Unión Deportiva Las Palmas,2300000.0,500.0,CAM
Zapater,36,Spain,66,66,Real Zaragoza,275000.0,2000.0,CM
J. Garner,33,England,66,66,Fleetwood Town,550000.0,4000.0,ST
K. Lee,33,England,66,66,Bolton Wanderers,425000.0,3000.0,CDM
P. Hartley,33,England,66,66,Jamshedpur FC,400000.0,650.0,CB
P. Huntington,33,England,66,66,Preston North End,400000.0,9000.0,CB
Sastre,35,Spain,66,66,SD Huesca,350000.0,3000.0,CM
M. Mancienne,33,England,66,66,Burton Albion,425000.0,2000.0,CDM
T. Clarke,33,England,66,66,Fleetwood Town,400000.0,3000.0,CB
B. Amos,31,England,66,66,Wigan Athletic,450000.0,1000.0,GK
S. Baldock,32,England,66,66,Derby County,700000.0,5000.0,ST
L. Grimi,36,Argentina,66,66,Club Atlético Huracán,190000.0,3000.0,LB
J. Sainati,32,France,66,66,SC Bastia,550000.0,2000.0,CB
J. Jones,32,England,66,66,Wigan Athletic,425000.0,1000.0,GK
D. Hylton,32,England,66,66,Luton Town,700000.0,5000.0,ST
J. Grahl,32,Germany,66,66,Eintracht Frankfurt,425000.0,6000.0,GK
J. Ayala,33,Argentina,66,66,Rosario Central,275000.0,4000.0,GK
A. Collin,35,France,66,66,Philadelphia Union,230000.0,2000.0,CB
B. Tozer,31,England,66,66,Wrexham AFC,575000.0,500.0,CB
F. Sammaritano,35,France,66,66,Dijon FCO,350000.0,1000.0,LM
J. Steele,30,England,66,66,Brighton & Hove Albion,575000.0,11000.0,GK
F. Jungwirth,32,Germany,66,66,Vancouver Whitecaps FC,550000.0,2000.0,CB
F. Di Tacchio,31,Italy,66,66,US Salernitana 1919,700000.0,11000.0,CM
D. Andrew,30,England,66,66,Fleetwood Town,725000.0,3000.0,LWB
M. Pourié,30,Germany,66,66,FC Würzburger Kickers,850000.0,3000.0,ST
G. Zigoni,30,Italy,66,66,Venezia FC,850000.0,7000.0,ST
S. McConville,32,England,66,66,Accrington Stanley,600000.0,2000.0,LWB
C. Buchtmann,29,Germany,66,66,FC St. Pauli,825000.0,6000.0,CM
Héctor Rodas,33,Spain,66,66,Odisha FC,400000.0,500.0,CB
D. Mayor,30,England,66,66,Plymouth Argyle,825000.0,5000.0,CM
J. Shea,30,England,66,66,Luton Town,575000.0,3000.0,GK
S. Mielitz,31,Germany,66,66,Viktoria Köln,450000.0,1000.0,GK
Javi Lara,35,Spain,66,66,UD Ibiza,350000.0,2000.0,CM
M. Beister,30,Germany,66,66,FC Ingolstadt 04,825000.0,6000.0,RM
F. Berenguer,32,France,66,66,Melbourne City FC,675000.0,4000.0,CM
André Santos,32,Portugal,66,66,Grasshopper Club Zürich,675000.0,4000.0,CM
M. Álvarez,29,Germany,66,66,Cracovia,850000.0,4000.0,ST
J. Norwood,30,England,66,66,Ipswich Town,850000.0,5000.0,ST
M. Vidal,30,France,66,66,Rodez Aveyron Football,575000.0,1000.0,GK
J. Colback,31,England,66,66,Nottingham Forest,600000.0,12000.0,CDM
M. Jacobs,29,England,66,66,Portsmouth,850000.0,5000.0,LM
L. Moult,29,England,66,66,Burton Albion,850000.0,3000.0,ST
J. Marquis,29,England,66,66,Portsmouth,850000.0,5000.0,ST
J. Stockley,27,England,66,66,Charlton Athletic,925000.0,3000.0,ST
C. Hussey,32,England,66,66,Cheltenham Town,600000.0,3000.0,LWB
Liliu,31,Brazil,66,66,Sport Huancayo,725000.0,500.0,ST
J. Taylor,28,England,66,66,Doncaster Rovers,850000.0,4000.0,RM
B. Ketkeophomphone,31,France,66,66,USL Dunkerque,725000.0,2000.0,ST
L. Nicholls,28,England,66,68,Huddersfield Town,725000.0,3000.0,GK
R. Bocalon,32,Italy,66,66,Venezia FC,700000.0,7000.0,ST
F. Vismara,38,Argentina,66,66,Club Atlético Sarmiento,170000.0,2000.0,CDM
M. Power,27,England,66,66,Wigan Athletic,900000.0,2000.0,CM
R. Tafazolli,29,England,66,66,Wycombe Wanderers,725000.0,3000.0,CB
L. Néry,30,France,66,66,Grenoble Foot 38,725000.0,2000.0,RB
R. Smallwood,30,England,66,66,Hull City,725000.0,4000.0,CDM
N. Dumitru,29,Italy,66,66,Suwon Samsung Bluewings,850000.0,2000.0,ST
T. Moulin,31,France,66,66,FC Academica Clinceni,600000.0,2000.0,CDM
Campabadal,28,Spain,66,66,CD Lugo,775000.0,3000.0,RB
S. Zellner,30,Germany,66,66,1. FC Saarbrücken,700000.0,2000.0,CB
J. Cousins,27,England,66,68,Wigan Athletic,925000.0,2000.0,CDM
G. Long,27,England,66,69,Millwall,850000.0,3000.0,GK
Hernán,30,Spain,66,66,NorthEast United FC,700000.0,600.0,CB
A. Woodyard,28,England,66,66,AFC Wimbledon,850000.0,3000.0,CM
J. Vela,27,England,66,66,Shrewsbury Town,900000.0,4000.0,CM
R. Tunnicliffe,28,England,66,66,Portsmouth,850000.0,5000.0,CM
L. Burge,28,England,66,68,Sunderland,725000.0,3000.0,GK
S. Hoskins,28,England,66,66,Northampton Town,850000.0,6000.0,RM
G. Korte,30,Germany,66,66,SV Wehen Wiesbaden,825000.0,3000.0,LM
D. Kempe,35,Germany,66,66,SV Wehen Wiesbaden,275000.0,2000.0,LB
C. Edwards,27,England,66,67,Djurgårdens IF,975000.0,3000.0,CM
R. Inniss,26,England,66,68,Charlton Athletic,925000.0,3000.0,CB
J. Derstroff,29,Germany,66,66,Hallescher FC,850000.0,2000.0,LM
Guillermo,28,Spain,66,66,Burgos CF,875000.0,3000.0,ST
J. Husband,27,England,66,66,Blackpool,825000.0,4000.0,LB
E. Dudouit,29,France,66,66,USL Dunkerque,725000.0,2000.0,CDM
D. Cole,26,England,66,68,Barnsley,1100000.0,13000.0,ST
C. Pym,26,England,66,71,Peterborough United,975000.0,3000.0,GK
Volpi,28,Brazil,66,68,Club Atlético Peñarol,725000.0,500.0,GK
J. Guthrie,28,England,66,66,Northampton Town,725000.0,6000.0,CB
A. Gilbey,26,England,66,69,Charlton Athletic,1100000.0,3000.0,CM
E. Zenga,28,Germany,66,66,SV Sandhausen,850000.0,3000.0,CM
R. Edwards,27,England,66,67,Dundee United,850000.0,2000.0,CB
N. Manfredini,33,Italy,66,66,Benevento,275000.0,4000.0,GK
D. Butler,26,England,66,67,Peterborough United,925000.0,4000.0,LWB
T. Meißner,30,Germany,66,66,F.C. Hansa Rostock,700000.0,3000.0,CB
B. Jopek,27,Germany,66,66,FC Viktoria 1889 Berlin,900000.0,1000.0,CM
P. Weihrauch,27,Germany,66,67,SG Dynamo Dresden,975000.0,5000.0,CM
E. Lee,26,England,66,69,Charlton Athletic,1100000.0,5000.0,CAM
N. Lomb,27,Germany,66,66,Bayer 04 Leverkusen,650000.0,9000.0,GK
Alex Vallejo,29,Spain,66,66,Huddersfield Town,725000.0,3000.0,CDM
S. Long,26,England,66,67,Oxford United,925000.0,3000.0,RB
M. Vicentini,30,Argentina,66,66,Club Atlético Sarmiento,575000.0,3000.0,GK
Carlos Hernández,30,Spain,66,66,AD Alcorcón,700000.0,3000.0,CB
T. Morosini,29,Italy,66,66,AC Monza,825000.0,2000.0,CM
P. Göbel,27,Germany,66,66,FSV Zwickau,825000.0,1000.0,RB
Q. Moll,30,Germany,66,66,TSV 1860 München,725000.0,1000.0,CDM
Ricardo Santos,26,Portugal,66,70,Bolton Wanderers,1100000.0,3000.0,CB
D. Wein,27,Germany,66,67,TSV 1860 München,875000.0,1000.0,CDM
Luís Rocha,28,Portugal,66,66,Cracovia,775000.0,3000.0,LB
Joel Pereira,25,Portugal,66,72,RKC Waalwijk,1100000.0,2000.0,GK
S. Lex,31,Germany,66,66,TSV 1860 München,725000.0,1000.0,CF
M. Macey,26,England,66,69,Hibernian,850000.0,2000.0,GK
J. Harrop,25,England,66,70,Preston North End,1200000.0,10000.0,CAM
Alan Costa,30,Brazil,66,66,Bengaluru FC,700000.0,800.0,CB
D. Erdmann,30,Germany,66,66,1. FC Saarbrücken,700000.0,2000.0,CB
C. Dawson,25,England,66,70,Exeter City,925000.0,2000.0,GK
S. López,32,Argentina,66,66,Barcelona Sporting Club,675000.0,500.0,CM
R. Salinas,34,Argentina,66,66,Club Atlético Sarmiento,425000.0,4000.0,ST
Juanma,30,Spain,66,66,Avispa Fukuoka,850000.0,2000.0,ST
B. Purrington,25,England,66,68,Charlton Athletic,975000.0,3000.0,LB
D. Miloc,30,Argentina,66,66,Arsenal de Sarandí,825000.0,3000.0,CM
Hugo Sousa,29,Portugal,66,66,Sepsi OSK Sf. Gheorghe,725000.0,4000.0,CB
H. Bonmann,27,Germany,66,68,FC Würzburger Kickers,775000.0,2000.0,GK
C. Grant,26,England,66,68,Plymouth Argyle,975000.0,4000.0,LWB
M. Pennington,26,England,66,68,Shrewsbury Town,925000.0,3000.0,CB
Flávio,27,Brazil,66,69,FC Paços de Ferreira,975000.0,3000.0,CB
E. Triverio,32,Argentina,66,66,Club Atlético Huracán,700000.0,5000.0,ST
M. Schultz,28,Germany,66,66,Eintracht Braunschweig,725000.0,2000.0,CB
S. Mockenhaupt,29,Germany,66,66,SV Wehen Wiesbaden,725000.0,3000.0,CB
D. Wheeler,30,England,66,66,Wycombe Wanderers,825000.0,3000.0,CAM
N. Ferreyra,28,Argentina,66,68,Rosario Central,850000.0,5000.0,CB
D. Dussaut,26,France,66,68,FC Farul Constanța,975000.0,3000.0,RB
D. Cavaré,26,France,66,69,FC Sion,1000000.0,7000.0,RB
P. Ceccaroni,25,Italy,66,69,Venezia FC,1000000.0,5000.0,CB
K. Bryan,24,England,66,73,West Bromwich Albion,1600000.0,10000.0,CB
Rufo,28,Spain,66,66,Aalborg BK,850000.0,5000.0,CAM
F. Di Mariano,25,Italy,66,69,Lecce,1100000.0,2000.0,ST
C. Brannagan,25,England,66,70,Oxford United,1200000.0,4000.0,CM
J. Wildsmith,25,England,66,72,Sheffield Wednesday,1100000.0,2000.0,GK
T. Pellenard,27,France,66,67,AJ Auxerre,900000.0,2000.0,LB
J. Vogliotti,36,Argentina,66,66,Club Deportivo Guabirá,300000.0,500.0,ST
J. Torres,24,Argentina,66,73,Club Atlético Sarmiento,1700000.0,4000.0,ST
F. David,28,France,66,66,Rodez Aveyron Football,875000.0,2000.0,ST
E. Öztümer,30,England,66,66,Fatih Karagümrük S.K.,825000.0,5000.0,CAM
Agus Medina,26,Spain,66,69,SD Ponferradina,1000000.0,3000.0,CDM
P. Lemonnier,27,France,66,68,En Avant de Guingamp,900000.0,3000.0,CB
A. Palmer,24,England,66,72,West Bromwich Albion,1100000.0,7000.0,GK
A. Brunst,25,Germany,66,69,Vejle Boldklub,875000.0,3000.0,GK
C. Humphreys-Grant,22,England,66,74,SV Zulte Waregem,1800000.0,4000.0,CB
José Suárez,25,Spain,66,72,AD Alcorcón,1100000.0,2000.0,GK
J. Bachmann,25,Germany,66,70,SV Sandhausen,1100000.0,2000.0,CDM
A. Phillips,23,England,66,72,Morecambe,1300000.0,9000.0,CM
W. Boyle,25,England,66,70,Cheltenham Town,1100000.0,3000.0,CB
D. Roßbach,28,Germany,66,67,F.C. Hansa Rostock,800000.0,4000.0,CB
M. Orihuela,29,Argentina,66,66,Atlético Tucumán,750000.0,4000.0,LB
M. Multhaup,24,Germany,66,70,Eintracht Braunschweig,1200000.0,2000.0,RM
Gustavo,29,Brazil,66,66,Universitatea Craiova,850000.0,5000.0,RW
G. Gaudino,24,Germany,66,71,SV Sandhausen,1300000.0,2000.0,CM
André Moreira,25,Portugal,66,72,Grasshopper Club Zürich,1100000.0,3000.0,GK
Grego Sierra,28,Spain,66,68,Burgos CF,850000.0,2000.0,CB
Ezkieta,24,Spain,66,71,Athletic Club de Bilbao,1000000.0,5000.0,GK
M. Frey,25,Germany,66,70,MSV Duisburg,1200000.0,3000.0,CM
Q. Cornette,27,France,66,66,Le Havre AC,900000.0,3000.0,RM
C. Hamilton,26,England,66,67,Blackpool,1000000.0,5000.0,RM
G. Dobson,23,England,66,72,Charlton Athletic,1200000.0,2000.0,CDM
D. Sosa,29,Argentina,66,66,Argentinos Juniors,850000.0,5000.0,LW
Q. Lecoeuche,27,France,66,67,Valenciennes FC,900000.0,2000.0,LB
Víctor García,27,Spain,66,67,Śląsk Wrocław,900000.0,3000.0,LWB
F. Lanzillotta,28,Argentina,66,69,Argentinos Juniors,800000.0,3000.0,GK
T. Moore,24,England,66,73,Heart of Midlothian,1600000.0,8000.0,CB
F. Altamirano,25,Argentina,66,72,Club Atlético Banfield,1100000.0,3000.0,GK
G. Canto,27,Argentina,66,69,Club Atlético Banfield,975000.0,4000.0,CB
C. Guy,24,England,66,71,Carlisle United,1200000.0,3000.0,CDM
N. Lemaître,24,France,66,73,US Quevilly Rouen Métropole,1500000.0,1000.0,GK
H. Chapman,23,England,66,73,Burton Albion,1700000.0,12000.0,LW
J. Walton,23,England,66,74,Barnsley,1600000.0,8000.0,GK
M. Ajani,27,Germany,66,66,MSV Duisburg,900000.0,3000.0,RM
Xande Silva,24,Portugal,66,72,Nottingham Forest,1400000.0,12000.0,RM
D. Gnaase,24,Germany,66,72,1. FC Saarbrücken,1200000.0,2000.0,CDM
J. Thorniley,24,England,66,72,Oxford United,1200000.0,3000.0,CB
A. Ferati,23,Germany,66,72,Fortuna Sittard,1400000.0,4000.0,CAM
Mayoral,24,Spain,66,71,CD Lugo,1300000.0,7000.0,CAM
R. Wulle,27,Germany,66,69,SV Sandhausen,850000.0,2000.0,GK
C. Connolly,23,England,66,71,Blackpool,1200000.0,3000.0,CB
R. Becker,24,Germany,66,71,SG Dynamo Dresden,1200000.0,4000.0,RB
P. Ochs,24,Germany,66,73,Hannover 96,1600000.0,6000.0,LB
K. Knoyle,24,England,66,72,Doncaster Rovers,1300000.0,3000.0,RB
D. Schad,24,Germany,66,70,1. FC Kaiserslautern,1100000.0,1000.0,RB
J. Davenport,22,England,66,76,Blackburn Rovers,1800000.0,10000.0,CDM
A. Kalulu,25,France,66,69,FC Sochaux-Montbéliard,1100000.0,2000.0,RM
Luís Machado,28,Portugal,66,66,Radomiak Radom,850000.0,2000.0,LM
Chris Farminhão,25,Brazil,66,66,Grêmio,825000.0,7000.0,CB
Estevãtinho,29,Brazil,66,66,Fluminense,850000.0,7000.0,CAM
Adão Morrinhos,29,Brazil,66,66,Fluminense,850000.0,8000.0,ST
Nazario Serpe,29,Brazil,66,66,Bahia,725000.0,4000.0,CDM
Breno Laranjeiro,21,Brazil,66,66,Associação Chapecoense de Futebol,1000000.0,4000.0,CAM
H. Coulson,23,England,66,74,Ipswich Town,1800000.0,7000.0,LB
C. Johnson,24,England,66,72,Fleetwood Town,1300000.0,3000.0,RB
Ian González,28,Spain,66,66,Deportivo Toluca,875000.0,6000.0,ST
D. Poha,24,France,66,73,Vitória de Guimarães,1700000.0,3000.0,CM
M. Butcher,24,England,66,71,Accrington Stanley,1300000.0,2000.0,CM
Adri Castellano,27,Spain,66,69,SD Ponferradina,975000.0,3000.0,CB
J. Fitzwater,23,England,66,73,Livingston FC,1600000.0,2000.0,CB
J. Pritchard,24,England,66,70,Accrington Stanley,1100000.0,2000.0,RWB
N. Janvier,22,France,66,75,Vitória de Guimarães,1900000.0,3000.0,CM
J. Leko,22,England,66,71,Charlton Athletic,1300000.0,7000.0,ST
A. Arslan,27,Germany,66,67,Holstein Kiel,975000.0,7000.0,CM
S. Wharton,23,England,66,73,Blackburn Rovers,1600000.0,10000.0,CB
F. Schleusener,29,Germany,66,66,Karlsruher SC,850000.0,5000.0,ST
S. Coulibaly,25,France,66,72,LA Galaxy,1200000.0,2000.0,CB
R. Williams,24,England,66,72,Hull City,1400000.0,4000.0,RM
J. Dacosta,25,France,66,71,Coventry City,1200000.0,6000.0,RWB
F. Herbers,27,Germany,66,66,Chicago Fire Football Club,900000.0,3000.0,CAM
R. Krauße,27,Germany,66,68,Eintracht Braunschweig,925000.0,2000.0,CDM
F. Cobos,28,Argentina,66,66,Patronato,775000.0,5000.0,LB
L. Merolla,26,Argentina,66,71,Club Atlético Huracán,1100000.0,4000.0,CB
F. Cambeses,24,Argentina,66,74,Club Atlético Banfield,1600000.0,3000.0,GK
Iván González,31,Spain,66,66,FC Goa,575000.0,700.0,CB
P. Tietz,23,Germany,66,72,SV Darmstadt 98,1400000.0,5000.0,ST
A. Dozzell,22,England,66,73,Queens Park Rangers,1700000.0,5000.0,CM
Verdasca,24,Portugal,66,71,Śląsk Wrocław,1200000.0,2000.0,CB
J. Osei-Tutu,22,England,66,77,Nottingham Forest,1800000.0,15000.0,RB
Elgezabal,28,Spain,66,68,Burgos CF,850000.0,2000.0,CB
S. Edera,24,Italy,66,71,Torino F.C.,1300000.0,10000.0,CAM
T. Bakinson,22,England,66,75,Bristol City,1900000.0,9000.0,CM
G. Fechner,23,Germany,66,73,SV Wehen Wiesbaden,1600000.0,2000.0,CB
J. Chicco,23,Argentina,66,71,Club Atlético Sarmiento,1200000.0,3000.0,CDM
Alan Besseiro,29,Brazil,66,66,Associação Chapecoense de Futebol,750000.0,5000.0,LB
Welliton Helmes,21,Brazil,66,66,Internacional,1000000.0,6000.0,CAM
Felipe Araruna,25,Brazil,66,69,Reading,1000000.0,7000.0,RB
C. Rizzuto,29,Germany,66,66,F.C. Hansa Rostock,750000.0,4000.0,RB
C. Pring,23,England,66,72,Bristol City,1300000.0,8000.0,LB
L. Southwood,23,England,66,74,Reading,1600000.0,5000.0,GK
M. Finotto,28,Italy,66,66,AC Monza,875000.0,2000.0,ST
Pité,26,Portugal,66,66,FC Arouca,925000.0,2000.0,LM
E. Moore,24,England,66,69,Oxford United,1000000.0,3000.0,CB
C. Früchtl,21,Germany,66,76,FC Bayern München,1700000.0,8000.0,GK
O. Rathbone,24,England,66,72,Rotherham United,1300000.0,3000.0,CM
I. Sacko,23,France,66,72,OGC Nice,1400000.0,8000.0,ST
T. Campanini,22,France,66,72,Paris FC,1300000.0,2000.0,RB
O. Dale,22,England,66,72,Blackpool,1400000.0,3000.0,RM
T. Lowery,23,England,66,73,Crewe Alexandra,1700000.0,3000.0,CM
R. Guitane,22,France,66,77,Clube Sport Marítimo,1900000.0,6000.0,CAM
G. Goñi,22,Argentina,66,73,Arsenal de Sarandí,1600000.0,3000.0,CB
D. Batty,23,England,66,73,Fleetwood Town,1700000.0,3000.0,CM
T. Sibbick,22,England,66,74,Barnsley,1800000.0,10000.0,CB
H. Kane,22,England,66,74,Oxford United,1900000.0,11000.0,CM
M. Borgnino,23,Argentina,66,72,Unión de Santa Fe,1400000.0,4000.0,LW
A. Plizzari,21,Italy,66,79,AC Milan,1800000.0,5000.0,GK
R. Alfani,25,Argentina,66,67,Carlos A. Mannucci,900000.0,500.0,CB
W. Mazzantti,24,Argentina,66,69,CD Huachipato,1200000.0,2000.0,RW
A. Jung,23,France,66,73,AS Nancy Lorraine,1700000.0,4000.0,ST
M. Mehlem,26,Germany,66,68,SC Paderborn 07,950000.0,5000.0,CDM
Arribas,22,Spain,66,76,AD Alcorcón,1900000.0,3000.0,LM
Álex Martín,23,Spain,66,75,RC Celta de Vigo,1800000.0,5000.0,CB
B. Cuesta,32,Argentina,66,66,FBC Melgar,700000.0,500.0,ST
Y. Maziz,23,France,66,71,Seraing,1300000.0,5000.0,CAM
R. Schofield,21,England,66,75,Huddersfield Town,1700000.0,2000.0,GK
S. Kurt,26,Germany,66,68,Adana Demirspor,1100000.0,6000.0,CM
N. Tella,21,England,66,78,Southampton,2100000.0,10000.0,LM
S. Twine,21,England,66,75,Milton Keynes Dons,1900000.0,3000.0,CM
João Virgínia,21,Portugal,66,78,Sporting CP,1800000.0,9000.0,GK
M. Sylla,21,France,66,76,FC Utrecht,1900000.0,4000.0,ST
L. Ritzka,23,Germany,66,73,FC St. Pauli,1600000.0,5000.0,LB
J. Rankin-Costello,21,England,66,76,Blackburn Rovers,1800000.0,8000.0,RB
T. Boss,28,Germany,66,69,SV Wehen Wiesbaden,800000.0,2000.0,GK
S. Tigges,22,Germany,66,73,Borussia Dortmund,1800000.0,13000.0,ST
D. Hägele,32,Germany,66,66,FC Würzburger Kickers,575000.0,3000.0,CDM
A. Sicker,24,Germany,66,71,SV Sandhausen,1200000.0,2000.0,LB
J. Lorch,25,Germany,66,68,Viktoria Köln,975000.0,2000.0,CDM
M. Nadé,22,France,66,75,AS Saint-Étienne,1800000.0,7000.0,CB
T. Baumgart,23,Germany,66,72,FC Erzgebirge Aue,1400000.0,3000.0,RM
N. Ortiz,26,Argentina,66,69,Universidad Técnica de Cajamarca,1000000.0,500.0,CB
Conrado,24,Brazil,66,69,Lechia Gdańsk,1100000.0,2000.0,LB
R. Scheu,26,Germany,66,66,1. FC Saarbrücken,925000.0,2000.0,RM
R. Harper,21,England,66,75,Ipswich Town,1900000.0,3000.0,CM
L. Daschner,22,Germany,66,73,FC St. Pauli,1700000.0,5000.0,CAM
B. Wiles,22,England,66,75,Rotherham United,1900000.0,3000.0,CM
S. Schimmer,27,Germany,66,67,1. FC Heidenheim 1846,1000000.0,8000.0,ST
M. Seegert,27,Germany,66,69,SV Waldhof Mannheim 07,975000.0,1000.0,CB
S. Quiroga,27,Argentina,66,67,Club Atlético Sarmiento,975000.0,4000.0,CAM
R. Herrmann,27,Germany,66,66,FC Würzburger Kickers,900000.0,3000.0,LM
B. Manu,24,Germany,66,72,SV Darmstadt 98,1400000.0,4000.0,LM
B. Henning,26,Germany,66,68,Eintracht Braunschweig,1100000.0,2000.0,CM
J. Löhmannsröben,30,Germany,66,66,Hallescher FC,725000.0,1000.0,CDM
W. Kanga,23,France,66,73,BSC Young Boys,1700000.0,5000.0,ST
A. Barylla,24,Germany,66,70,FC Erzgebirge Aue,1100000.0,2000.0,RB
S. Puttkammer,32,Germany,66,66,SV Meppen,550000.0,850.0,CB
N. Casale,23,Italy,66,76,Hellas Verona,1800000.0,6000.0,CB
S. Sessegnon,21,England,66,80,Fulham,2000000.0,10000.0,RB
S. Karamoko,28,France,66,66,AS Nancy Lorraine,775000.0,2000.0,RB
F. Downes,22,England,66,74,Swansea City,1800000.0,7000.0,CDM
R. Kerrouche,27,France,66,67,USL Dunkerque,975000.0,2000.0,CM
M. Tchokounté,32,France,66,66,USL Dunkerque,700000.0,2000.0,ST
S. Niakaté,21,France,66,75,FC Metz,1800000.0,2000.0,CB
L. Guzmán,21,Argentina,66,75,Club Atlético Aldosivi,1900000.0,3000.0,RM
M. Ortíz,26,Argentina,66,67,Club Atlético Talleres,1000000.0,5000.0,RW
M. O'Riley,20,England,66,74,Milton Keynes Dons,1900000.0,3000.0,CM
Leonardo Rocha,23,Portugal,66,73,KAS Eupen,1700000.0,4000.0,ST
José Lara,21,Spain,66,77,Real Betis Balompié,1900000.0,5000.0,RM
Genaro,23,Spain,66,76,Málaga CF,1800000.0,2000.0,CDM
Dani Escriche,23,Spain,66,74,SD Huesca,1900000.0,4000.0,ST
J. Carranza,21,Argentina,66,75,Inter Miami CF,1900000.0,2000.0,ST
Kike Hermoso,21,Spain,66,77,Real Betis Balompié,1800000.0,4000.0,CB
Y. Clementia,23,France,66,71,Stade Malherbe Caen,1000000.0,1000.0,GK
M. Jenz,22,Germany,66,74,FC Lorient,1800000.0,5000.0,CB
K. Guessoum,22,France,66,74,Nîmes Olympique,1800000.0,2000.0,CB
Y. Armougom,23,France,66,71,Stade Malherbe Caen,1200000.0,2000.0,LB
N. Gallardo,23,Argentina,66,72,Club Atlético Colón,1300000.0,3000.0,LB
Brugui,24,Spain,66,72,CD Mirandés,1400000.0,7000.0,LM
F. Grahl,29,Argentina,66,66,Club Atlético Aldosivi,825000.0,4000.0,CM
Y. Bisseck,20,Germany,66,81,Aarhus GF,1900000.0,5000.0,CB
R. Hoffmann,22,Germany,66,76,Sunderland,1700000.0,10000.0,GK
M. Costly,25,Germany,66,69,SV Waldhof Mannheim 07,1100000.0,1000.0,RM
L. Dietz,24,Germany,66,72,FC Würzburger Kickers,1200000.0,2000.0,CB
S. Cibois,23,France,66,72,Stade Brestois 29,1100000.0,3000.0,GK
A. Antilef,22,Argentina,66,75,Arsenal de Sarandí,1900000.0,3000.0,CM
N. Thaller,22,Argentina,66,74,Club Atlético Lanús,1800000.0,4000.0,CB
C. Sickinger,23,Germany,66,73,SV Sandhausen,1600000.0,2000.0,CDM
F. Valot,28,France,66,66,FC Cincinnati,850000.0,3000.0,RM
M. Adams,24,England,66,71,Atlanta United,1200000.0,2000.0,CDM
Álvaro García,21,Spain,66,79,RCD Espanyol de Barcelona,2000000.0,4000.0,CB
Pablo Martínez,23,Spain,66,75,Levante Unión Deportiva,1900000.0,7000.0,LM
T. Richards,20,England,66,78,Brighton & Hove Albion,2100000.0,11000.0,CAM
J. Meier,21,Germany,66,76,F.C. Hansa Rostock,1800000.0,5000.0,LB
V. Burgoa,20,Argentina,66,75,Godoy Cruz,1900000.0,2000.0,CAM
Andújar,29,Spain,66,66,FC Cartagena,725000.0,2000.0,CB
D. Sanderson,21,England,66,79,Birmingham City,2000000.0,13000.0,CB
E. Bekiroglu,25,Germany,66,69,Aytemiz Alanyaspor,1100000.0,4000.0,CM
P. Schmidt,27,Germany,66,66,FC Ingolstadt 04,925000.0,7000.0,ST
Gabriel Brazão,20,Brazil,66,76,Inter,1600000.0,10000.0,GK
S. Beusnard,29,France,66,66,Pau FC,850000.0,2000.0,RM
G. Compagnucci,29,Argentina,66,66,Newell's Old Boys,850000.0,5000.0,RM
Juan Ibiza,25,Spain,66,71,UD Ibiza,1100000.0,2000.0,CB
Gonçalo Cardoso,20,Portugal,66,77,FC Basel 1893,1800000.0,11000.0,CB
M. Insaurralde,22,Argentina,66,73,Gimnasia y Esgrima La Plata,1700000.0,4000.0,CM
G. Ferrari,24,Argentina,66,73,Godoy Cruz,1600000.0,3000.0,CB
F. Colidio,21,Argentina,66,75,Inter,1900000.0,18000.0,ST
Miguel Morro,20,Spain,66,80,CF Fuenlabrada,1800000.0,3000.0,GK
Ezequiel,23,Brazil,66,72,Sanfrecce Hiroshima,1400000.0,3000.0,CF
D. Chambost,23,France,66,72,ESTAC Troyes,1400000.0,5000.0,CAM
J. Gelhardt,19,England,66,82,Leeds United,2200000.0,13000.0,ST
André Luís,27,Brazil,66,67,Moreirense FC,1000000.0,5000.0,ST
A. Díaz,21,Argentina,66,76,San Lorenzo de Almagro,1900000.0,4000.0,ST
C. Mola,20,England,66,77,VfB Stuttgart,1800000.0,5000.0,LB
P. Will,22,Germany,66,75,SG Dynamo Dresden,1800000.0,4000.0,CDM
L. Dajaku,20,Germany,66,78,Sunderland,2100000.0,7000.0,RW
G. Haag,21,France,66,77,AS Nancy Lorraine,1800000.0,2000.0,CDM
F. Quinteros,22,Argentina,66,75,Club Atlético Banfield,1800000.0,4000.0,LB
W. Isidor,20,France,66,77,AS Monaco,1900000.0,11000.0,ST
Andre Shinyashiki,24,Brazil,66,72,Colorado Rapids,1400000.0,2000.0,LM
G. Avila,19,Argentina,66,80,Rosario Central,1900000.0,2000.0,CB
L. Leroy,21,France,66,75,Montpellier Hérault SC,1900000.0,6000.0,CM
J. Branthwaite,19,England,66,84,Everton,2100000.0,9000.0,CB
J. Carls,24,Germany,66,73,SC Paderborn 07,1600000.0,4000.0,LB
D. Kother,21,Germany,66,75,Karlsruher SC,1900000.0,4000.0,LW
L. Mbe Soh,20,France,66,76,Nottingham Forest,1800000.0,9000.0,CB
J. Chougrani,30,France,66,66,Rodez Aveyron Football,700000.0,2000.0,CB
Sergio Camello,20,Spain,66,81,CD Mirandés,2100000.0,11000.0,ST
Zé Uilton,28,Brazil,66,66,FC Paços de Ferreira,850000.0,4000.0,RW
M. Ekpiteta,25,England,66,70,Blackpool,1100000.0,4000.0,CB
S. Sonnenberg,22,Germany,66,73,Heracles Almelo,1600000.0,2000.0,CB
J. Marx,26,Germany,66,68,FC Ingolstadt 04,975000.0,6000.0,RB
D. Köhn,22,Germany,66,75,Willem II,1800000.0,2000.0,LB
Larrazabal,23,Spain,66,74,SD Amorebieta,1900000.0,3000.0,RM
J. Bay,28,Argentina,66,66,Club Atlético Central Córdoba,775000.0,4000.0,LB
W. Coulibaly,22,France,66,74,Parma,1800000.0,7000.0,RB
K. Klefisch,21,Germany,66,71,Viktoria Köln,1200000.0,1000.0,CDM
Tiago Dantas,20,Portugal,66,81,CD Tondela,2100000.0,3000.0,CM
U. Akyol,23,Germany,66,73,Antalyaspor,1700000.0,5000.0,CM
Berto,23,Spain,66,75,Real Sporting de Gijón,1900000.0,3000.0,LM
K. Koindredi,19,France,66,81,Valencia CF,2000000.0,5000.0,CM
Saúl Crespo,24,Spain,66,73,SD Ponferradina,1600000.0,2000.0,CDM
B. Rollheiser,21,Argentina,66,76,River Plate,1900000.0,4000.0,RW
Diogo Sousa,22,Portugal,66,73,Antalyaspor,1500000.0,3000.0,GK
Riquelme,21,Spain,66,80,CD Mirandés,2100000.0,9000.0,RM
Jota Gonçalves,21,Portugal,66,76,CD Tondela,1800000.0,2000.0,CB
A. Doughty,21,England,66,76,Stoke City,1800000.0,6000.0,LWB
A. Rouault,20,France,66,78,Toulouse Football Club,1900000.0,2000.0,CB
Félix Correia,20,Portugal,66,82,Parma,2200000.0,7000.0,RW
Valera,19,Spain,66,83,Real Sociedad B,2200000.0,7000.0,RM
B. Martínez,21,Argentina,66,73,Club Atlético Independiente,1700000.0,3000.0,RM
R. Villagra,20,Argentina,66,80,Club Atlético Talleres,1900000.0,3000.0,CDM
T. Escalante,21,Argentina,66,74,Defensa y Justicia,1900000.0,3000.0,CM
Lobete,20,Spain,66,80,Real Sociedad B,2100000.0,2000.0,ST
K. Fischer,20,Germany,66,73,1. FC Nürnberg,1600000.0,3000.0,RB
M. Cho,17,France,66,82,Angers SCO,2100000.0,1000.0,ST
T. Ortega,20,Argentina,66,76,Club Atlético Independiente,1800000.0,3000.0,LB
D. Thiam,31,France,66,66,USL Dunkerque,625000.0,2000.0,RB
I. Boura,20,France,66,77,Racing Club de Lens,1800000.0,5000.0,LWB
E. Martel,19,Germany,66,84,FK Austria Wien,2100000.0,8000.0,CDM
Fabiano Souza,21,Brazil,66,79,SC Braga,2000000.0,3000.0,RB
K. Caliskaner,21,Germany,66,73,SSV Jahn Regensburg,1800000.0,3000.0,ST
Iago López,22,Spain,66,76,CD Mirandés,1800000.0,2000.0,RB
Luís Mata,23,Portugal,66,71,Pogoń Szczecin,1200000.0,2000.0,LB
M. Rente,24,Germany,66,72,Heracles Almelo,1200000.0,2000.0,CB
S. Meza,21,Argentina,66,76,Club Atlético Huracán,1700000.0,2000.0,GK
Jean Patric,24,Brazil,66,71,Santa Clara,1300000.0,2000.0,LW
N. Castro,30,Argentina,66,66,Arsenal de Sarandí,825000.0,4000.0,LW
Martín Calderón,22,Spain,66,74,Cádiz CF,1900000.0,7000.0,CM
A. Cabrera,28,Argentina,66,67,Club Atlético Banfield,825000.0,5000.0,CDM
Quintana,19,Spain,66,79,Málaga CF,1900000.0,1000.0,CDM
Larrubia,19,Spain,66,80,Málaga CF,2000000.0,2000.0,CAM
M. Braida,24,Argentina,66,72,Club Atlético Aldosivi,1400000.0,3000.0,LM
Meseguer,22,Spain,66,75,CD Mirandés,1900000.0,2000.0,CM
Luiz Júnior,20,Brazil,66,78,Futebol Clube de Famalicão,1800000.0,1000.0,GK
Yan Couto,19,Brazil,66,81,SC Braga,1900000.0,2000.0,RB
M. Gusto,18,France,66,80,Olympique Lyonnais,1900000.0,4000.0,RB
M. Portanova,21,Italy,66,79,Genoa,2100000.0,4000.0,CM
Terrats,20,Spain,66,80,Girona FC,1900000.0,2000.0,CDM
B. Aguirre,20,Argentina,66,78,Club Atlético Lanús,2000000.0,3000.0,RB
I. Machuca,21,Argentina,66,75,Unión de Santa Fe,1900000.0,3000.0,RM
Jesús Vázquez,18,Spain,66,79,Valencia CF,1900000.0,2000.0,LB
André Amaro,18,Portugal,66,77,Vitória de Guimarães,1700000.0,850.0,CB
M. Rogers,18,England,66,84,AFC Bournemouth,2200000.0,4000.0,LW
M. García,22,Argentina,66,75,Club Atlético Sarmiento,1800000.0,3000.0,RB
Arnau Martínez,18,Spain,66,80,Girona FC,1900000.0,950.0,CB
T. Palacios,20,Argentina,66,80,Platense,2100000.0,4000.0,RW
A. Costa,21,Argentina,66,73,Club Atlético Independiente,1600000.0,3000.0,CB
J. López,20,Argentina,66,80,Club Atlético Lanús,2100000.0,4000.0,ST
J. Malatini,20,Argentina,66,73,Club Atlético Talleres,1600000.0,3000.0,RB
I. Maggi,22,Argentina,66,74,Racing Club,1900000.0,5000.0,ST
Thiago Andrade,20,Brazil,66,76,New York City FC,1900000.0,2000.0,LW
Miguel,19,Spain,66,81,Real Madrid CF,1900000.0,15000.0,LB
Kayky,18,Brazil,66,87,Manchester City,2700000.0,12000.0,RW
Carlos Domínguez,20,Spain,66,76,RC Celta de Vigo,1800000.0,4000.0,CB
Rubén,26,Spain,66,69,UD Ibiza,1000000.0,2000.0,CB
Chiquinho,21,Portugal,66,76,Estoril Praia,1900000.0,2000.0,LW
Adílio Santos,27,Brazil,66,66,FC Arouca,900000.0,3000.0,RW
Iker Seguín,31,Spain,66,66,SD Amorebieta,700000.0,3000.0,LM
Olasagasti,20,Spain,66,76,Real Sociedad B,1800000.0,2000.0,CDM
J. Blasco,22,France,66,72,Real Sociedad B,1300000.0,2000.0,RB
Rafael Santos,23,Brazil,66,76,APOEL Nicosia FC,1800000.0,500.0,CB
F. Zabala,22,Argentina,66,76,APOEL Nicosia FC,1800000.0,500.0,LB
Nuno Moreira,22,Portugal,66,74,FC Vizela,1900000.0,2000.0,LW
Tomás Silva,21,Portugal,66,75,FC Vizela,1900000.0,1000.0,CM
Ros,25,Spain,66,71,CD Lugo,1100000.0,2000.0,CB
Luiz Felipe,24,Brazil,66,70,Belenenses SAD,975000.0,1000.0,GK
Rodrigo Conceição,21,Portugal,66,74,Moreirense FC,1800000.0,2000.0,RB
Álex Balde,17,Spain,66,82,FC Barcelona,2000000.0,1000.0,LB
Beñat Prados,20,Spain,66,77,Athletic Club de Bilbao,1900000.0,6000.0,CM
Léo Chú,21,Brazil,66,78,Seattle Sounders FC,2100000.0,2000.0,LW
Gavi,16,Spain,66,85,FC Barcelona,2100000.0,4000.0,CM
P. Ndiaye,23,France,66,72,SC Rheindorf Altach,1200000.0,3000.0,CB
M. Abline,18,France,66,83,Stade Rennais FC,2200000.0,5000.0,ST
J. Bothroyd,39,England,65,65,Hokkaido Consadole Sapporo,240000.0,1000.0,ST
L. Grant,38,England,65,65,Manchester United,80000.0,11000.0,GK
D. Martin,35,England,65,65,West Ham United,80000.0,7000.0,GK
D. Lewington,37,England,65,65,Milton Keynes Dons,130000.0,2000.0,CB
A. Baptiste,35,England,65,65,Bolton Wanderers,190000.0,2000.0,CB
Saizar,38,Spain,65,65,SD Amorebieta,80000.0,1000.0,GK
A. Akinfenwa,39,England,65,65,Wycombe Wanderers,240000.0,2000.0,ST
R. Wood,35,England,65,65,Rotherham United,190000.0,2000.0,CB
B. Watson,35,England,65,65,Charlton Athletic,200000.0,2000.0,CDM
S. Whalley,33,England,65,65,Shrewsbury Town,450000.0,3000.0,ST
C. Daniels,34,England,65,65,Colchester United,250000.0,4000.0,LWB
E. Gutiérrez,35,Argentina,65,65,Club Universitario de Deportes,300000.0,500.0,ST
M. Bostwick,33,England,65,65,Burton Albion,350000.0,2000.0,CB
L. Akins,32,England,65,65,Burton Albion,575000.0,2000.0,LM
Canella,33,Spain,65,65,CD Lugo,375000.0,2000.0,LB
D. Worrall,31,England,65,65,Port Vale,525000.0,3000.0,RWB
A. Ríos,31,Argentina,65,65,San Jose Earthquakes,600000.0,2000.0,ST
J. Spearing,32,England,65,65,Tranmere Rovers,475000.0,3000.0,CDM
E. Domaschke,35,Germany,65,65,SV Meppen,80000.0,500.0,GK
G. Madine,30,England,65,65,Blackpool,700000.0,4000.0,ST
A. Clayton,32,England,65,65,Birmingham City,475000.0,6000.0,CDM
L. Sercombe,31,England,65,65,Cheltenham Town,575000.0,3000.0,CM
Juanan,34,Spain,65,65,Hyderabad FC,230000.0,500.0,CB
J. Mills,31,England,65,65,Northampton Town,525000.0,5000.0,LB
J. Brayford,33,England,65,65,Burton Albion,375000.0,2000.0,RB
Mossa,32,Spain,65,65,Real Oviedo,500000.0,3000.0,LB
C. McManaman,30,England,65,65,Tranmere Rovers,700000.0,3000.0,RM
Paulinho,35,Brazil,65,65,Hammarby IF,300000.0,1000.0,ST
A. Cook,30,England,65,65,Bradford City,700000.0,6000.0,ST
O. Lee,29,England,65,65,Gillingham,700000.0,3000.0,CAM
Romário,35,Brazil,65,65,Kalmar FF,275000.0,950.0,CM
L. Brown,30,England,65,65,Portsmouth,625000.0,3000.0,LB
Adrián Sardinero,30,Spain,65,65,Perth Glory,700000.0,2000.0,ST
D. Davis,30,England,65,65,Shrewsbury Town,675000.0,3000.0,CM
M. Titsch Rivero,31,Germany,65,65,Hallescher FC,575000.0,1000.0,CM
C. McAleny,28,England,65,65,Salford City,725000.0,6000.0,LW
T. Eaves,29,England,65,65,Hull City,725000.0,5000.0,ST
G. Williams,28,England,65,65,Cambridge United,650000.0,2000.0,RB
Aguilera,35,Spain,65,65,AD Alcorcón,200000.0,2000.0,CDM
Fran Grima,34,Spain,65,65,UD Ibiza,250000.0,2000.0,RB
R. Padovani,31,France,65,65,US Quevilly Rouen Métropole,500000.0,2000.0,CB
A. Sarcevic,29,England,65,65,Bolton Wanderers,700000.0,3000.0,CAM
T. Leugers,30,Germany,65,65,SV Meppen,600000.0,750.0,CDM
J. Rivierez,32,France,65,65,Stade Malherbe Caen,475000.0,2000.0,CB
Marc Martínez,31,Spain,65,65,FC Cartagena,375000.0,2000.0,GK
C. Thomas,27,England,65,66,Cheltenham Town,725000.0,3000.0,CDM
J. Morris,29,England,65,65,Salford City,700000.0,6000.0,LM
W. Keane,28,England,65,65,Wigan Athletic,725000.0,2000.0,CAM
E. Ebanks-Landell,28,England,65,66,Shrewsbury Town,675000.0,3000.0,CB
Javi Hernández,32,Spain,65,65,Odisha FC,550000.0,500.0,CM
J. Scowen,28,England,65,65,Wycombe Wanderers,725000.0,3000.0,CM
A. Cairns,28,England,65,67,Fleetwood Town,600000.0,2000.0,GK
O. Turton,28,England,65,65,Huddersfield Town,650000.0,3000.0,RWB
R. Matthews,27,England,65,67,Crystal Palace,650000.0,9000.0,GK
R. Jackson,30,England,65,65,Gillingham,625000.0,3000.0,RB
B. Boulenger,31,France,65,65,Seraing,500000.0,4000.0,CB
A. Jackson,27,England,65,65,Lincoln City,650000.0,3000.0,CB
David Simón,31,Spain,65,65,FC Cartagena,525000.0,2000.0,RB
N. Dams,31,Germany,65,65,Borussia Dortmund II,500000.0,1000.0,CB
D. Oshilaja,28,England,65,66,Burton Albion,675000.0,2000.0,CB
T. Weilandt,29,Germany,65,65,VfL Bochum 1848,700000.0,7000.0,LM
M. Mandron,26,France,65,67,Crewe Alexandra,900000.0,3000.0,ST
B. Wilson,28,England,65,67,Coventry City,600000.0,5000.0,GK
K. Hemmings,29,England,65,65,Burton Albion,725000.0,3000.0,ST
S. Maier,27,Germany,65,65,Türkgücü München,750000.0,2000.0,CAM
C. Raglan,28,England,65,66,Cheltenham Town,675000.0,3000.0,CB
M. Kuhn,29,Germany,65,65,Türkgücü München,625000.0,2000.0,RB
O. Bulut,27,Germany,65,66,Yukatel Kayserispor,750000.0,4000.0,RB
Jefté,27,Spain,65,65,FC Farul Constanța,775000.0,4000.0,ST
T. Hopper,27,England,65,65,Lincoln City,775000.0,4000.0,ST
J. Willis,26,England,65,67,Sunderland,775000.0,3000.0,CB
C. Stockton,27,England,65,66,Morecambe,825000.0,3000.0,ST
A. Said,28,Italy,65,65,Campionii FC Arges,725000.0,3000.0,ST
B. Aloé,27,France,65,68,FC Arouca,800000.0,2000.0,CB
M. Blair,32,England,65,65,Cheltenham Town,500000.0,3000.0,RWB
T. Anderson,27,England,65,66,Doncaster Rovers,725000.0,3000.0,CB
Maurides,27,Brazil,65,65,Radomiak Radom,775000.0,2000.0,ST
J. Wurtz,29,Germany,65,65,SV Wehen Wiesbaden,700000.0,3000.0,CAM
A. Belmonte,25,France,65,69,Grenoble Foot 38,900000.0,2000.0,CDM
D. Del Fabro,26,Italy,65,68,Seraing,825000.0,4000.0,CB
A. Berzel,29,Germany,65,66,Viktoria Köln,650000.0,2000.0,CB
M. Thiel,28,Germany,65,65,SV Wehen Wiesbaden,725000.0,3000.0,LM
R. Vollath,31,Germany,65,65,Türkgücü München,375000.0,1000.0,GK
E. Ba,28,France,65,65,En Avant de Guingamp,625000.0,2000.0,CDM
R. Klingenburg,27,Germany,65,66,1. FC Kaiserslautern,825000.0,2000.0,CM
H. Adelakun,25,England,65,68,Lincoln City,950000.0,4000.0,LM
B. Dabanlı,31,Germany,65,65,SC Rheindorf Altach,500000.0,3000.0,CB
L. Ojeda,31,Argentina,65,65,Platense,375000.0,3000.0,GK
L. Rougeaux,27,France,65,66,KV Kortrijk,725000.0,4000.0,CB
Miguel Oliveira,27,Portugal,65,68,Moreirense FC,700000.0,3000.0,GK
S. Goss,25,England,65,70,Motherwell,1000000.0,2000.0,CAM
Rúben Oliveira,26,Portugal,65,68,Santa Clara,925000.0,2000.0,CM
R. Haynes,25,England,65,68,Newport County,875000.0,3000.0,LWB
S. Ojeda,29,Argentina,65,66,Patronato,650000.0,4000.0,CB
F. Montero,32,Argentina,65,65,Club Atlético Sarmiento,550000.0,3000.0,CM
Ó. Benítez,30,Argentina,65,65,Patronato,575000.0,4000.0,CB
K. Jackson,27,England,65,66,Ipswich Town,825000.0,4000.0,ST
K. Azamoum,31,France,65,65,ESTAC Troyes,500000.0,5000.0,CDM
M. Stefaniak,26,Germany,65,66,VfL Wolfsburg,850000.0,13000.0,CAM
S. Hertner,30,Germany,65,65,Türkgücü München,625000.0,2000.0,LB
J. Payne,26,England,65,66,Swindon Town,850000.0,5000.0,CAM
F. Menig,27,Germany,65,65,Hallescher FC,700000.0,1000.0,RB
J. Sanguinetti,30,Argentina,65,65,Club Always Ready,700000.0,500.0,CAM
B. Halliday,25,England,65,67,Fleetwood Town,825000.0,3000.0,RB
F. Cardozo,26,Argentina,65,68,Platense,850000.0,3000.0,LB
M. Jay,25,England,65,69,Exeter City,1000000.0,4000.0,CAM
Rafael Ratão,25,Brazil,65,68,Toulouse Football Club,950000.0,2000.0,LW
T. Conlon,25,England,65,69,Port Vale,1000000.0,4000.0,CM
F. Okenabirhie,25,England,65,70,Doncaster Rovers,1100000.0,4000.0,ST
F. Leys,27,Argentina,65,66,Patronato,725000.0,4000.0,CDM
J. Rossiter,24,England,65,71,Fleetwood Town,1000000.0,2000.0,CDM
W. Nightingale,25,England,65,69,AFC Wimbledon,900000.0,2000.0,CB
Carrillo,27,Spain,65,66,CD Lugo,825000.0,3000.0,ST
Sergio,29,Spain,65,66,CD Leganés,650000.0,3000.0,CB
C. Bishop,24,England,65,70,Accrington Stanley,1100000.0,2000.0,ST
J. Correa,27,France,65,66,Grenoble Foot 38,825000.0,2000.0,ST
L. Suárez,26,Argentina,65,68,Arsenal de Sarandí,850000.0,3000.0,LB
G. Ward,26,England,65,67,Blackpool,875000.0,4000.0,CM
D. Rodríguez,25,Argentina,65,70,Newell's Old Boys,1000000.0,4000.0,CM
E. Salles,27,France,65,69,Grenoble Foot 38,750000.0,1000.0,GK
G. Cooper,24,England,65,70,Plymouth Argyle,1000000.0,3000.0,LWB
B. Close,24,England,65,71,Doncaster Rovers,1000000.0,3000.0,CDM
W. Norris,27,England,65,67,Burnley,650000.0,6000.0,GK
T. Rieder,27,Germany,65,66,Türkgücü München,725000.0,2000.0,CDM
M. Ritter,26,Germany,65,67,1. FC Kaiserslautern,875000.0,2000.0,CAM
T. Königsmann,24,Germany,65,71,SV Waldhof Mannheim 07,925000.0,800.0,GK
S. Jacob,28,Germany,65,65,1. FC Saarbrücken,725000.0,2000.0,ST
N. Mbemba,26,France,65,68,Le Havre AC,925000.0,3000.0,CM
Ricardinho,27,Portugal,65,66,FC Voluntari,750000.0,2000.0,RB
Leândro,37,Brazil,65,65,Górnik Łęczna,160000.0,900.0,LB
A. Cannon,25,England,65,70,Hull City,1000000.0,4000.0,CM
C. Psyché,32,France,65,65,Tromsø IL,475000.0,1000.0,CB
N. Leyes,31,Argentina,65,65,Gimnasia y Esgrima La Plata,500000.0,4000.0,CDM
S. Kashket,25,England,65,68,Crewe Alexandra,950000.0,3000.0,ST
L. Passerini,26,Argentina,65,66,Cruz Azul,850000.0,15000.0,ST
Ronaldo Mendes,28,Brazil,65,65,Çaykur Rizespor,725000.0,4000.0,CAM
Arturo Molina,25,Spain,65,68,CF Fuenlabrada,950000.0,2000.0,CAM
H. Anderson,24,England,65,69,Bristol Rovers,1000000.0,4000.0,RW
A. Bass,23,England,65,73,Portsmouth,1400000.0,2000.0,GK
J. Stevens,23,England,65,71,Oxford United,925000.0,2000.0,GK
C. Trueman,25,England,65,70,Birmingham City,825000.0,4000.0,GK
L. Contin,25,Argentina,65,70,Gimnasia y Esgrima La Plata,1100000.0,5000.0,ST
I. Cissé,25,France,65,70,Stade Malherbe Caen,950000.0,2000.0,CB
K. Vincent-Young,25,England,65,70,Ipswich Town,975000.0,3000.0,RB
N. Kreuzer,28,Germany,65,65,Hallescher FC,650000.0,1000.0,RB
Bruno Ramires,27,Brazil,65,66,Bengaluru FC,825000.0,800.0,CM
A. Hunter,25,England,65,68,Salford City,950000.0,5000.0,LM
K. Anderson,26,England,65,66,Blackpool,850000.0,4000.0,CAM
M. Gillesphey,25,England,65,67,Plymouth Argyle,800000.0,3000.0,CB
F. Kalig,28,Germany,65,67,FC Erzgebirge Aue,725000.0,3000.0,CB
N. Delgadillo,23,Argentina,65,73,Patronato,1600000.0,4000.0,LM
Diego Alende,23,Spain,65,74,CD Lugo,1500000.0,2000.0,CB
Camus,24,Spain,65,72,Atlético de Madrid,1400000.0,9000.0,RB
J. Dacres-Cogley,25,England,65,68,Tranmere Rovers,875000.0,3000.0,RB
K. Redondo,26,Germany,65,65,1. FC Kaiserslautern,775000.0,2000.0,LM
Dani Suárez,31,Spain,65,65,Abha Club,500000.0,3000.0,CB
S. Humphrys,23,England,65,71,Wigan Athletic,1100000.0,2000.0,ST
T. Edun,23,England,65,74,Blackburn Rovers,1500000.0,8000.0,LB
Ozkoidi,31,Spain,65,65,SD Amorebieta,600000.0,2000.0,LM
Morillas,34,Spain,65,65,UD Ibiza,250000.0,2000.0,LB
Paulo Henrique,24,Portugal,65,72,Santa Clara,1400000.0,1000.0,LB
J. Vachoux,26,France,65,68,USL Dunkerque,725000.0,1000.0,GK
J. Leborgne,25,France,65,70,Rodez Aveyron Football,1000000.0,2000.0,CM
C. Lattanzio,23,Argentina,65,71,Club Atlético Central Córdoba,1100000.0,3000.0,LM
Luis Paezinho,25,Brazil,65,65,Santos,700000.0,6000.0,CB
Míchel Zabaco,32,Spain,65,65,Burgos CF,475000.0,2000.0,CB
Jackson Crusso,21,Brazil,65,65,Cuiabá,850000.0,4000.0,RW
Bernard Alemão,29,Brazil,65,65,Fortaleza,600000.0,4000.0,CDM
Wilsson Rosito,25,Brazil,65,65,RB Bragantino,800000.0,4000.0,CAM
Danilo Sacrio,29,Brazil,65,65,Associação Chapecoense de Futebol,725000.0,5000.0,ST
Emílio Trevões,33,Brazil,65,65,Juventude,450000.0,7000.0,ST
Y. Deichmann,26,Germany,65,65,TSV 1860 München,775000.0,1000.0,RM
R. Pirrello,25,Italy,65,72,Empoli,1300000.0,10000.0,CB
A. Kilgour,23,England,65,71,Bristol Rovers,1000000.0,3000.0,CB
A. Ndom,25,France,65,72,AJ Auxerre,1300000.0,2000.0,CDM
H. Odoffin,23,England,65,71,Rotherham United,1000000.0,3000.0,CDM
F. Henríquez,26,Argentina,65,68,Club Atlético Huracán,925000.0,3000.0,CM
R. Macagno,24,Argentina,65,73,Newell's Old Boys,1400000.0,2000.0,GK
M. Poaty,23,France,65,70,Seraing,1000000.0,3000.0,LB
M. Penney,23,England,65,72,Ipswich Town,1400000.0,3000.0,LB
Q. Braat,23,France,65,70,Chamois Niortais Football Club,875000.0,1000.0,GK
A. Donkor,23,Germany,65,72,SV Waldhof Mannheim 07,1400000.0,1000.0,LB
J. Galeano,32,Argentina,65,65,Club Atlético Central Córdoba,550000.0,4000.0,CM
Henrique Trevisan,24,Brazil,65,70,Oita Trinita,975000.0,2000.0,CB
D. Jaiyesimi,23,England,65,72,Charlton Athletic,1400000.0,2000.0,RW
L. Geminiani,30,Argentina,65,65,Patronato,625000.0,4000.0,RB
Bueno,25,Brazil,65,70,Kashima Antlers,950000.0,2000.0,CB
J. Latibeaudiere,21,England,65,74,Swansea City,1500000.0,5000.0,CB
L. Montoya,26,Argentina,65,68,Club Atlético Sarmiento,850000.0,3000.0,LB
K. Staude,24,Germany,65,70,TSV 1860 München,1100000.0,1000.0,LM
N. Landgraf,25,Germany,65,69,Hallescher FC,925000.0,1000.0,LB
P. Kurzweg,27,Germany,65,66,FC Ingolstadt 04,750000.0,5000.0,LB
A. Ba,31,France,65,65,USL Dunkerque,500000.0,2000.0,CB
Raúl Navarro,27,Spain,65,66,Burgos CF,750000.0,2000.0,RB
Y. Demoncy,25,France,65,72,Paris FC,1300000.0,2000.0,CDM
N. Gorosito,32,Argentina,65,65,AD Alcorcón,475000.0,3000.0,CB
T. Duman,23,Germany,65,70,1. FC Nürnberg,1100000.0,3000.0,RM
S. Müller,25,Germany,65,71,Hallescher FC,875000.0,950.0,GK
J. Smith,23,England,65,71,Burton Albion,1100000.0,2000.0,RM
M. Nicolas,23,Germany,65,71,Viktoria Köln,925000.0,4000.0,GK
I. Escobar,25,Argentina,65,70,Godoy Cruz,975000.0,4000.0,LB
L. Thomas,22,England,65,75,Bristol Rovers,1600000.0,9000.0,RM
Léo Sena,25,Brazil,65,67,Spezia,900000.0,5000.0,CM
P. Menzel,22,Germany,65,71,SK Austria Klagenfurt,925000.0,2000.0,GK
A. Famewo,22,England,65,73,Charlton Athletic,1500000.0,7000.0,CB
T. Pearce,23,England,65,72,Wigan Athletic,1400000.0,1000.0,LB
Rafa Mújica,22,Spain,65,75,Unión Deportiva Las Palmas,1600000.0,3000.0,ST
R. Sykes,22,England,65,72,Accrington Stanley,1300000.0,1000.0,CB
Y. Diouf,21,France,65,77,Stade de Reims,1500000.0,3000.0,GK
A. Morley,21,England,65,74,Rochdale,1500000.0,2000.0,CDM
Strefezza,24,Brazil,65,70,Lecce,1100000.0,1000.0,RM
Javi Díaz,24,Spain,65,73,Sevilla FC,1400000.0,4000.0,GK
Kauã Reisende,29,Brazil,65,65,Bahia,700000.0,4000.0,CAM
F. Negri,26,Argentina,65,66,Newell's Old Boys,850000.0,4000.0,LM
A. Jones,23,England,65,74,Hull City,1500000.0,3000.0,CB
H. Darling,21,England,65,74,Milton Keynes Dons,1500000.0,2000.0,CB
J. Kade,22,Germany,65,73,SG Dynamo Dresden,1600000.0,4000.0,CM
D. Adeniran,22,England,65,74,Sheffield Wednesday,1600000.0,2000.0,CM
J. Iritier,26,Argentina,65,66,Club Atlético Aldosivi,850000.0,4000.0,LW
A. Seydel,25,Germany,65,68,SV Darmstadt 98,950000.0,4000.0,ST
R. Cooney,21,England,65,72,Morecambe,1400000.0,2000.0,RB
Darío Poveda,24,Spain,65,72,Getafe CF,1400000.0,7000.0,ST
Y. Merdji,27,France,65,65,Chamois Niortais Football Club,775000.0,2000.0,ST
C. Bramall,25,England,65,68,Lincoln City,875000.0,3000.0,LB
D. Mitchell,24,England,65,70,Blackpool,1000000.0,3000.0,LB
A. May,27,England,65,65,Cheltenham Town,775000.0,3000.0,ST
B. Passi,23,France,65,71,Chamois Niortais Football Club,1000000.0,2000.0,CB
J. Pourtau,21,Argentina,65,78,Estudiantes de La Plata,1500000.0,2000.0,GK
S. Ambri,23,France,65,71,FC Sochaux-Montbéliard,1100000.0,2000.0,LM
J. Bowler,22,England,65,71,Blackpool,1100000.0,3000.0,RM
L. Pizarro,23,Argentina,65,71,Godoy Cruz,1100000.0,3000.0,LM
S. Raggett,27,England,65,67,Portsmouth,750000.0,3000.0,CB
B. Rother,24,Germany,65,69,F.C. Hansa Rostock,925000.0,2000.0,CDM
T. Jacobsen,24,Germany,65,69,SV Werder Bremen,925000.0,3000.0,CDM
D. Ernst,30,Germany,65,65,1. FC Saarbrücken,625000.0,2000.0,RB
B. Girth,29,Germany,65,65,Eintracht Braunschweig,725000.0,2000.0,ST
C. Greger,24,Germany,65,71,Viktoria Köln,1000000.0,1000.0,CB
L. Leahy,28,England,65,65,Shrewsbury Town,650000.0,3000.0,LWB
Foguinho,29,Brazil,65,65,Vegalta Sendai,600000.0,2000.0,CDM
S. Bösel,26,Germany,65,67,1. FC Saarbrücken,800000.0,2000.0,RB
M. Rossmann,26,Germany,65,68,Viktoria Köln,825000.0,2000.0,CB
L. Scherff,24,Germany,65,69,F.C. Hansa Rostock,950000.0,2000.0,LB
F. Wagner,23,Germany,65,72,SV Waldhof Mannheim 07,1300000.0,1000.0,CDM
J. Lescano,28,Argentina,65,65,Brisbane Roar,725000.0,2000.0,ST
T. Müller,26,Germany,65,68,1. FC Magdeburg,825000.0,1000.0,CB
J. Arp,21,Germany,65,76,Holstein Kiel,1600000.0,12000.0,ST
Pedro Silva,24,Portugal,65,69,FC Vizela,800000.0,1000.0,GK
D. Gomis,28,France,65,65,Pau FC,725000.0,2000.0,LM
T. Tillman,22,Germany,65,73,SpVgg Greuther Fürth,1600000.0,6000.0,CM
P. Ruiz,22,Argentina,65,77,Real Salt Lake,1700000.0,2000.0,CDM
J. Beste,22,Germany,65,74,SSV Jahn Regensburg,1500000.0,3000.0,LB
L. Woolfenden,22,England,65,71,Ipswich Town,1000000.0,3000.0,CB
A. Pears,23,England,65,74,Blackburn Rovers,1400000.0,7000.0,GK
L. Pintor,20,France,65,75,Olympique Lyonnais,1600000.0,11000.0,RW
E. Ebosse,22,France,65,74,Angers SCO,1500000.0,5000.0,LB
J. Brown,22,England,65,73,Sheffield Wednesday,1500000.0,2000.0,LB
T. Eyoma,21,England,65,73,Lincoln City,1500000.0,2000.0,RB
M. Osores,24,Argentina,65,73,Atlético Tucumán,1500000.0,3000.0,CB
S. Benda,22,Germany,65,72,Swansea City,1200000.0,5000.0,GK
T. Knöll,23,Germany,65,72,Türkgücü München,1400000.0,2000.0,ST
C. Bassey,21,England,65,79,Rangers FC,1700000.0,8000.0,LB
Mario Hernández,22,Spain,65,76,Rayo Vallecano,1500000.0,4000.0,RB
Chris Ramos,24,Spain,65,71,CD Lugo,1100000.0,2000.0,LM
L. Moser,21,Germany,65,74,SK Austria Klagenfurt,1400000.0,4000.0,GK
J. Blázquez,20,Argentina,65,81,Club Atlético Talleres,1700000.0,2000.0,GK
Oriol Rey,23,Spain,65,75,CD Mirandés,1500000.0,2000.0,CDM
L. Recalde,25,Argentina,65,69,Platense,900000.0,3000.0,CB
Arnau Puigmal,20,Spain,65,80,Unión Deportiva Almería,1700000.0,2000.0,CM
H. Carter,21,England,65,73,Blackburn Rovers,1500000.0,7000.0,CB
G. Tanner,21,England,65,74,Bristol City,1500000.0,6000.0,RB
A. Appiah,20,England,65,80,Unión Deportiva Almería,1700000.0,2000.0,RM
J. Guttau,21,Germany,65,76,Hallescher FC,1600000.0,1000.0,LM
Carlos Isaac,23,Spain,65,74,Real Oviedo,1500000.0,5000.0,RB
Manu Hernando,22,Spain,65,76,CD Tondela,1500000.0,2000.0,CB
A. Buongiorno,22,Italy,65,76,Torino F.C.,1500000.0,8000.0,CB
T. Hamer,21,England,65,74,Burton Albion,1500000.0,1000.0,LB
D. Pereira,22,England,65,72,Luton Town,1500000.0,3000.0,LM
B. Mumba,19,England,65,78,Norwich City,1600000.0,4000.0,RB
P. Sander,23,Germany,65,72,Holstein Kiel,1400000.0,6000.0,CM
C. Braun,29,Germany,65,65,FC Botoşani,625000.0,3000.0,RB
Miguel Rubio,23,Spain,65,75,Burgos CF,1500000.0,5000.0,CB
Juan Cruz,21,Spain,65,78,Real Betis Balompié,1800000.0,4000.0,LM
David Tavares,22,Portugal,65,75,Futebol Clube de Famalicão,1600000.0,2000.0,CM
D. Spence,20,England,65,79,Nottingham Forest,1600000.0,5000.0,RB
K. Ludewig,21,Germany,65,74,FC Red Bull Salzburg,1500000.0,5000.0,RWB
André Ferreira,25,Portugal,65,71,FC Paços de Ferreira,875000.0,2000.0,GK
O. Batista Meier,20,Germany,65,80,FC Bayern München,1700000.0,11000.0,CAM
S. Belkahia,22,Germany,65,74,TSV 1860 München,1500000.0,950.0,CB
T. Bonga,24,Germany,65,71,VfL Bochum 1848,1100000.0,6000.0,RM
B. Mendy,21,France,65,78,Angers SCO,1700000.0,4000.0,CDM
A. Rossipal,25,Germany,65,69,SV Waldhof Mannheim 07,925000.0,1000.0,LB
K. Watts,21,England,65,76,Wigan Athletic,1500000.0,6000.0,CB
Y. Letard,22,France,65,71,LASK Linz,1000000.0,5000.0,CB
H. Sy,25,France,65,70,Amiens SC,975000.0,2000.0,LB
D. Guidi,25,France,65,70,SC Bastia,950000.0,2000.0,CB
P. Chato,24,Germany,65,70,Türkgücü München,1000000.0,1000.0,CDM
A. Schott,21,Argentina,65,77,Platense,1700000.0,3000.0,RB
Martín,21,Spain,65,77,Villarreal CF,1700000.0,3000.0,CB
Sergio Moreno,22,Spain,65,76,Rayo Vallecano,1600000.0,5000.0,ST
M. Capasso,25,Argentina,65,72,Newell's Old Boys,1300000.0,4000.0,CB
C. Gomes,20,France,65,78,Barnsley,1600000.0,7000.0,CDM
J. López,21,Argentina,65,74,Racing Club,1600000.0,4000.0,CM
W. Pérez,22,Argentina,65,72,Club Atlético Huracán,1400000.0,3000.0,LB
N. Alioui,22,France,65,74,Le Havre AC,1600000.0,2000.0,LM
A. Vogliacco,22,Italy,65,75,Benevento,1500000.0,4000.0,CB
G. Rutter,19,France,65,80,TSG Hoffenheim,1700000.0,5000.0,ST
Á. Barreal,20,Argentina,65,74,FC Cincinnati,1600000.0,2000.0,RW
A. Groiß,23,Germany,65,70,1. FC Saarbrücken,1000000.0,1000.0,CDM
Itaitinga,22,Brazil,65,75,FC Sion,1600000.0,6000.0,LM
S. Bajic,19,France,65,79,AS Saint-Étienne,1500000.0,2000.0,GK
N. Djouahra,21,France,65,78,Real Sociedad B,1800000.0,2000.0,LM
L. Ihorst,21,Germany,65,74,Eintracht Braunschweig,1600000.0,3000.0,ST
M. Phaëton,21,France,65,73,En Avant de Guingamp,1600000.0,2000.0,ST
Richardson,29,Brazil,65,65,Kashiwa Reysol,600000.0,3000.0,CDM
F. Almada,22,Argentina,65,73,Rosario Central,1500000.0,4000.0,CB
L. Agoumé,19,France,65,79,Stade Brestois 29,1700000.0,11000.0,CM
Rúben Macedo,25,Portugal,65,68,Clube Sport Marítimo,950000.0,3000.0,RW
A. Obando,21,Argentina,65,78,Boca Juniors,1800000.0,3000.0,LM
Júnior Brumado,22,Brazil,65,74,FC Midtjylland,1600000.0,7000.0,ST
Altube,21,Spain,65,79,CF Fuenlabrada,1500000.0,13000.0,GK
Maguinho,29,Brazil,65,65,Yokohama FC,625000.0,3000.0,RB
R. Williams,20,England,65,81,Swansea City,1800000.0,13000.0,CB
T. Raschl,21,Germany,65,75,Borussia Dortmund,1600000.0,9000.0,CM
I. Gomis,21,France,65,76,Amiens SC,1600000.0,1000.0,CM
D. Hanslik,24,Germany,65,67,1. FC Kaiserslautern,925000.0,1000.0,RM
C. Conteh,21,Germany,65,76,SV Sandhausen,1600000.0,2000.0,LW
Berto Cayarga,24,Spain,65,71,FC Cartagena,1100000.0,2000.0,LM
N. Ouammou,28,France,65,65,Rodez Aveyron Football,650000.0,2000.0,LWB
E. Simms,20,England,65,78,Everton,1700000.0,14000.0,ST
S. Köhler,24,Germany,65,69,VfL Osnabrück,1000000.0,1000.0,CM
T. Keller,21,Germany,65,75,FC Ingolstadt 04,1500000.0,3000.0,CB
Nené,26,Portugal,65,68,Santa Clara,925000.0,2000.0,CM
C. Boli,22,France,65,71,Racing Club de Lens,1100000.0,6000.0,RM
Rui Pires,23,Portugal,65,72,FC Paços de Ferreira,1400000.0,4000.0,CM
D. Fernández,20,Argentina,65,76,Vélez Sarsfield,1500000.0,3000.0,CB
S. Elia,22,Italy,65,74,Benevento,1600000.0,5000.0,RW
H. Mbock,21,France,65,75,Stade Brestois 29,1600000.0,4000.0,CM
F. Bilbija,21,Germany,65,77,FC Ingolstadt 04,1800000.0,4000.0,LM
H. Vandermersch,22,France,65,74,Stade Malherbe Caen,1500000.0,1000.0,RB
A. Lagos,19,Argentina,65,80,Atlético Tucumán,1600000.0,2000.0,RB
Ismael,20,Spain,65,78,Málaga CF,1700000.0,2000.0,CM
F. Michel,29,France,65,65,Grenoble Foot 38,700000.0,2000.0,CM
Borja Sainz,20,Spain,65,78,Real Zaragoza,1700000.0,5000.0,RM
G. Zappa,21,Italy,65,77,Cagliari,1700000.0,5000.0,RB
D. Bernard,20,England,65,80,Hull City,1600000.0,14000.0,CB
M. Kikonda,25,France,65,72,USL Dunkerque,1300000.0,2000.0,CDM
Tiago Alves,25,Portugal,65,70,Piast Gliwice,1000000.0,2000.0,CAM
G. Comas,23,Argentina,65,72,Unión de Santa Fe,1400000.0,3000.0,CM
G. Florentín,22,Argentina,65,73,Argentinos Juniors,1600000.0,3000.0,CM
G. Simeone,18,Argentina,65,81,Atlético de Madrid,1800000.0,5000.0,ST
S. Greenwood,19,England,65,82,Leeds United,1900000.0,11000.0,CF
D. Sarmiento,18,Argentina,65,83,Girona FC,1800000.0,1000.0,LM
J. Nardoni,18,Argentina,65,75,Unión de Santa Fe,1500000.0,1000.0,CM
Arambarri,23,Spain,65,74,Real Sociedad B,1500000.0,2000.0,CB
N. Ogbeta,20,England,65,76,Shrewsbury Town,1500000.0,2000.0,LWB
J. Indacoechea,20,Argentina,65,75,Club Atlético Aldosivi,1500000.0,2000.0,RB
Sotillos,23,Spain,65,72,CF Fuenlabrada,1300000.0,2000.0,CB
L. Ríos,20,Argentina,65,77,Club Atlético Banfield,1700000.0,3000.0,CM
M. Rivera,19,France,65,77,AS Saint-Étienne,1700000.0,5000.0,LM
R. Königsdörffer,19,Germany,65,79,SG Dynamo Dresden,1700000.0,2000.0,RM
Pablo Gozálbez,20,Spain,65,79,Valencia CF,1700000.0,6000.0,CAM
Javi Castro,20,Spain,65,77,RC Celta de Vigo,1600000.0,2000.0,CB
Vitor Carvalho,24,Brazil,65,70,Gil Vicente FC,1100000.0,2000.0,CM
Warleson,24,Brazil,65,70,KSV Cercle Brugge,875000.0,2000.0,GK
Ricard,21,Spain,65,79,CD Lugo,1700000.0,4000.0,RB
Pacheco,20,Spain,65,81,Real Sociedad,1800000.0,5000.0,CB
Julio Martínez,20,Spain,65,77,Málaga CF,1700000.0,2000.0,ST
S. Hezze,19,Argentina,65,81,Club Atlético Huracán,1800000.0,2000.0,CM
Javi López,19,Spain,65,78,Deportivo Alavés,1600000.0,3000.0,LB
Y. Keitel,21,Germany,65,76,Sport-Club Freiburg,1500000.0,5000.0,CDM
S. Simón,19,Argentina,65,79,River Plate,1700000.0,2000.0,RM
A. Molinas,20,Argentina,65,78,Boca Juniors,1700000.0,3000.0,CAM
J. Krasso,23,France,65,71,AS Saint-Étienne,1100000.0,7000.0,ST
M. Guzmán,21,Argentina,65,78,Estudiantes de La Plata,1700000.0,2000.0,CB
D. Borkowski,19,Germany,65,79,1. FC Nürnberg,1700000.0,10000.0,ST
T. Ndicka Matam,21,France,65,76,KV Oostende,1500000.0,2000.0,LWB
M. Peralta Bauer,23,Argentina,65,73,San Lorenzo de Almagro,1600000.0,4000.0,ST
L. Blanco,22,Argentina,65,75,Rosario Central,1500000.0,4000.0,LB
Erik,20,Brazil,65,78,Al Ain FC,1600000.0,500.0,LB
A. Virginius,18,France,65,79,FC Sochaux-Montbéliard,1700000.0,900.0,RW
M. Rittmüller,22,Germany,65,70,1. FC Heidenheim 1846,1000000.0,5000.0,RB
J. Schwermann,21,Germany,65,74,Sportclub Verl,1500000.0,550.0,CDM
J. Aude,18,Argentina,65,82,Club Atlético Lanús,1700000.0,1000.0,LB
J. Sforza,19,Argentina,65,82,Newell's Old Boys,1800000.0,2000.0,CM
Leo Román,21,Spain,65,79,RCD Mallorca,1500000.0,3000.0,GK
Diego Conde,22,Spain,65,77,Getafe CF,1500000.0,4000.0,GK
Cedric Teguía,19,Spain,65,80,RC Celta de Vigo,1700000.0,3000.0,LM
J. Navas,27,Argentina,65,66,Arsenal de Sarandí,750000.0,3000.0,RB
J. Boyamba,24,Germany,65,70,SV Waldhof Mannheim 07,1100000.0,1000.0,CF
Iván Bravo,20,Spain,65,77,CA Osasuna,1600000.0,5000.0,LB
Benítez,21,Spain,65,78,Málaga CF,1700000.0,2000.0,RB
Guilherme Mantuan,23,Brazil,65,72,Gil Vicente FC,1300000.0,2000.0,CDM
Nathan,19,Brazil,65,77,Boavista FC,1600000.0,2000.0,RB
Arribas,19,Spain,65,81,Real Madrid CF,1800000.0,16000.0,CAM
Tiago Morais,17,Portugal,65,81,Boavista FC,1800000.0,850.0,ST
André Paulo,24,Portugal,65,72,Sporting CP,1200000.0,2000.0,GK
David Costa,20,Portugal,65,79,Racing Club de Lens,1700000.0,6000.0,LW
N. Castro,20,Argentina,65,79,Newell's Old Boys,1700000.0,3000.0,CAM
F. Orozco,19,Argentina,65,84,Club Atlético Lanús,1800000.0,3000.0,LW
M. Ruggeri,18,Italy,65,78,US Salernitana 1919,1700000.0,4000.0,LM
Alex Millán,21,Spain,65,75,KSV Cercle Brugge,1600000.0,6000.0,ST
M. Gómez,33,Argentina,65,65,Club Atlético Palmaflor,350000.0,500.0,CDM
C. Wooh,19,France,65,80,Racing Club de Lens,1600000.0,3000.0,CB
J. Infante,25,Argentina,65,70,Platense,975000.0,3000.0,LB
R. Enrique,20,Argentina,65,79,Club Atlético Banfield,1700000.0,3000.0,ST
G. Benavídez,25,Argentina,65,70,Arsenal de Sarandí,975000.0,3000.0,RB
A. Medina,34,Argentina,65,65,Arsenal de Sarandí,120000.0,2000.0,GK
B. Sepúlveda,28,Argentina,65,65,Arsenal de Sarandí,725000.0,3000.0,ST
M. Giménez,24,Argentina,65,70,Club Atlético Central Córdoba,1100000.0,4000.0,ST
F. Baldasarra,22,Argentina,65,74,Platense,1600000.0,3000.0,CM
É. Michut,18,France,65,82,Paris Saint-Germain,1800000.0,6000.0,CM
C. Lukeba,18,France,65,80,Olympique Lyonnais,1600000.0,4000.0,CB
Y. Nadrani,24,France,65,70,Seraing,975000.0,3000.0,CB
Ekain,27,Spain,65,66,UD Ibiza,825000.0,2000.0,ST
S. Quemper,28,France,65,65,SC Bastia,650000.0,2000.0,LB
K. Schur,30,France,65,65,SC Bastia,700000.0,2000.0,LM
Higor Meritão,27,Brazil,65,67,Club Universidad Nacional,775000.0,3000.0,CDM
Turrientes,19,Spain,65,82,Real Sociedad B,1800000.0,1000.0,CM
Karrikaburu,18,Spain,65,84,Real Sociedad B,1800000.0,900.0,ST
L. Colwill,18,England,65,82,Huddersfield Town,1700000.0,750.0,CB
Copete,21,Spain,65,73,SD Ponferradina,1500000.0,2000.0,CB
F. Mansilla,22,Argentina,65,74,Newell's Old Boys,1500000.0,3000.0,CB
A. Sández,20,Argentina,65,75,Boca Juniors,1500000.0,3000.0,LB
M. Peart-Harris,18,England,65,80,Brentford,1700000.0,4000.0,CAM
Ricardinho,20,Brazil,65,75,Clube Sport Marítimo,1600000.0,2000.0,ST
Marcelo dos Santos,23,Brazil,65,71,Gil Vicente FC,1100000.0,3000.0,ST
Gonçalo Esteves,17,Portugal,65,82,Sporting CP,1700000.0,500.0,RWB
Fernandinho,23,Brazil,65,70,Fútbol Club Juárez,1100000.0,3000.0,LW
G. Morris,37,England,64,64,Crawley Town,60000.0,2000.0,GK
P. Clarke,39,England,64,64,Tranmere Rovers,100000.0,2000.0,CB
I. Henderson,36,England,64,64,Salford City,200000.0,4000.0,ST
A. Lonergan,37,England,64,64,Everton,60000.0,7000.0,GK
R. König,38,Germany,64,64,FSV Zwickau,200000.0,700.0,ST
Mikel Álvaro,38,Spain,64,64,SD Amorebieta,180000.0,1000.0,CM
D. Pratley,36,England,64,64,Leyton Orient,180000.0,3000.0,CM
L. Chambers,35,England,64,64,Colchester United,150000.0,3000.0,CB
D. Jones,36,England,64,64,Wrexham AFC,180000.0,500.0,CM
J. Perch,35,England,64,64,Mansfield Town,150000.0,3000.0,CB
D. Charles,33,England,64,64,AFC Wimbledon,275000.0,2000.0,CB
M. Hughes,34,England,64,64,Bristol Rovers,190000.0,3000.0,CB
Hugo Vieira,32,Portugal,64,64,FC U Craiova 1948,475000.0,3000.0,ST
B. Pitman,33,England,64,64,Bristol Rovers,375000.0,4000.0,ST
T. Diagouraga,34,France,64,64,Morecambe,200000.0,2000.0,CDM
J. Pearce,33,England,64,64,Charlton Athletic,275000.0,2000.0,CB
J. Mousinho,35,England,64,64,Oxford United,150000.0,2000.0,CB
F. Assmann,35,Argentina,64,64,Club Atlético Aldosivi,60000.0,1000.0,GK
S. Fürstner,33,Germany,64,64,1. FSV Mainz 05,300000.0,5000.0,CDM
P. Klandt,37,Germany,64,64,1. FC Nürnberg,60000.0,2000.0,GK
Iriome,34,Spain,64,64,CD Lugo,275000.0,2000.0,RM
M. Bartley,34,England,64,64,Livingston FC,200000.0,2000.0,CDM
Y. Thuram,32,France,64,64,Amiens SC,300000.0,1000.0,GK
D. Vega,37,Argentina,64,64,San Jose Earthquakes,60000.0,1000.0,GK
J. Flum,33,Germany,64,64,SC Freiburg II,300000.0,1000.0,CDM
A. Bittroff,32,Germany,64,64,1. FC Magdeburg,375000.0,1000.0,CB
L. Murphy,31,England,64,64,Crewe Alexandra,475000.0,3000.0,CM
G. Taylor,31,England,64,64,Cambridge United,400000.0,2000.0,CB
T. Mickel,32,Germany,64,64,Hamburger SV,300000.0,3000.0,GK
S. O'Keefe,30,England,64,64,Gillingham,500000.0,2000.0,CDM
C. Main,29,England,64,64,St. Mirren,575000.0,2000.0,ST
Aimar,36,Spain,64,64,SD Amorebieta,100000.0,1000.0,CB
J. Obika,30,England,64,64,Morecambe,575000.0,2000.0,ST
C. Menz,32,Germany,64,64,FC Viktoria 1889 Berlin,400000.0,1000.0,CDM
M. Duffy,35,England,64,64,Tranmere Rovers,240000.0,2000.0,CAM
T. Jänicke,32,Germany,64,64,1. FC Saarbrücken,450000.0,2000.0,CM
A. Wildig,29,England,64,64,Morecambe,575000.0,2000.0,CM
A. Eastham,30,England,64,64,Salford City,475000.0,5000.0,CB
S. Winnall,30,England,64,64,Oxford United,575000.0,3000.0,ST
L. Tankulić,30,Germany,64,64,SV Meppen,575000.0,750.0,CAM
C. Butcher,30,England,64,64,Dundee United,550000.0,2000.0,CM
R. Bowman,29,England,64,64,Shrewsbury Town,575000.0,3000.0,ST
G. Francomb,29,England,64,64,Crawley Town,525000.0,3000.0,RB
D. Oberhauser,30,France,64,65,FC Metz,450000.0,3000.0,GK
J. McEachran,28,England,64,64,Milton Keynes Dons,575000.0,3000.0,CM
H. Pell,29,England,64,64,Accrington Stanley,575000.0,2000.0,CM
T. Eastman,29,England,64,64,Colchester United,500000.0,4000.0,CB
J. Lowe,29,England,64,64,Salford City,500000.0,5000.0,CDM
B. Heneghan,27,England,64,66,AFC Wimbledon,625000.0,2000.0,CB
B. Garratt,27,England,64,66,Burton Albion,525000.0,1000.0,GK
K. Kraus,28,Germany,64,64,1. FC Kaiserslautern,500000.0,1000.0,CB
S. Wootton,29,England,64,64,Morecambe,500000.0,2000.0,CB
J. Wießmeier,28,Germany,64,64,SV Ried,600000.0,3000.0,CAM
J. Sternberg,28,Germany,64,64,Hallescher FC,525000.0,1000.0,LB
P. Breier,29,Germany,64,64,F.C. Hansa Rostock,575000.0,3000.0,ST
R. Bennett,29,England,64,64,Gillingham,500000.0,2000.0,CB
B. Valette,28,France,64,65,AS Nancy Lorraine,475000.0,2000.0,GK
B. Diallo,30,France,64,64,FC U Craiova 1948,475000.0,2000.0,CB
J. Turnbull,26,England,64,66,Salford City,650000.0,5000.0,CB
C. Vincent,28,France,64,64,SC Bastia,575000.0,2000.0,CM
P. Digby,26,England,64,67,Cambridge United,700000.0,2000.0,CDM
J. Bolton,26,England,64,65,Plymouth Argyle,625000.0,3000.0,RB
D. Samuel,27,England,64,65,Ross County FC,675000.0,2000.0,ST
W. Jobello,27,France,64,64,Coventry City,625000.0,6000.0,RW
K. Pusch,28,Germany,64,64,MSV Duisburg,600000.0,2000.0,CAM
M. Lais,30,Germany,64,64,SV Wehen Wiesbaden,500000.0,2000.0,CDM
J. Moore-Taylor,27,England,64,66,Forest Green Rovers,625000.0,5000.0,CB
F. Stritzel,27,Germany,64,67,SV Wehen Wiesbaden,575000.0,2000.0,GK
A. Ndiaye,30,France,64,64,AC Ajaccio,575000.0,2000.0,RM
D. Wright,26,England,64,64,Hibernian,650000.0,2000.0,RM
P. Wiegers,31,Germany,64,64,SG Dynamo Dresden,300000.0,3000.0,GK
T. Vincensini,27,France,64,67,SC Bastia,575000.0,1000.0,GK
J. Tillson,28,England,64,64,Ross County FC,525000.0,2000.0,CDM
W. Falcone,26,Italy,64,69,U.C. Sampdoria,675000.0,3000.0,GK
J. Ironside,27,England,64,65,Cambridge United,675000.0,3000.0,ST
E. Zidane,26,France,64,67,Rodez Aveyron Football,775000.0,1000.0,CAM
A. Aguirre,27,Argentina,64,66,Guayaquil City FC,625000.0,500.0,CB
T. Thiele,29,Germany,64,64,Viktoria Köln,575000.0,2000.0,ST
T. Lindenhahn,30,Germany,64,64,Hallescher FC,575000.0,1000.0,RM
Z. Clough,26,England,64,65,Carlisle United,700000.0,3000.0,CAM
A. McGowan,24,England,64,69,Northampton Town,825000.0,4000.0,RB
J. Houghton,25,England,64,69,Plymouth Argyle,775000.0,3000.0,CDM
M. Pinnock,26,England,64,65,Northampton Town,700000.0,5000.0,LM
S. Tanser,26,England,64,66,St. Mirren,675000.0,2000.0,LWB
L. Kruspzky,29,Argentina,64,64,Patronato,525000.0,4000.0,LB
B. Cargill,25,England,64,67,Forest Green Rovers,700000.0,4000.0,CB
I. Quílez,31,Argentina,64,64,Club Atlético Huracán,425000.0,3000.0,RB
L. Jones,25,England,64,68,Cambridge United,725000.0,2000.0,CB
Y. Boé-Kane,30,France,64,64,US Quevilly Rouen Métropole,500000.0,1000.0,CDM
S. Handle,28,Germany,64,64,Viktoria Köln,525000.0,2000.0,LB
Óscar Gil,26,Spain,64,69,SD Amorebieta,775000.0,2000.0,CB
F. Kath,26,Germany,64,65,1. FC Magdeburg,700000.0,1000.0,LW
M. García,29,Argentina,64,64,Fútbol Club Juárez,575000.0,3000.0,LM
Álvaro Peña,29,Spain,64,64,SD Amorebieta,575000.0,2000.0,CAM
A. Gilliead,25,England,64,67,Bradford City,775000.0,5000.0,RM
G. Pereira,27,Argentina,64,65,Godoy Cruz,675000.0,3000.0,CAM
João Silva,31,Portugal,64,64,Hebei FC,500000.0,4000.0,ST
Iván Márquez,27,Spain,64,67,N.E.C. Nijmegen,675000.0,3000.0,CB
J. Von Haacke,27,Germany,64,64,SK Austria Klagenfurt,550000.0,3000.0,CDM
Y. Kaabouni,26,France,64,69,FC Sochaux-Montbéliard,775000.0,2000.0,CDM
G. Lefebvre,27,France,64,65,AS Nancy Lorraine,600000.0,2000.0,CDM
T. Bishop,24,England,64,67,Lincoln City,800000.0,3000.0,CM
José Carlos,25,Spain,64,71,AD Alcorcón,1100000.0,2000.0,CB
L. Reed,23,England,64,69,Swindon Town,800000.0,3000.0,CDM
R. Ramírez,24,Argentina,64,69,Godoy Cruz,700000.0,2000.0,GK
S. Brodersen,24,Germany,64,69,Yokohama FC,700000.0,800.0,GK
J. Nolan,29,England,64,64,Ipswich Town,575000.0,4000.0,CM
J. Muldoon,32,England,64,64,Harrogate Town,475000.0,4000.0,ST
H. Dunk,30,England,64,64,Cambridge United,500000.0,2000.0,LB
F. Palacios Martínez,26,Spain,64,65,Viktoria Köln,700000.0,2000.0,CAM
M. Ballmert,27,Germany,64,65,SV Meppen,625000.0,650.0,RB
M. Demetriou,30,England,64,64,Newport County,475000.0,3000.0,CB
A. Spörle,25,Argentina,64,66,Dundee United,675000.0,2000.0,LB
T. Pierrot,27,France,64,65,Seraing,600000.0,4000.0,CDM
C. Cooke,24,England,64,69,Bradford City,875000.0,4000.0,CAM
G. Maris,25,England,64,70,Mansfield Town,825000.0,4000.0,CDM
J. Vickers,25,England,64,69,Rotherham United,675000.0,2000.0,GK
R. Latouchent,25,France,64,68,AS Nancy Lorraine,750000.0,2000.0,LB
D. Johnson,28,England,64,64,Mansfield Town,600000.0,6000.0,ST
G. Acampora,27,Italy,64,64,Benevento,625000.0,4000.0,CM
M. Litka,25,Germany,64,67,F.C. Hansa Rostock,775000.0,3000.0,LM
T. Thomas,25,England,64,70,Crewe Alexandra,825000.0,2000.0,CB
J. Eilers,33,Germany,64,64,Hallescher FC,375000.0,1000.0,ST
D. Baumann,26,Germany,64,66,FSV Zwickau,725000.0,950.0,ST
M. Ledesma,24,Argentina,64,69,Defensa y Justicia,700000.0,2000.0,GK
B. Barry,25,Germany,64,69,Türkgücü München,800000.0,1000.0,RB
C. Depres,26,France,64,66,Rodez Aveyron Football,725000.0,2000.0,ST
Clavería,25,Spain,64,69,FC Cartagena,850000.0,2000.0,CM
C. Ainley,23,England,64,70,Crewe Alexandra,925000.0,2000.0,CM
S. Echeverría,31,Argentina,64,64,Club Deportivo Jorge Wilstermann,400000.0,500.0,CB
J. Hylton,29,England,64,64,Newport County,575000.0,4000.0,LW
F. Bonansea,23,Argentina,64,72,Unión de Santa Fe,1100000.0,2000.0,GK
K. Woolery,26,England,64,65,Motherwell,700000.0,2000.0,RW
J. Jones,23,England,64,71,Coventry City,1200000.0,5000.0,RW
J. Powell,22,England,64,71,Burton Albion,1200000.0,2000.0,CAM
Matheus Sávio,24,Brazil,64,67,Kashiwa Reysol,800000.0,2000.0,RM
A. Hayden,24,England,64,70,Wrexham AFC,850000.0,500.0,CB
W. Caddy,24,France,64,70,Paris FC,925000.0,2000.0,ST
B. Stevenson,24,England,64,70,Forest Green Rovers,850000.0,4000.0,CDM
E. List,24,England,64,67,Stevenage,800000.0,3000.0,ST
A. Engin,24,Germany,64,67,Kasimpaşa SK,800000.0,3000.0,RM
A. Deiola,25,Italy,64,66,Cagliari,725000.0,7000.0,CM
S. Nkansah,25,Germany,64,70,FSV Zwickau,825000.0,750.0,CB
Óscar Pinchi,25,Spain,64,69,Unión Deportiva Las Palmas,875000.0,2000.0,ST
J. Brophy,26,England,64,64,Cambridge United,650000.0,2000.0,LM
Leonardo Freijão,25,Brazil,64,64,Ceará Sporting Club,575000.0,3000.0,CDM
Marcelo Vildeia,25,Brazil,64,64,Grêmio,650000.0,7000.0,ST
Peixotacinho,25,Brazil,64,64,Bahia,575000.0,3000.0,CB
Mateus Couteira,25,Brazil,64,64,Associação Chapecoense de Futebol,575000.0,4000.0,CB
Iuliano Alfaro,33,Brazil,64,64,Bahia,375000.0,4000.0,ST
E. Robson,24,England,64,69,Milton Keynes Dons,875000.0,3000.0,CM
Nacho Gil,25,Spain,64,65,FC Cartagena,700000.0,2000.0,LM
A. Sorge,28,Germany,64,64,Türkgücü München,500000.0,2000.0,CB
J. Pask,23,England,64,73,Coventry City,1200000.0,4000.0,CB
Rivaldinho,26,Brazil,64,65,Cracovia,700000.0,3000.0,ST
João Costa,25,Portugal,64,70,Granada CF,725000.0,4000.0,GK
C. Borthwick-Jackson,24,England,64,68,Burton Albion,775000.0,2000.0,LB
N. Bandiera,31,Argentina,64,64,Patronato,475000.0,4000.0,RW
J. Lawrence-Gabriel,22,England,64,73,Blackpool,1300000.0,3000.0,RB
S. Salles-Lamonge,25,France,64,69,SC Bastia,850000.0,2000.0,CM
Eduardo,28,Brazil,64,66,Sagan Tosu,600000.0,1000.0,CB
J. Cascini,24,Argentina,64,70,FC Academica Clinceni,850000.0,1000.0,CDM
I. Chicco,25,Argentina,64,67,Club Atlético Colón,600000.0,2000.0,GK
L. Bolton,21,England,64,71,Manchester City,1100000.0,14000.0,RB
J. Pereyra,22,Argentina,64,74,Atlético Tucumán,1200000.0,3000.0,CDM
S. Clare,24,England,64,69,Charlton Athletic,800000.0,2000.0,CDM
A. Diawusie,23,Germany,64,71,SG Dynamo Dresden,1200000.0,4000.0,RM
G. Hirst,22,England,64,74,Portsmouth,1300000.0,17000.0,ST
T. Sandoval,22,Argentina,64,72,Platense,1300000.0,3000.0,ST
Nelson Freitosa,25,Brazil,64,64,Ceará Sporting Club,475000.0,2000.0,GK
R. Edmonds-Green,22,England,64,73,Rotherham United,1200000.0,2000.0,CB
Dany Mota,23,Portugal,64,73,AC Monza,1300000.0,1000.0,RW
N. Ennis,22,England,64,71,Plymouth Argyle,1200000.0,3000.0,ST
A. Fisher,23,England,64,72,Milton Keynes Dons,1100000.0,2000.0,GK
O. Bogle,27,England,64,64,Doncaster Rovers,625000.0,3000.0,ST
Juanpe,25,Spain,64,69,CD Lugo,850000.0,2000.0,CM
N. Baxter,22,England,64,72,Hull City,1100000.0,2000.0,GK
J. Ruiz,23,France,64,75,FC Sion,1200000.0,5000.0,CB
M. Heinrich,23,Germany,64,69,FC Würzburger Kickers,875000.0,2000.0,RM
S. Reddemann,25,Germany,64,68,Hallescher FC,725000.0,1000.0,CB
R. Jendrusch,25,Germany,64,69,FC Ingolstadt 04,675000.0,3000.0,GK
P. Kammerbauer,24,Germany,64,68,SC Freiburg II,775000.0,1000.0,CDM
N. Freeman,25,England,64,67,Wycombe Wanderers,775000.0,2000.0,CAM
Carbonell,23,Spain,64,71,RC Celta de Vigo,1200000.0,5000.0,CM
T. Muyumba,24,France,64,70,En Avant de Guingamp,850000.0,2000.0,CDM
Raphael Doninho,21,Brazil,64,64,Grêmio,700000.0,5000.0,CAM
Nito Carbelho,29,Brazil,64,64,Fluminense,575000.0,6000.0,ST
D. Hume,22,England,64,71,Sunderland,1100000.0,3000.0,LB
A. Whiteman,22,England,64,75,Degerfors IF,1100000.0,10000.0,GK
C. Wood,24,England,64,68,Leyton Orient,775000.0,3000.0,LB
B. Austin,22,England,64,72,Orlando City Soccer Club,1100000.0,10000.0,GK
Pablo Vázquez,26,Spain,64,68,FC Cartagena,725000.0,2000.0,CB
R. Williams,22,England,64,70,Doncaster Rovers,850000.0,2000.0,CB
Alvaro Rodríguez,26,Spain,64,65,Burgos CF,625000.0,2000.0,RB
N. Insfrán,26,Argentina,64,69,Gimnasia y Esgrima La Plata,675000.0,3000.0,GK
N. Holland,23,England,64,73,Oxford United,1300000.0,11000.0,LM
Matheus Pereira,24,Brazil,64,69,Oita Trinita,800000.0,1000.0,CB
D. Scarr,26,England,64,66,Plymouth Argyle,650000.0,3000.0,CB
J. Delem,28,France,64,65,Seattle Sounders FC,575000.0,2000.0,CDM
D. Kemp,22,England,64,70,Leyton Orient,950000.0,4000.0,CAM
N. Trott,22,England,64,74,AS Nancy Lorraine,1100000.0,8000.0,GK
K. Lankford,22,Germany,64,70,SV Wehen Wiesbaden,950000.0,2000.0,RM
J. Cumming,21,England,64,76,Gillingham,1300000.0,1000.0,GK
Bruno Rodrigues,24,Brazil,64,70,Futebol Clube de Famalicão,925000.0,2000.0,LW
Charles,25,Brazil,64,67,FC Midtjylland,775000.0,6000.0,CM
R. Preißinger,24,Germany,64,69,FC Ingolstadt 04,800000.0,4000.0,CDM
J. Nietfeld,27,Germany,64,65,Hallescher FC,675000.0,1000.0,CM
D. Frick,31,Germany,64,64,FSV Zwickau,400000.0,800.0,CB
P. Sohm,29,Germany,64,64,SG Dynamo Dresden,575000.0,5000.0,ST
P. Türpitz,29,Germany,64,64,Türkgücü München,575000.0,2000.0,CAM
M. Kleinsorge,25,Germany,64,65,1. FC Kaiserslautern,700000.0,1000.0,RM
M. Dombrowka,29,Germany,64,64,SV Meppen,525000.0,700.0,LB
N. Butzen,28,Germany,64,64,FSV Zwickau,575000.0,900.0,CM
H. Mahou,21,France,64,71,FC Lausanne-Sport,1200000.0,3000.0,ST
L. Bünning,23,Germany,64,70,SV Meppen,850000.0,550.0,CB
Ricardo Fernandes,26,Portugal,64,67,Santa Clara,600000.0,1000.0,GK
Gonçalo Agrelos,23,Portugal,64,70,Belenenses SAD,925000.0,2000.0,LW
S. Jakubiak,28,Germany,64,64,1. FC Magdeburg,525000.0,1000.0,CDM
N. Kühn,21,Germany,64,75,FC Erzgebirge Aue,1300000.0,2000.0,RM
Raul Asencio,23,Spain,64,72,AD Alcorcón,1300000.0,2000.0,ST
A. Papadopoulos,21,Germany,64,72,Borussia Dortmund II,1200000.0,850.0,CDM
L. Plogmann,21,Germany,64,78,SV Werder Bremen,1300000.0,1000.0,GK
L. Marseiler,24,Germany,64,70,Viktoria Köln,925000.0,4000.0,LM
Claudio Medina,27,Spain,64,64,Burgos CF,625000.0,2000.0,ST
Z. Medley,20,England,64,73,KV Oostende,1200000.0,2000.0,CB
A. Yamga,24,France,64,67,Vejle Boldklub,800000.0,3000.0,RM
D. Yearwood,21,England,64,75,New York Red Bulls,1300000.0,2000.0,CM
L. Maloney,21,Germany,64,74,Borussia Dortmund II,1200000.0,850.0,CB
C. Lang,22,England,64,73,Wigan Athletic,1300000.0,2000.0,RW
L. Rajot,23,France,64,69,Rodez Aveyron Football,875000.0,1000.0,CAM
S. Laiton,21,France,64,75,AJ Auxerre,1100000.0,900.0,GK
L. Ranieri,22,Italy,64,77,US Salernitana 1919,1400000.0,8000.0,CB
M. Cooper,21,England,64,75,Plymouth Argyle,1100000.0,2000.0,GK
N. Demartini,21,Argentina,64,74,CD Antofagasta,1200000.0,750.0,CB
T. Sainte-Luce,22,France,64,72,Nîmes Olympique,1300000.0,1000.0,LB
O. Bailey,21,England,64,75,Livingston FC,1300000.0,4000.0,CAM
D. Butterworth,21,England,64,75,Blackburn Rovers,1300000.0,8000.0,ST
J. Opoku,22,England,64,72,Vejle Boldklub,1200000.0,9000.0,CB
L. Offord,21,England,64,71,Crewe Alexandra,1100000.0,2000.0,CB
Lucas Cunha,24,Brazil,64,71,Gil Vicente FC,1100000.0,2000.0,CB
A. Heredia,24,Argentina,64,71,Cerro Largo Fútbol Club,1100000.0,500.0,CB
L. Hannant,27,England,64,64,Colchester United,625000.0,4000.0,RM
A. Barlow,21,England,64,73,Doncaster Rovers,1300000.0,2000.0,LM
Tomás Reymão,22,Portugal,64,71,Boavista FC,1200000.0,3000.0,CM
C. Wright,21,England,64,77,Cheltenham Town,1400000.0,13000.0,CM
J. Yeboah,21,Germany,64,72,Willem II,1300000.0,2000.0,RW
L. Vallier,22,France,64,74,Chamois Niortais Football Club,1300000.0,1000.0,LB
B. Danger,23,France,64,71,Rodez Aveyron Football,1200000.0,1000.0,CM
David Alba,22,Spain,64,77,CD Leganés,1400000.0,2000.0,CB
F. Kaya,21,Germany,64,74,FC Ingolstadt 04,1300000.0,4000.0,ST
M. Borgogno,22,Argentina,64,72,Vélez Sarsfield,1100000.0,2000.0,GK
E. Tallig,21,Germany,64,75,TSV 1860 München,1300000.0,800.0,CM
Fran Vieites,22,Spain,64,72,CD Lugo,1100000.0,1000.0,GK
J. Anthony,21,England,64,73,AFC Bournemouth,1300000.0,7000.0,ST
L. Schlüter,29,Germany,64,64,Eintracht Braunschweig,525000.0,2000.0,LB
G. Gbellé,28,France,64,64,US Quevilly Rouen Métropole,525000.0,1000.0,CDM
H. Paul,27,Germany,64,64,SK Austria Klagenfurt,575000.0,3000.0,RB
S. Finley,28,England,64,64,Bristol Rovers,575000.0,4000.0,CM
S. Rénot,31,France,64,64,ESTAC Troyes,300000.0,3000.0,GK
P. Owusu,24,Germany,64,68,SC Paderborn 07,850000.0,4000.0,ST
A. Taoui,19,France,64,76,SC Bastia,1400000.0,1000.0,ST
S. Arab,20,France,64,75,Paris FC,1300000.0,1000.0,CAM
L. Kouagba,27,France,64,67,USL Dunkerque,675000.0,2000.0,CB
A. Gallo,21,Italy,64,72,Lecce,1300000.0,750.0,LB
L. Diabyfadiga,20,France,64,72,Paris FC,1300000.0,2000.0,ST
J. David,21,Germany,64,72,Hamburger SV,1200000.0,2000.0,CB
J. Randall,21,England,64,72,Peterborough United,1300000.0,3000.0,LM
L. Trejo,33,Argentina,64,64,Deportivo Táchira FC,275000.0,500.0,CB
M. Awoudja,23,Germany,64,73,WSG Tirol,1200000.0,5000.0,CB
De La Fuente,22,Spain,64,75,Villarreal CF,1200000.0,5000.0,CB
G. Traoré,21,France,64,73,Amiens SC,1200000.0,1000.0,CDM
André Anderson,21,Italy,64,76,Lazio,1400000.0,9000.0,CF
F. Carstens,22,Germany,64,72,SV Wehen Wiesbaden,1200000.0,2000.0,CB
Y. Kitala,23,France,64,73,FC Sochaux-Montbéliard,1300000.0,2000.0,ST
H. Hassan,19,France,64,78,CD Mirandés,1400000.0,5000.0,LW
M. Boudjemaa,23,France,64,74,Atakaş Hatayspor,1200000.0,3000.0,CDM
H. Abdelli,21,France,64,71,Le Havre AC,1200000.0,2000.0,CF
M. El Idrissy,22,France,64,72,AC Ajaccio,1300000.0,2000.0,ST
T. Ortíz,21,Argentina,64,72,Defensa y Justicia,1300000.0,3000.0,CM
L. Davis,21,England,64,77,AFC Bournemouth,1400000.0,10000.0,LB
G. Dietsch,20,France,64,75,Seraing,1100000.0,2000.0,GK
Arthur Silva,26,Brazil,64,66,Yokohama FC,725000.0,3000.0,CM
A. Sejdič,24,Germany,64,68,Atlanta United,825000.0,2000.0,CM
E. Sylvestre,21,France,64,73,Pau FC,1300000.0,3000.0,RW
I. Smith,22,Argentina,64,75,Club de Deportes Cobresal,1300000.0,850.0,CM
N. Romero,21,Argentina,64,77,Vélez Sarsfield,1400000.0,2000.0,LB
J. Benson,21,England,64,76,Barnsley,1400000.0,7000.0,CM
F. Balogun,19,England,64,81,Arsenal,1500000.0,10000.0,ST
L. Unbehaun,20,Germany,64,79,Borussia Dortmund II,1200000.0,600.0,GK
Apa,21,Spain,64,74,Real Valladolid CF,1300000.0,2000.0,RB
D. Bettella,21,Italy,64,78,AC Monza,1400000.0,850.0,CB
Tiri,29,Spain,64,64,ATK Mohun Bagan FC,500000.0,950.0,CB
B. Benkhedim,20,France,64,76,AS Saint-Étienne,1400000.0,5000.0,CAM
O. Dadoune,26,France,64,65,US Quevilly Rouen Métropole,700000.0,2000.0,ST
S. Delos,22,France,64,72,AS Nancy Lorraine,1300000.0,2000.0,LB
A. Traoré,19,France,64,76,FC Girondins de Bordeaux,1400000.0,3000.0,RM
B. Fadiga,20,France,64,78,Paris Saint-Germain,1400000.0,11000.0,CM
R. Longman,20,England,64,76,Hull City,1400000.0,3000.0,ST
M. Gottschling,27,Germany,64,65,SV Waldhof Mannheim 07,625000.0,1000.0,RB
L. Kwadwo,24,Germany,64,69,MSV Duisburg,825000.0,2000.0,LB
T. Fornah,21,England,64,73,Nottingham Forest,1200000.0,7000.0,CDM
L. Mickels,26,Germany,64,65,Türkgücü München,700000.0,2000.0,LM
Brian Araújo,21,Portugal,64,74,Gil Vicente FC,1100000.0,1000.0,GK
F. Jäkel,20,Germany,64,75,KV Oostende,1200000.0,9000.0,CB
H. Saghiri,24,Germany,64,71,SV Waldhof Mannheim 07,1100000.0,900.0,CDM
Eduardo Kau,22,Brazil,64,75,Belenenses SAD,1200000.0,1000.0,CB
J. Tunnicliffe,27,England,64,66,Crawley Town,625000.0,3000.0,CB
J. Rudoni,20,England,64,73,AFC Wimbledon,1300000.0,2000.0,CAM
L. Chevalier,19,France,64,80,Valenciennes FC,1300000.0,2000.0,GK
Javi Gómez,22,Spain,64,73,RC Celta de Vigo,1300000.0,5000.0,LM
G. Calò,24,Italy,64,72,Benevento,1200000.0,3000.0,CDM
Z. Ould Khaled,21,France,64,74,Angers SCO,1200000.0,4000.0,CDM
E. Maciel,24,Argentina,64,69,Club de Foot Montréal,800000.0,2000.0,CDM
Miguel Reisinho,22,Portugal,64,71,Boavista FC,1200000.0,3000.0,CM
E. Del Prato,21,Italy,64,75,Parma,1300000.0,5000.0,RB
C. Klaus,27,Germany,64,67,1. FC Nürnberg,575000.0,2000.0,GK
M. Sorinola,20,England,64,75,Royale Union Saint-Gilloise,1200000.0,3000.0,LWB
J. Griffiths,19,England,64,79,Lincoln City,1200000.0,3000.0,GK
Nuno Pina,22,Portugal,64,74,CF Fuenlabrada,1200000.0,2000.0,CDM
A. Flips,21,France,64,76,Stade de Reims,1400000.0,4000.0,RM
I. Don,39,Argentina,64,64,Guaireña FC,60000.0,500.0,GK
F. Azeez,20,England,64,77,Reading,1400000.0,5000.0,RM
T. Mengi,19,England,64,82,Manchester United,1400000.0,10000.0,CB
C. Makridis,24,Germany,64,68,SSV Jahn Regensburg,850000.0,3000.0,CAM
F. Manenti,24,Argentina,64,69,12 de Octubre FC,800000.0,500.0,CB
M. Beier,18,Germany,64,78,Hannover 96,1400000.0,3000.0,ST
Migue,24,Spain,64,71,Villarreal CF,1100000.0,5000.0,RB
O. Salomón,22,Argentina,64,72,Club Atlético Central Córdoba,1200000.0,3000.0,CB
A. Beka Beka,20,France,64,79,FC Lokomotiv Moscow,1300000.0,7000.0,CDM
K. Nsona,19,France,64,76,Stade Malherbe Caen,1400000.0,1000.0,LW
Pepe Sánchez,21,Spain,64,77,Granada CF,1400000.0,3000.0,RB
Marc Echarri,22,Spain,64,75,CD Leganés,1300000.0,3000.0,ST
L. Torres,24,Argentina,64,71,Club Atlético Central Córdoba,1200000.0,3000.0,CM
F. Monzón,20,Argentina,64,74,Platense,1300000.0,3000.0,ST
Óscar Clemente,22,Spain,64,75,Unión Deportiva Las Palmas,1300000.0,2000.0,CAM
M. Pérez,21,Argentina,64,73,Club Atlético Lanús,1200000.0,3000.0,CB
T. Banega,22,Argentina,64,72,Patronato,1300000.0,4000.0,CM
Thiago,24,Brazil,64,67,Cracovia,800000.0,2000.0,LM
Ricard Pujol,23,Spain,64,75,SD Ponferradina,1200000.0,2000.0,CB
Alkain,24,Spain,64,70,Real Sociedad B,925000.0,2000.0,RM
M. Karamoko,21,France,64,73,LASK Linz,1300000.0,5000.0,ST
L. Samardžić,19,Germany,64,81,Udinese Calcio,1500000.0,2000.0,CAM
D. Mikić,28,Germany,64,64,Sportclub Verl,500000.0,700.0,CB
R. Brüseke,27,Germany,64,65,Sportclub Verl,500000.0,550.0,GK
Jorge Silva,22,Portugal,64,73,Lazio,1200000.0,9000.0,CB
G. Gerzel,21,Argentina,64,76,Platense,1400000.0,2000.0,LM
Javi Cueto,20,Spain,64,80,Real Oviedo,1500000.0,2000.0,ST
Kibe,21,Brazil,64,73,Clube Sport Marítimo,1300000.0,2000.0,ST
Tiago Almeida,19,Portugal,64,79,CD Tondela,1300000.0,950.0,RB
A. Gomis,28,France,64,64,USL Dunkerque,500000.0,2000.0,CB
M. Guilavogui,23,France,64,70,Paris FC,925000.0,2000.0,RW
P. Nebel,18,Germany,64,83,1. FSV Mainz 05,1500000.0,2000.0,RM
Fran González,22,Spain,64,75,Atlético de Madrid,1200000.0,8000.0,CB
P. Argañaraz,22,Argentina,64,72,Club Atlético Central Córdoba,1300000.0,3000.0,ST
Luís Santos,21,Portugal,64,73,Boavista FC,1300000.0,3000.0,LW
A. Müller,20,Germany,64,72,1. FC Magdeburg,1200000.0,850.0,CDM
M. Gouras,23,Germany,64,70,1. FC Saarbrücken,925000.0,1000.0,LM
R. Ladinetti,20,Italy,64,80,Cagliari,1500000.0,5000.0,CM
L. Pirola,19,Italy,64,82,AC Monza,1400000.0,650.0,CB
F. Flores,19,Argentina,64,79,San Lorenzo de Almagro,1300000.0,2000.0,CB
B. Domingues,21,France,64,75,ESTAC Troyes,1300000.0,3000.0,RM
J. Moutachy,23,France,64,71,Chamois Niortais Football Club,1100000.0,1000.0,RB
C. Palmer,19,England,64,84,Manchester City,1600000.0,14000.0,RW
L. Brochero,22,Argentina,64,72,Club Atlético Central Córdoba,1300000.0,3000.0,RW
A. Newby,25,England,64,67,Rochdale,775000.0,3000.0,RW
N. Fernández Mercau,21,Argentina,64,74,San Lorenzo de Almagro,1300000.0,3000.0,LM
G. Thomson,29,England,64,64,Harrogate Town,575000.0,3000.0,RM
R. Reitz,19,Germany,64,78,Sint-Truidense VV,1400000.0,3000.0,CM
Vanderson,22,Brazil,64,75,Real Oviedo,1300000.0,2000.0,LM
Toni Herrero,20,Spain,64,79,Levante Unión Deportiva,1300000.0,4000.0,LB
Álex Blesa,19,Spain,64,81,Levante Unión Deportiva,1500000.0,3000.0,CM
N. González,22,Argentina,64,71,Defensa y Justicia,1200000.0,3000.0,LM
Gorostidi,25,Spain,64,69,AD Alcorcón,850000.0,2000.0,CM
E. Dinkçi,19,Germany,64,81,SV Werder Bremen,1500000.0,2000.0,RW
Yuri Matias,26,Brazil,64,66,Gaz Metan Mediaş,650000.0,2000.0,CB
Juanma Bravo,23,Spain,64,73,AD Alcorcón,1300000.0,2000.0,CM
Rhuan,21,Brazil,64,67,Radomiak Radom,825000.0,950.0,LM
B. Roux,21,France,64,72,En Avant de Guingamp,1200000.0,1000.0,CDM
J. Lepenant,18,France,64,76,Stade Malherbe Caen,1300000.0,500.0,CDM
A. Barry,21,France,64,72,SpVgg Greuther Fürth,1200000.0,4000.0,CB
Rubén Pulido,20,Spain,64,67,CF Fuenlabrada,700000.0,1000.0,CB
Aimar Oroz,19,Spain,64,79,CA Osasuna,1400000.0,3000.0,CAM
A. Cambiaso,21,Italy,64,76,Genoa,1400000.0,3000.0,RM
K. Çalhanoğlu,18,Germany,64,81,FC Schalke 04,1400000.0,800.0,LB
L. Delap,18,England,64,85,Manchester City,1900000.0,9000.0,ST
Pau Víctor,19,Spain,64,77,Girona FC,1400000.0,2000.0,CAM
Pablo Rodríguez,19,Spain,64,79,Lecce,1400000.0,750.0,ST
N. Ahamada,19,France,64,79,VfB Stuttgart,1400000.0,3000.0,CM
T. Marchiori,26,Argentina,64,69,Atlético Tucumán,675000.0,2000.0,GK
S. Péan,21,France,64,73,Stade Malherbe Caen,1100000.0,800.0,GK
C. Lannert,23,Germany,64,70,Sportclub Verl,875000.0,550.0,RB
L. Ferreyra,19,Argentina,64,79,Rosario Central,1400000.0,2000.0,LM
Isma Ruiz,20,Spain,64,78,Granada CF,1300000.0,3000.0,CDM
D. Udogie,18,Italy,64,81,Udinese Calcio,1400000.0,2000.0,LB
L. Esquivel,19,Argentina,64,73,Unión de Santa Fe,1200000.0,2000.0,LWB
E. Shuranov,19,Germany,64,77,1. FC Nürnberg,1400000.0,2000.0,ST
Jair,26,Brazil,64,65,HJK Helsinki,675000.0,500.0,CM
M. Di Cesare,19,Argentina,64,72,Argentinos Juniors,1200000.0,2000.0,CB
B. Oddei,18,Italy,64,81,Crotone,1500000.0,1000.0,RW
M. Cortave,29,Argentina,64,65,Club Social y Deportivo Macará,550000.0,500.0,CB
Rodrigo Angelotti,23,Brazil,64,70,Kashiwa Reysol,925000.0,3000.0,ST
E. Zeballos,19,Argentina,64,78,Boca Juniors,1400000.0,2000.0,RM
B. Salvareschi,22,Argentina,64,74,Club Atlético Sarmiento,1200000.0,2000.0,CB
Manuel Namora,23,Portugal,64,73,Boavista FC,1300000.0,3000.0,ST
R. Ríos,25,Argentina,64,68,12 de Octubre FC,800000.0,500.0,CM
R. Bochi,31,Argentina,64,64,Platense,400000.0,3000.0,CDM
César García,21,Spain,64,74,Real Sporting de Gijón,1300000.0,2000.0,RW
R. Meißner,21,Germany,64,73,Hamburger SV,1300000.0,3000.0,ST
B. Nievas,23,Argentina,64,71,Patronato,1100000.0,3000.0,CDM
D. Juárez,19,Argentina,64,75,Unión de Santa Fe,1300000.0,2000.0,RW
N. Zeineddin,21,Argentina,64,74,Platense,1300000.0,3000.0,ST
Nazinho,17,Portugal,64,78,Sporting CP,1300000.0,500.0,LB
Maciel,21,Brazil,64,74,New England Revolution,1200000.0,1000.0,CDM
I. Kandouss,23,France,64,70,Royale Union Saint-Gilloise,850000.0,3000.0,CB
Gori,19,Spain,64,84,RCD Espanyol de Barcelona,1600000.0,2000.0,CM
J. Le Cardinal,23,France,64,69,SC Bastia,800000.0,1000.0,CB
Y. Bahassa,29,France,64,64,US Quevilly Rouen Métropole,575000.0,2000.0,RW
J. Marshall,24,England,64,68,Dundee FC,775000.0,2000.0,LB
Undabarrena,28,Spain,64,64,Burgos CF,575000.0,2000.0,CM
Alarcón,27,Spain,64,64,Burgos CF,625000.0,2000.0,LM
Brunão,24,Brazil,64,70,FC Arouca,850000.0,2000.0,CB
Gorka Larrucea,28,Spain,64,65,SD Amorebieta,575000.0,2000.0,CDM
Aldasoro,22,Spain,64,72,Real Sociedad B,1200000.0,1000.0,CDM
Unai Veiga,22,Spain,64,75,Unión Deportiva Las Palmas,1300000.0,2000.0,CM
L. Joseph,20,France,64,73,FC Metz,1300000.0,4000.0,ST
O. Wähling,21,Germany,64,73,VfL Osnabrück,1300000.0,1000.0,CAM
Vinicius Souza,22,Brazil,64,71,KV Mechelen,1100000.0,3000.0,CDM
A. Martínez,23,Argentina,64,68,Club Atlético Central Córdoba,850000.0,3000.0,LM
C. Doyle,17,England,64,80,Sunderland,1400000.0,500.0,CB
Bernardo Vital,20,Portugal,64,74,Estoril Praia,1200000.0,1000.0,CB
Alberto,28,Spain,64,65,CD Lugo,550000.0,2000.0,CB
Filipe Relvas,21,Portugal,64,72,Portimonense SC,1300000.0,1000.0,LB
Javi Serrano,18,Spain,64,82,Atlético de Madrid,1400000.0,3000.0,CDM
Alberto Moreno,19,Spain,64,81,Atlético de Madrid,1500000.0,6000.0,CM
M. Viti,19,Italy,64,77,Empoli,1300000.0,5000.0,CB
Pep Gayà,21,Spain,64,75,RCD Mallorca,1200000.0,4000.0,CB
Diego Moreno,19,Spain,64,77,CA Osasuna,1300000.0,3000.0,RB
Martón,22,Spain,64,73,Real Sociedad B,1300000.0,2000.0,ST
Ureña,18,Spain,64,78,Girona FC,1400000.0,1000.0,RM
Javi Robles,20,Spain,64,76,Unión Deportiva Almería,1400000.0,2000.0,CM
Rodrigo Andrade,19,Portugal,64,76,Clube Sport Marítimo,1400000.0,1000.0,CM
M. Saban,19,France,64,78,AS Saint-Étienne,1400000.0,4000.0,LM
F. Peña Biafore,20,Argentina,64,76,River Plate,1300000.0,3000.0,CDM
Pedro,21,Spain,64,77,N.E.C. Nijmegen,1400000.0,7000.0,ST
L. Spatz,19,Argentina,64,78,Cádiz CF,1300000.0,3000.0,CB
Christian Gómez,21,Spain,64,78,Atlético de Madrid,1300000.0,5000.0,GK
L. Feeney,34,England,63,63,Tranmere Rovers,230000.0,2000.0,CAM
L. Clarke,36,England,63,63,Bristol Rovers,160000.0,2000.0,ST
L. Fontaine,35,England,63,63,Dundee FC,130000.0,1000.0,CB
C. Lines,35,England,63,63,Stevenage,190000.0,2000.0,CM
L. Alessandra,32,England,63,63,Carlisle United,400000.0,3000.0,ST
S. Eastwood,32,England,63,63,Oxford United,240000.0,2000.0,GK
S. Davies,34,England,63,63,Tranmere Rovers,80000.0,2000.0,GK
A. Legzdins,34,England,63,63,Dundee FC,80000.0,1000.0,GK
K. Agard,31,England,63,63,Plymouth Argyle,400000.0,4000.0,ST
J. Akinde,31,England,63,63,Gillingham,400000.0,2000.0,ST
J. Mutch,29,England,63,63,Macarthur FC,400000.0,1000.0,CDM
Zé Eduardo,29,Brazil,63,63,Sandefjord Fotball,475000.0,1000.0,CM
J. Bowery,29,England,63,63,Mansfield Town,475000.0,5000.0,ST
J. Labadie,30,England,63,63,Walsall,450000.0,4000.0,CM
J. Falkingham,30,England,63,63,Harrogate Town,450000.0,3000.0,CM
M. Hornschuh,30,Germany,63,63,FC Zürich,400000.0,4000.0,CB
D. Rowe,29,England,63,63,Burton Albion,475000.0,2000.0,RM
P. Downing,29,England,63,63,Portsmouth,400000.0,3000.0,CB
Y. Bocognano,31,France,63,63,SC Bastia,325000.0,1000.0,CB
L. Legge,36,England,63,63,Port Vale,90000.0,2000.0,CB
O. Clarke,29,England,63,63,Mansfield Town,475000.0,5000.0,CM
T. Parkes,29,England,63,63,Livingston FC,400000.0,2000.0,CB
D. Amoo,30,England,63,63,Port Vale,475000.0,3000.0,RW
A. Grimaldi,30,Germany,63,63,1. FC Saarbrücken,475000.0,2000.0,ST
S. Bertram,30,Germany,63,63,VfL Osnabrück,475000.0,1000.0,ST
A. Martin,31,England,63,63,Port Vale,325000.0,3000.0,CB
C. Clay,29,England,63,63,Leyton Orient,475000.0,4000.0,CM
Jonathan De Amo,31,Spain,63,63,PGE FKS Stal Mielec,325000.0,950.0,CB
W. Evseev,29,Germany,63,63,SV Meppen,475000.0,700.0,CM
B. Uaferro,29,Germany,63,63,1. FC Saarbrücken,400000.0,1000.0,CB
G. Massey,28,England,63,63,Wigan Athletic,475000.0,1000.0,LM
N. Blandi,31,Argentina,63,63,Unión de Santa Fe,400000.0,3000.0,ST
Edu García,31,Spain,63,63,Hyderabad FC,400000.0,500.0,CM
C. Piergianni,29,England,63,63,Oldham Athletic,400000.0,3000.0,CB
R. Watson,27,England,63,63,Tranmere Rovers,500000.0,2000.0,CAM
M. Ehmer,29,Germany,63,63,Gillingham,400000.0,2000.0,CB
C. Hemlein,30,Germany,63,63,SV Meppen,475000.0,650.0,LM
Forniés,30,Spain,63,63,AD Alcorcón,425000.0,2000.0,LB
A. Rodman,34,England,63,63,Bristol Rovers,180000.0,3000.0,RWB
J. Day,30,England,63,63,Newport County,325000.0,2000.0,GK
D. Rose,27,England,63,64,Northampton Town,550000.0,5000.0,ST
T. Nichols,27,England,63,63,Crawley Town,525000.0,3000.0,ST
J. Al-Hazaimeh,29,Germany,63,63,SV Meppen,400000.0,650.0,CB
M. Dolan,28,England,63,63,Newport County,425000.0,3000.0,CB
J. Caprice,28,England,63,63,Exeter City,425000.0,3000.0,RWB
J. Baldwin,28,England,63,65,Ross County FC,475000.0,2000.0,CB
B. Bertrand,29,France,63,64,Pau FC,375000.0,1000.0,GK
I. Vassell,27,England,63,63,Cardiff City,525000.0,8000.0,ST
Bruno Andrade,27,Portugal,63,63,Stevenage,500000.0,2000.0,RM
Víctor Mongil,28,Spain,63,63,Odisha FC,425000.0,500.0,CB
R. Hall-Johnson,26,England,63,65,Wrexham AFC,550000.0,500.0,RWB
J. Roberts,27,England,63,64,Motherwell,550000.0,2000.0,ST
M. Benning,27,England,63,64,Port Vale,500000.0,3000.0,LWB
K. Morris,27,England,63,63,Tranmere Rovers,500000.0,2000.0,RM
J. Powell,27,England,63,64,Crawley Town,550000.0,3000.0,CM
Alex,32,Brazil,63,63,Jamshedpur FC,375000.0,500.0,CAM
A. Winkler,29,Germany,63,63,1. FC Kaiserslautern,400000.0,1000.0,CB
C. Vernam,24,England,63,68,Bradford City,725000.0,4000.0,RM
P. Farman,31,England,63,63,Barrow,250000.0,2000.0,GK
N. Townsend,26,England,63,65,Newport County,450000.0,2000.0,GK
B. Morris,25,England,63,68,Burton Albion,650000.0,2000.0,CDM
H. Boateng,25,England,63,67,Milton Keynes Dons,675000.0,2000.0,CM
C. Norman,25,England,63,66,Newport County,575000.0,3000.0,RWB
C. Elliott,30,England,63,63,Dundee FC,425000.0,2000.0,RB
L. Grimshaw,26,England,63,63,Motherwell,475000.0,2000.0,RB
K. Rocheteau,27,France,63,63,USL Dunkerque,500000.0,2000.0,LM
J. Hessenthaler,27,England,63,64,Crawley Town,550000.0,3000.0,CM
N. Ibáñez,39,Argentina,63,63,Godoy Cruz,50000.0,1000.0,GK
R. Hunt,25,England,63,63,Swindon Town,475000.0,3000.0,LB
S. McQueen,26,England,63,66,Southampton,575000.0,9000.0,LB
J. Dixon,27,England,63,66,Bolton Wanderers,475000.0,2000.0,GK
C. Randall,25,England,63,66,Ross County FC,575000.0,2000.0,RB
J. Hiwula,26,England,63,64,Doncaster Rovers,575000.0,3000.0,LW
J. Mitchell,26,England,63,67,Hartlepool United,525000.0,2000.0,GK
C. Long,26,England,63,66,Crewe Alexandra,625000.0,3000.0,ST
O. Threlkeld,27,England,63,63,Bradford City,475000.0,4000.0,RB
P. Matricardi,27,Argentina,63,66,Gaz Metan Mediaş,550000.0,2000.0,CB
W. Aimson,27,England,63,65,Bolton Wanderers,500000.0,2000.0,CB
Gabriel,33,Brazil,63,63,Gaz Metan Mediaş,240000.0,2000.0,CDM
P. Brough,25,England,63,66,Barrow,575000.0,2000.0,LWB
M. de Iriondo,28,Argentina,63,64,Grenoble Foot 38,475000.0,2000.0,CDM
P. Becker,28,Argentina,63,63,Club Atlético Aldosivi,475000.0,3000.0,CM
O. Palmer,29,England,63,63,AFC Wimbledon,475000.0,2000.0,ST
Sebas Moyano,24,Spain,63,69,CD Lugo,750000.0,2000.0,RM
A. Mandrea,24,France,63,69,Angers SCO,625000.0,3000.0,GK
B. Gladwin,29,England,63,63,Swindon Town,475000.0,4000.0,CM
D. Gardner,31,England,63,63,Doncaster Rovers,400000.0,3000.0,LM
G. Mutombo,25,France,63,67,ESTAC Troyes,600000.0,4000.0,CB
J. Beesley,24,England,63,67,Rochdale,700000.0,2000.0,ST
T. Davies,29,England,63,63,Tranmere Rovers,400000.0,2000.0,CB
N. Anderton,25,England,63,64,Bristol Rovers,525000.0,3000.0,LB
N. Teichgräber,25,Germany,63,68,TSV Havelse,650000.0,500.0,LWB
T. Pett,29,England,63,63,Port Vale,475000.0,3000.0,CM
M. Reinthaler,26,Italy,63,66,FSV Zwickau,550000.0,700.0,CB
K. Burger,26,Germany,63,65,1. FC Magdeburg,525000.0,1000.0,CB
J. Sellars,25,England,63,65,Östersunds FK,600000.0,1000.0,LM
M. Eberwein,25,Germany,63,66,Hallescher FC,625000.0,1000.0,CAM
J. Günther-Schmidt,26,Germany,63,64,1. FC Saarbrücken,575000.0,1000.0,CAM
L. Page,25,England,63,68,Harrogate Town,650000.0,2000.0,LB
L. Sutton,24,England,63,68,Bradford City,675000.0,3000.0,CDM
C. Colkett,24,England,63,65,Östersunds FK,625000.0,1000.0,CM
L. Andrenacci,26,Italy,63,63,Genoa,375000.0,3000.0,GK
Samu Casado,24,Spain,63,70,Real Valladolid CF,825000.0,1000.0,GK
L. Garnier,38,Argentina,63,63,Club Atlético Sarmiento,110000.0,2000.0,RB
L. Armstrong,24,England,63,66,Harrogate Town,675000.0,3000.0,ST
D. Dianessy,25,France,63,68,Pau FC,700000.0,1000.0,CAM
O. Finney,23,England,63,71,Crewe Alexandra,1100000.0,2000.0,CM
G. Lapslie,23,England,63,69,Mansfield Town,750000.0,4000.0,CM
S. McWilliams,22,England,63,68,Northampton Town,675000.0,3000.0,CDM
Pedro López,24,Spain,63,70,CD Lugo,900000.0,2000.0,CB
E. Onariase,24,England,63,68,Scunthorpe United,650000.0,3000.0,CB
J. Sterry,25,England,63,68,Hartlepool United,650000.0,3000.0,RWB
A. May,23,England,63,68,Cambridge United,725000.0,2000.0,CM
D. Reimann,24,Germany,63,68,1. FC Magdeburg,575000.0,700.0,GK
H. Rodgers,24,England,63,68,Accrington Stanley,675000.0,1000.0,RWB
M. Diallo,24,France,63,67,Servette FC,650000.0,3000.0,RB
A. Georgen,22,France,63,74,AJ Auxerre,1000000.0,1000.0,RB
Z. Westbrooke,24,England,63,66,Bristol Rovers,650000.0,3000.0,CM
V. Sanogo,26,France,63,66,Górnik Zabrze,625000.0,2000.0,ST
Carlos Travisso,25,Brazil,63,63,Juventude,400000.0,3000.0,GK
Fachendinho,29,Brazil,63,63,Santos,475000.0,6000.0,ST
F. Horsfall,24,England,63,66,Northampton Town,575000.0,3000.0,CB
C. Blackett-Taylor,23,England,63,70,Charlton Athletic,975000.0,2000.0,LM
B. Hanlan,24,England,63,69,Wycombe Wanderers,775000.0,2000.0,ST
Ian Soler,25,Spain,63,68,Zagłębie Lubin,625000.0,2000.0,CB
B. Konaté,25,France,63,68,CF Fuenlabrada,700000.0,2000.0,CM
M. Hilßner,26,Germany,63,64,Coventry City,575000.0,5000.0,RW
R. McKenzie,22,England,63,71,Gillingham,1000000.0,2000.0,CDM
L. Gibson,24,England,63,68,Morecambe,675000.0,2000.0,LB
L. Putaro,24,Germany,63,69,Sportclub Verl,750000.0,650.0,LW
J. Grant,22,England,63,68,Bristol Rovers,675000.0,2000.0,CDM
J. Riley,24,England,63,68,Carlisle United,725000.0,3000.0,CM
William de Amorim,29,Brazil,63,63,FC Academica Clinceni,475000.0,2000.0,LM
N. Franco,25,Argentina,63,68,Patronato,725000.0,3000.0,ST
Q. Daubin,25,France,63,67,Pau FC,600000.0,1000.0,CDM
João Figueiredo,25,Brazil,63,68,Gazişehir Gaziantep F.K.,725000.0,3000.0,ST
L. Lumeka,22,England,63,72,ESTAC Troyes,1100000.0,4000.0,LW
N. McGinley,24,England,63,64,Motherwell,550000.0,1000.0,LB
D. Johnson,22,England,63,71,Fleetwood Town,1000000.0,2000.0,CB
B. Simakala,24,Germany,63,68,VfL Osnabrück,725000.0,1000.0,CF
Óscar López,22,Spain,63,73,Burgos CF,925000.0,1000.0,GK
K. Wilson,21,England,63,69,Forest Green Rovers,725000.0,3000.0,RWB
A. Beestin,23,England,63,69,Scunthorpe United,750000.0,3000.0,CM
B. Thomas-Asante,22,England,63,72,Salford City,1100000.0,4000.0,LW
A. Sosa,21,Argentina,63,73,Club Atlético Banfield,1000000.0,2000.0,CB
E. Embleton,22,England,63,71,Sunderland,1100000.0,3000.0,CAM
H. Smith,26,England,63,65,Leyton Orient,600000.0,4000.0,ST
Adrián Rocheira,25,Brazil,63,63,Cuiabá,475000.0,3000.0,CDM
Dillson Teixeiro,25,Brazil,63,63,Cuiabá,550000.0,4000.0,ST
D. Rodney,23,England,63,69,Port Vale,775000.0,3000.0,ST
S. Hart,24,England,63,68,Oldham Athletic,675000.0,2000.0,LWB
E. Huth,24,Germany,63,67,1. FC Kaiserslautern,700000.0,1000.0,ST
J. Bauza,25,Argentina,63,68,FC U Craiova 1948,700000.0,2000.0,CAM
E. Balcombe,21,England,63,74,Burton Albion,925000.0,5000.0,GK
K. Jakob,23,Germany,63,70,Karlsruher SC,925000.0,3000.0,LB
Arthur Gomes,22,Brazil,63,71,Estoril Praia,1100000.0,2000.0,ST
D. Franke,22,Germany,63,73,FC Ingolstadt 04,1000000.0,3000.0,LB
L. Dias,22,France,63,71,Nîmes Olympique,925000.0,1000.0,GK
D. Itter,22,Germany,63,70,VfL Osnabrück,925000.0,1000.0,RB
T. Oakley-Boothe,21,England,63,76,Stoke City,1200000.0,5000.0,CM
N. Bishop,21,England,63,77,Mansfield Town,1000000.0,9000.0,GK
U. Bapoh,22,Germany,63,70,VfL Osnabrück,975000.0,1000.0,CAM
R. Schlegel,24,Argentina,63,72,Orlando City Soccer Club,1000000.0,1000.0,CB
J. Acevedo,24,Argentina,63,69,Club Atlético Huracán,750000.0,3000.0,CAM
B. Cejas,23,Argentina,63,72,Montevideo City Torque,1100000.0,500.0,CAM
M. Tagliamonte,23,Argentina,63,71,Racing Club,925000.0,2000.0,GK
M. Tissera,24,Argentina,63,68,Platense,725000.0,3000.0,ST
A. Hartigan,21,England,63,71,AFC Wimbledon,1100000.0,1000.0,CM
L. McCormick,22,England,63,72,AFC Wimbledon,1100000.0,2000.0,CAM
T. Uwakwe,21,England,63,75,Chelsea,1100000.0,11000.0,LWB
É. Youan,22,France,63,71,FC St. Gallen 1879,1100000.0,2000.0,ST
T. Basila,22,France,63,73,AS Nancy Lorraine,1000000.0,2000.0,CB
N. Granatowski,30,Germany,63,63,1. FC Magdeburg,475000.0,1000.0,LW
M. Dembélé,24,France,63,70,Rodez Aveyron Football,975000.0,1000.0,ST
L. Röser,27,Germany,63,63,1. FC Kaiserslautern,525000.0,1000.0,ST
K. Kunz,29,Germany,63,64,SSV Jahn Regensburg,375000.0,2000.0,GK
O. Käuper,24,Germany,63,68,SV Meppen,725000.0,550.0,CM
L. Jensen,24,Germany,63,69,Karlsruher SC,750000.0,3000.0,CM
T. Lebeau,22,France,63,70,Chamois Niortais Football Club,975000.0,1000.0,CM
T. Schwede,27,Germany,63,64,F.C. Hansa Rostock,500000.0,2000.0,LB
D. Desprez,22,France,63,74,Royal Charleroi S.C.,925000.0,2000.0,GK
M. Fritz,27,Germany,63,64,Viktoria Köln,475000.0,1000.0,CB
Madger Gomes,24,Spain,63,70,Crewe Alexandra,900000.0,2000.0,CDM
R. Guder,26,Germany,63,63,SV Meppen,525000.0,650.0,RM
L. Lauberbach,23,Germany,63,71,Eintracht Braunschweig,1100000.0,2000.0,ST
K. Appin,23,France,63,72,UD Ibiza,1000000.0,1000.0,CDM
W. Bianda,21,France,63,70,AS Nancy Lorraine,900000.0,6000.0,CB
S. Hughes,24,England,63,70,Burton Albion,900000.0,12000.0,CB
T. Bayliss,22,England,63,74,Wigan Athletic,1100000.0,6000.0,CM
J. Célestine,23,France,63,70,Rodez Aveyron Football,900000.0,1000.0,CB
Valera,24,Spain,63,69,SD Huesca,625000.0,2000.0,GK
J. Vollert,23,Germany,63,74,Hallescher FC,1000000.0,900.0,CB
S. Schäfer,27,Germany,63,65,Sportclub Verl,500000.0,600.0,CB
T. Kraulich,22,Germany,63,69,FC Würzburger Kickers,700000.0,2000.0,CB
S. Klaas,23,Germany,63,69,VfL Osnabrück,750000.0,1000.0,CAM
G. Koyalipou,21,France,63,69,FC Lausanne-Sport,775000.0,2000.0,RM
R. Hutton,22,England,63,72,Barrow,1000000.0,2000.0,RWB
M. Merghem,23,France,63,69,En Avant de Guingamp,750000.0,2000.0,RM
B. Taz,22,Germany,63,72,Borussia Dortmund II,1100000.0,1000.0,CAM
S. George,23,England,63,70,Colchester United,825000.0,2000.0,GK
N. Zanellato,23,Italy,63,72,Crotone,1100000.0,2000.0,CM
J. González,24,Argentina,63,69,Club Atlético Central Córdoba,700000.0,2000.0,RB
J. Tell,24,France,63,68,Clermont Foot 63,725000.0,4000.0,ST
A. Maciel,24,Argentina,63,71,Club Atlético Central Córdoba,1000000.0,3000.0,CB
L. Gibson,20,England,63,76,Sheffield Wednesday,1100000.0,9000.0,CB
A. Collins,21,England,63,74,Exeter City,1000000.0,2000.0,CDM
J. Sparkes,20,England,63,77,Exeter City,1100000.0,2000.0,LWB
C. Moros Gracia,28,Spain,63,65,Mjällby AIF,475000.0,900.0,CB
N. Sessa,25,Germany,63,67,1. FC Kaiserslautern,675000.0,1000.0,CAM
Javi Vázquez,20,Spain,63,73,UD Ibiza,1000000.0,1000.0,LB
G. Marsh,22,England,63,74,AFC Wimbledon,1000000.0,2000.0,RB
Sillero,23,Spain,63,73,Athletic Club de Bilbao,1000000.0,4000.0,CB
A. Aguirre,21,Argentina,63,74,Godoy Cruz,1000000.0,2000.0,CB
O. Steurer,26,Germany,63,68,MSV Duisburg,625000.0,2000.0,CB
A. Amade,21,Germany,63,74,KV Oostende,1100000.0,2000.0,RM
K. Brünker,27,Germany,63,64,1. FC Magdeburg,550000.0,1000.0,ST
E. Zehir,23,Germany,63,68,Antalyaspor,675000.0,3000.0,CDM
M. Miller,25,England,63,64,Rotherham United,575000.0,3000.0,LM
N. Stierlin,21,Germany,63,77,MSV Duisburg,1100000.0,1000.0,CDM
C. Akono,21,Germany,63,73,Sportclub Verl,1100000.0,550.0,ST
J. Ponceau,20,France,63,74,Nîmes Olympique,1100000.0,3000.0,CAM
T. John-Jules,20,England,63,76,Blackpool,1200000.0,11000.0,ST
A. Herzog,23,Germany,63,69,Hallescher FC,750000.0,1000.0,RM
R. Kehr,21,Germany,63,75,SpVgg Greuther Fürth,1200000.0,4000.0,LM
C. Morton,21,England,63,75,Fleetwood Town,1200000.0,7000.0,ST
A. Cochrane,21,England,63,72,Heart of Midlothian,1000000.0,1000.0,LB
Rodolfo Cardoso,23,Portugal,63,70,Santa Clara,825000.0,950.0,GK
M. Watters,22,England,63,71,Milton Keynes Dons,1100000.0,7000.0,ST
L. Ingolotti,21,Argentina,63,72,Club Atlético Aldosivi,925000.0,1000.0,GK
R. Taillan,29,France,63,63,US Quevilly Rouen Métropole,425000.0,1000.0,RB
Y. Otto,22,Germany,63,70,Eintracht Braunschweig,975000.0,1000.0,CAM
D. Bertrand,28,France,63,63,AS Nancy Lorraine,475000.0,2000.0,LM
A. Odimayo,21,England,63,73,Swindon Town,1000000.0,2000.0,CB
D. Thompson,20,England,63,76,Brentford,1100000.0,6000.0,LB
L. Pfeiffer,24,Germany,63,66,SV Darmstadt 98,675000.0,5000.0,ST
C. Vidal,21,France,63,75,AC Ajaccio,1100000.0,3000.0,CB
K. Goden,22,Germany,63,69,TSV 1860 München,725000.0,750.0,RB
R. Paparelli,24,Argentina,63,72,Club Atlético Talleres,1000000.0,3000.0,CB
J. Key,21,England,63,72,Exeter City,1000000.0,2000.0,RWB
Javi Rubio,22,Spain,63,74,CD Leganés,1000000.0,2000.0,RB
C. Pombo,27,Argentina,63,64,Club Atlético Sarmiento,550000.0,3000.0,CM
Jean Carlos,26,Brazil,63,66,Varbergs BoIS FC,575000.0,850.0,LB
J. Bartels,22,Germany,63,75,SV Waldhof Mannheim 07,1000000.0,650.0,GK
A. Gürleyen,22,Germany,63,72,SV Wehen Wiesbaden,1000000.0,2000.0,CB
A. Morgan,21,England,63,74,Charlton Athletic,1100000.0,2000.0,CM
L. Beltrán,20,Argentina,63,78,Club Atlético Colón,1200000.0,2000.0,ST
N. Chilvers,20,England,63,75,Colchester United,1200000.0,3000.0,CAM
F. Pérez,22,Argentina,63,74,Club Atlético Aldosivi,1100000.0,3000.0,ST
K. Dembélé,18,England,63,82,Celtic,1200000.0,4000.0,RM
B. Wiredu,21,England,63,74,Colchester United,1100000.0,3000.0,CM
B. Fofana,22,France,63,71,Servette FC,1100000.0,3000.0,LM
L. Kitching,21,England,63,72,Barnsley,1000000.0,6000.0,CB
R. Gotts,21,England,63,73,Barrow,1100000.0,2000.0,CAM
E. Ramírez,22,Argentina,63,72,Estudiantes de La Plata,1100000.0,3000.0,ST
U. Godwin-Malife,21,England,63,73,Forest Green Rovers,1000000.0,3000.0,CB
Fran Navarro,23,Spain,63,72,Gil Vicente FC,1100000.0,2000.0,ST
M. Smith,20,England,63,77,Doncaster Rovers,1100000.0,9000.0,CDM
K. John,20,England,63,75,Everton,1100000.0,9000.0,RB
Mikel Carro,22,Spain,63,73,Real Valladolid CF,1100000.0,2000.0,CM
R. Romeo,31,Italy,63,63,Gaz Metan Mediaş,350000.0,2000.0,RB
Romário Pires,32,Brazil,63,63,FC Farul Constanța,325000.0,2000.0,CDM
H. López Muñoz,20,Argentina,63,75,Club Atlético Central Córdoba,1200000.0,2000.0,CAM
J. Hill,19,England,63,75,Fleetwood Town,1100000.0,1000.0,CB
Pedro Brazão,18,Portugal,63,75,Futebol Clube de Famalicão,1100000.0,750.0,RM
F. Flick,21,Germany,63,75,FC Schalke 04,1100000.0,2000.0,CDM
A. Zagré,19,France,63,72,FC Utrecht,1000000.0,4000.0,LB
J. Mellish,23,England,63,70,Carlisle United,950000.0,3000.0,CM
N. Guinness-Walker,21,England,63,72,AFC Wimbledon,1000000.0,1000.0,LB
M. Diarra,20,France,63,76,Toulouse Football Club,1100000.0,1000.0,LWB
D. Bakwa,18,France,63,75,FC Girondins de Bordeaux,1100000.0,2000.0,LW
Y. Osée,24,Germany,63,68,SV Meppen,650000.0,500.0,CB
F. Egerer,23,Germany,63,69,SV Meppen,700000.0,500.0,CDM
B. Santelli,29,France,63,63,SC Bastia,475000.0,1000.0,LM
S. Conteh,24,Germany,63,66,1. FC Magdeburg,650000.0,1000.0,RW
J. Passaglia,32,Argentina,63,63,AFC UTA Arad,375000.0,2000.0,CM
M. Rohr,26,Germany,63,65,Hamburger SV,525000.0,3000.0,CDM
P. Koronkiewicz,30,Germany,63,63,Viktoria Köln,425000.0,1000.0,RB
B. Mitchell,20,England,63,72,Millwall,1000000.0,2000.0,CM
L. Vázquez,20,Argentina,63,78,Boca Juniors,1200000.0,3000.0,ST
F. Greilinger,20,Germany,63,78,TSV 1860 München,1200000.0,700.0,LM
A. Colpani,22,Italy,63,74,AC Monza,1100000.0,1000.0,CM
João Gonçalves,20,Portugal,63,73,Boavista FC,900000.0,2000.0,GK
Luís Phelipe,20,Brazil,63,74,FC Lugano,1100000.0,5000.0,LW
Y. Bilingi,22,France,63,70,En Avant de Guingamp,925000.0,2000.0,RB
F. Azaz,20,England,63,74,Newport County,1000000.0,9000.0,CM
Berto Hórreo,21,Spain,63,75,Real Oviedo,1000000.0,1000.0,GK
Rúben Fonseca,21,Portugal,63,73,CD Tondela,1100000.0,1000.0,ST
Sergio Lozano,22,Spain,63,73,Villarreal CF,1100000.0,5000.0,CM
R. Tachie,22,Germany,63,68,Borussia Dortmund II,750000.0,1000.0,ST
João Pedro,24,Portugal,63,70,FC Paços de Ferreira,975000.0,2000.0,ST
M. Senger,21,Germany,63,72,1. FC Kaiserslautern,1000000.0,3000.0,CB
Hélder Baldé,22,Portugal,63,70,FC Lugano,900000.0,2000.0,CB
N. Woltemade,19,Germany,63,76,SV Werder Bremen,1100000.0,2000.0,ST
C. Cresswell,18,England,63,81,Leeds United,1100000.0,4000.0,CB
M. Ovejero,34,Argentina,63,63,Club Always Ready,230000.0,500.0,ST
C. Drameh,19,England,63,80,Leeds United,1200000.0,7000.0,RB
A. Marinelli,22,Argentina,63,75,Rosario Central,1200000.0,3000.0,LM
F. Ibarra,20,Argentina,63,75,Atlanta United,1200000.0,1000.0,CM
A. Boutoutaou,20,France,63,79,Valenciennes FC,1300000.0,1000.0,CAM
Bubacar Djaló,24,Portugal,63,71,HJK Helsinki,1000000.0,500.0,CDM
L. Tramoni,18,France,63,76,Cagliari,1100000.0,2000.0,RM
F. Lo Celso,21,Argentina,63,77,Rosario Central,1200000.0,3000.0,CAM
S. Jasper,20,England,63,78,Colchester United,1200000.0,8000.0,LM
Danny Henriques,23,Portugal,63,72,Belenenses SAD,1000000.0,1000.0,CB
G. Gohlke,22,Germany,63,76,SV Waldhof Mannheim 07,1100000.0,800.0,CB
S. Ramírez,20,Argentina,63,78,Club Atlético Huracán,1200000.0,2000.0,RM
Pedro Amador,22,Portugal,63,73,Moreirense FC,1000000.0,2000.0,LB
Rafael Pereira,21,Brazil,63,76,Al Ain FC,1100000.0,500.0,CB
Jony Álamo,19,Spain,63,79,Elche CF,1200000.0,2000.0,CDM
G. Di Serio,19,Italy,63,75,Benevento,1100000.0,2000.0,ST
E. Roldán,20,Argentina,63,72,Unión de Santa Fe,1100000.0,2000.0,RW
F. Versaci,19,Argentina,63,74,Vélez Sarsfield,1000000.0,2000.0,LW
N. Bruneel,24,France,63,70,USL Dunkerque,950000.0,1000.0,CM
D. Cirkin,19,England,63,77,Sunderland,1100000.0,1000.0,LB
D. Boudaud,34,France,63,63,USL Dunkerque,230000.0,2000.0,RM
M. Müller,29,Germany,63,63,1. FC Saarbrücken,425000.0,1000.0,LB
J. Kadile,18,France,63,78,Stade Rennais FC,1100000.0,4000.0,LW
L. Ugochukwu,17,France,63,80,Stade Rennais FC,1200000.0,1000.0,CM
O. Traoré,23,Germany,63,68,VfL Osnabrück,675000.0,1000.0,RB
P. Steinwender,24,Germany,63,66,Sportclub Verl,650000.0,550.0,RM
S. Muratore,23,Italy,63,71,CD Tondela,1100000.0,8000.0,CM
A. Becker,24,Germany,63,68,SSV Jahn Regensburg,725000.0,2000.0,ST
J. Olschowsky,19,Germany,63,80,Borussia Mönchengladbach,1100000.0,2000.0,GK
R. Lozano,23,Argentina,63,70,Club Atlético Huracán,925000.0,2000.0,RB
S. Benchamma,21,France,63,74,Chamois Niortais Football Club,1000000.0,1000.0,CDM
Manu Molina,22,Spain,63,71,SD Huesca,1100000.0,2000.0,RM
C. Pastina,20,Italy,63,75,Benevento,1100000.0,2000.0,CB
C. Hall,28,England,63,65,Harrogate Town,475000.0,3000.0,CB
A. Martin,29,England,63,63,Harrogate Town,475000.0,3000.0,ST
M. Schroers,19,Germany,63,75,Borussia Mönchengladbach,1100000.0,3000.0,LM
B. Brahimi,21,France,63,77,Angers SCO,1200000.0,4000.0,LW
A. Cantero,23,Argentina,63,70,Godoy Cruz,975000.0,2000.0,ST
Luis Carbonell,18,Spain,63,81,Real Madrid CF,1200000.0,1000.0,ST
S. Cocimano,21,Argentina,63,75,Gimnasia y Esgrima La Plata,1200000.0,3000.0,ST
M. Llano,21,Argentina,63,72,Godoy Cruz,1000000.0,2000.0,RB
Kewin,26,Brazil,63,68,Moreirense FC,550000.0,2000.0,GK
Derik Lacerda,21,Brazil,63,68,Moreirense FC,750000.0,2000.0,ST
M. Schikora,26,Germany,63,66,FSV Zwickau,575000.0,700.0,CDM
G. Touré,27,France,63,63,Carlisle United,500000.0,3000.0,LW
Miullen,23,Brazil,63,72,Gil Vicente FC,1100000.0,2000.0,ST
A. Azhil,20,Germany,63,74,RKC Waalwijk,1000000.0,6000.0,CDM
N. Banegas,24,Argentina,63,67,Club Atlético Central Córdoba,650000.0,2000.0,LB
Gonçalo Franco,20,Portugal,63,68,Moreirense FC,725000.0,2000.0,CAM
Toti,22,Portugal,63,70,Grasshopper Club Zürich,900000.0,11000.0,CB
Javier Izquierdo,20,Spain,63,76,Real Sporting de Gijón,1000000.0,1000.0,GK
Zé Carlos,22,Portugal,63,72,Gil Vicente FC,1000000.0,2000.0,RB
T. Siersleben,21,Germany,63,75,1. FC Heidenheim 1846,1100000.0,7000.0,CB
Francisco Teixeira,23,Portugal,63,72,Belenenses SAD,1100000.0,1000.0,CAM
Clau Mendes,20,Spain,63,76,Unión Deportiva Las Palmas,1200000.0,2000.0,ST
L. Barry,18,England,63,84,Ipswich Town,1500000.0,5000.0,ST
A. Sabella,20,Argentina,63,75,San Lorenzo de Almagro,1200000.0,2000.0,CM
Rodrigo Gomes,17,Portugal,63,83,SC Braga,1300000.0,650.0,RW
Lanchi,20,Spain,63,75,Villarreal CF,1100000.0,4000.0,RB
M. Bajamich,21,Argentina,63,75,Houston Dynamo,1200000.0,2000.0,RW
C. Chukwuemeka,17,England,63,84,Aston Villa,1500000.0,1000.0,CAM
Zarzana,19,Spain,63,78,Sevilla FC,1100000.0,3000.0,RM
Nico Serrano,18,Spain,63,81,Athletic Club de Bilbao,1200000.0,2000.0,LW
T. Breithaupt,19,Germany,63,74,Karlsruher SC,975000.0,2000.0,CDM
Ángel Jiménez,19,Spain,63,76,Granada CF,1000000.0,1000.0,GK
F. Da Silva,18,France,63,79,Olympique Lyonnais,1200000.0,4000.0,CM
L. Mouyokolo,20,France,63,73,FC Lorient,975000.0,3000.0,CB
L. Brumme,21,Germany,63,68,SV Wehen Wiesbaden,750000.0,1000.0,LM
Svensson,19,Spain,63,79,RCD Espanyol de Barcelona,1300000.0,2000.0,ST
Urko González,20,Spain,63,76,Real Sociedad B,1100000.0,1000.0,CB
G. Torres,21,Argentina,63,75,Club Atlético Talleres,1200000.0,2000.0,CAM
Iker Recio,20,Spain,63,77,Rayo Vallecano,1100000.0,3000.0,CB
R. Cabral,20,Argentina,63,73,Club Atlético Huracán,1100000.0,2000.0,RW
K. Schade,19,Germany,63,76,Sport-Club Freiburg,1100000.0,4000.0,CF
D. Scarlett,17,England,63,86,Tottenham Hotspur,1500000.0,3000.0,ST
M. Rogoski,27,Argentina,63,64,Arsenal de Sarandí,550000.0,2000.0,CM
R. Sangiovani,23,Argentina,63,70,Rosario Central,925000.0,3000.0,RB
J. Giani,22,Argentina,63,71,Newell's Old Boys,1100000.0,3000.0,LM
D. Giménez,24,Argentina,63,71,Club Bolívar,1000000.0,500.0,CDM
L. Bate,18,England,63,83,Leeds United,1300000.0,5000.0,CM
N. Iribarren,33,Argentina,63,63,Platense,230000.0,3000.0,CB
R. Morales,27,Argentina,63,63,Club Deportivo Jorge Wilstermann,450000.0,500.0,CDM
J. Lencinas,33,Argentina,63,63,Club Atlético Palmaflor,230000.0,500.0,CB
S. Rosane,21,Argentina,63,75,San Lorenzo de Almagro,1100000.0,2000.0,CDM
R. Sordo,21,Argentina,63,75,Newell's Old Boys,1200000.0,2000.0,RM
M. Aydin,19,Germany,63,77,FC Schalke 04,1100000.0,1000.0,RWB
A. Bustos,22,Argentina,63,74,Atlético Tucumán,1100000.0,2000.0,CM
O. El Hilali,17,Spain,63,81,RCD Espanyol de Barcelona,1100000.0,500.0,RB
K. Nagera,19,France,63,80,SC Bastia,1300000.0,8000.0,ST
Juninho Rocha,23,Brazil,63,70,Club Atlético Rentistas,975000.0,500.0,RW
Álex Cardero,17,Spain,63,82,Real Oviedo,1200000.0,500.0,CM
M. Estève,19,France,63,76,Montpellier Hérault SC,1100000.0,2000.0,CB
A. Ba,17,France,63,76,Le Havre AC,1100000.0,500.0,CM
T. Galván,21,Argentina,63,75,River Plate,1200000.0,3000.0,CAM
Mini,22,Spain,63,74,Atlético de Madrid,1100000.0,8000.0,CM
Miki Muñoz,26,Spain,63,66,Burgos CF,625000.0,2000.0,CM
Marcelo Machado,22,Brazil,63,70,FC Vizela,925000.0,1000.0,CDM
Fernando Castro,24,Brazil,63,69,FC Arouca,625000.0,1000.0,GK
Aldalur,29,Spain,63,63,SD Amorebieta,425000.0,2000.0,RB
Koldo Obieta,27,Spain,63,64,SD Amorebieta,550000.0,2000.0,ST
Iñigo Orozco,28,Spain,63,63,SD Amorebieta,500000.0,2000.0,ST
Iñaki Recio,21,Spain,63,73,Real Sociedad B,1000000.0,1000.0,LB
Ander Martín,20,Spain,63,75,Real Sociedad B,1200000.0,1000.0,RM
F. Pfanne,26,Germany,63,65,Borussia Dortmund II,525000.0,1000.0,CDM
K. Ezekwem,20,Germany,63,75,Sport-Club Freiburg,1100000.0,4000.0,CB
N. Weißhaupt,19,Germany,63,76,Sport-Club Freiburg,1100000.0,3000.0,LM
Leândro,32,Brazil,63,63,Radomiak Radom,375000.0,1000.0,RM
Miki Villar,24,Spain,63,70,UD Ibiza,975000.0,2000.0,ST
Ramón Juan,21,Spain,63,69,CD Mirandés,625000.0,950.0,GK
N. Tasky,30,Germany,63,63,TSV Havelse,400000.0,500.0,CB
T. Fölster,27,Germany,63,65,TSV Havelse,500000.0,500.0,CB
D. Cicek,28,Germany,63,63,TSV Havelse,475000.0,600.0,CAM
K. Schumacher,23,Germany,63,71,F.C. Hansa Rostock,1100000.0,2000.0,LW
Imanol,20,Spain,63,75,CD Mirandés,1100000.0,3000.0,LB
F. Kleinhansl,20,Germany,63,74,VfL Osnabrück,1000000.0,900.0,LB
João Miguel,27,Portugal,63,64,Campionii FC Arges,475000.0,2000.0,CB
I. Gharbi,17,France,63,80,Paris Saint-Germain,1200000.0,3000.0,LW
M. Mansilla,25,Argentina,63,67,Patronato,525000.0,2000.0,GK
Alberto Toril,24,Spain,63,67,Piast Gliwice,700000.0,2000.0,ST
Renato Júnior,19,Brazil,63,78,Portimonense SC,1100000.0,1000.0,ST
J. Bongard,19,Germany,63,79,Borussia Mönchengladbach,1200000.0,3000.0,CB
C. Rushworth,19,England,63,80,Walsall,1100000.0,1000.0,GK
K. Serber,22,France,63,68,Toulouse Football Club,725000.0,2000.0,CM
V. Barco,16,Argentina,63,83,Boca Juniors,1300000.0,500.0,LB
F. Russo,20,Argentina,63,72,Platense,1100000.0,2000.0,RM
B. Leyes,19,Argentina,63,73,Godoy Cruz,1000000.0,1000.0,CM
Rodrigo Guth,20,Brazil,63,72,N.E.C. Nijmegen,975000.0,6000.0,CB
Neskes,19,Spain,63,76,FC Cartagena,1100000.0,1000.0,CM
Rafa Santos,24,Portugal,63,70,Belenenses SAD,950000.0,1000.0,CM
Herculano,17,Portugal,63,80,Vitória de Guimarães,1200000.0,500.0,ST
L. Vega,22,Argentina,63,71,AD Alcorcón,1100000.0,2000.0,CM
Agirrezabala,20,Spain,63,77,Athletic Club de Bilbao,1000000.0,2000.0,GK
Pablo Gálvez,19,Spain,63,78,RCD Mallorca,1100000.0,3000.0,ST
Torrente,19,Spain,63,79,Granada CF,1200000.0,2000.0,CB
Llabrés,19,Spain,63,81,RCD Mallorca,1200000.0,3000.0,LM
Iker Benito,18,Spain,63,75,CA Osasuna,1100000.0,2000.0,RM
Luis López,20,Spain,63,76,Real Madrid CF,1000000.0,11000.0,GK
Naim García,19,Spain,63,78,CD Leganés,1100000.0,1000.0,RM
Raúl Caballero,20,Spain,63,77,Unión Deportiva Almería,1200000.0,2000.0,ST
Geovani,20,Brazil,63,75,Futebol Clube de Famalicão,1200000.0,2000.0,RW
André Ricardo,20,Portugal,63,73,Futebol Clube de Famalicão,1100000.0,2000.0,CAM
Liberal,18,Portugal,63,75,Gil Vicente FC,1100000.0,1000.0,ST
T. Schumacher,23,Germany,63,68,SK Austria Klagenfurt,675000.0,2000.0,LB
Cássinho,28,Brazil,63,63,Mumbai City FC,475000.0,850.0,CAM
Dominic Vinícius,26,Brazil,63,66,Vejle Boldklub,625000.0,3000.0,ST
Gabri Martínez,18,Spain,63,79,Girona FC,1200000.0,900.0,RM
L. Damer,21,Germany,63,73,TSV Havelse,1100000.0,500.0,CAM
E. Vergani,20,Italy,63,73,US Salernitana 1919,1100000.0,7000.0,ST
Alisson Safira,26,Brazil,63,66,Belenenses SAD,625000.0,2000.0,ST
Tiago Matos,20,Portugal,63,72,Radomiak Radom,1000000.0,750.0,CDM
C. Porter,37,England,62,62,Crewe Alexandra,140000.0,2000.0,ST
M. Bloomfield,37,England,62,62,Wycombe Wanderers,130000.0,1000.0,CM
S. Brown,36,England,62,62,Exeter City,45000.0,1000.0,GK
T. Craig,36,England,62,62,Crawley Town,70000.0,2000.0,CB
J. Ortiz,37,Argentina,62,62,Arsenal de Sarandí,130000.0,2000.0,CM
M. Done,33,England,62,62,Rochdale,210000.0,2000.0,LB
G. Coulibaly,35,France,62,62,SC Bastia,110000.0,800.0,CDM
J. Grounds,33,England,62,62,Exeter City,190000.0,2000.0,CB
J. Brown,32,England,62,62,Bristol Rovers,275000.0,2000.0,LB
L. Prosser,33,England,62,62,Stevenage,190000.0,2000.0,CB
C. Skuse,35,England,62,62,Colchester United,110000.0,2000.0,CDM
E. Upson,31,England,62,62,Newport County,325000.0,3000.0,CM
N. Maynard,34,England,62,62,Tranmere Rovers,190000.0,2000.0,ST
C. Taborda,37,Argentina,62,62,Club Atlético Central Córdoba,45000.0,1000.0,GK
L. Kerry,32,England,62,62,Harrogate Town,325000.0,2000.0,CM
A. Williams,34,England,62,62,Cheltenham Town,190000.0,2000.0,ST
B. Nehrig,34,Germany,62,62,FC Viktoria 1889 Berlin,140000.0,800.0,CDM
M. Jones,33,England,62,62,Barrow,240000.0,2000.0,CM
R. O'Donnell,32,England,62,62,Bradford City,200000.0,3000.0,GK
C. Daniel,33,England,62,62,Exeter City,210000.0,2000.0,LB
M. Baudry,33,France,62,62,Swindon Town,190000.0,3000.0,CB
T. Elliott,30,England,62,62,Salford City,400000.0,4000.0,ST
E. Parish,31,England,62,62,St. Johnstone FC,210000.0,1000.0,GK
N. Featherstone,32,England,62,62,Hartlepool United,275000.0,2000.0,CDM
M. Ellis,32,England,62,62,Barrow,250000.0,2000.0,CB
N. Delfouneso,30,England,62,62,Bolton Wanderers,400000.0,2000.0,ST
C. Eastmond,30,England,62,62,Sutton United,375000.0,2000.0,CM
F. Sears,31,England,62,62,Colchester United,325000.0,3000.0,ST
K. Dennis,31,England,62,62,St. Mirren,325000.0,2000.0,ST
F. Riedel,31,Germany,62,62,TSV Havelse,275000.0,500.0,CB
J. Clarke,29,England,62,62,Oldham Athletic,325000.0,2000.0,CB
S. Bennett,30,England,62,62,Newport County,375000.0,3000.0,CM
J. Payne,29,England,62,62,Crawley Town,400000.0,3000.0,CM
J. Kotzke,31,Germany,62,62,FC Ingolstadt 04,275000.0,3000.0,CDM
L. Ridehalgh,30,England,62,62,Bradford City,350000.0,4000.0,LB
H. Davis,29,England,62,62,Scunthorpe United,325000.0,3000.0,CB
H. Beautyman,29,England,62,62,Sutton United,400000.0,2000.0,CM
A. Tutte,30,England,62,62,Bolton Wanderers,325000.0,2000.0,CDM
K. Mellor,30,England,62,62,Carlisle United,350000.0,2000.0,RB
B. Coker,32,England,62,62,Stevenage,275000.0,2000.0,LB
R. McDonald,29,England,62,62,Carlisle United,325000.0,2000.0,CB
O. Banks,28,England,62,62,Barrow,400000.0,2000.0,CM
M. Könnecke,32,Germany,62,62,FSV Zwickau,325000.0,700.0,CAM
L. Young,28,England,62,62,Wrexham AFC,350000.0,500.0,CDM
C. Ripley,28,England,62,64,Preston North End,350000.0,5000.0,GK
A. Berardi,30,Italy,62,62,Hellas Verona,275000.0,4000.0,GK
Elton Monteiro,27,Portugal,62,62,FC Lausanne-Sport,375000.0,3000.0,CB
G. Taft,27,England,62,63,Scunthorpe United,400000.0,3000.0,CB
J. Reeves,28,England,62,62,Stevenage,400000.0,2000.0,CM
L. Norris,28,England,62,62,Stevenage,400000.0,2000.0,ST
E. Whitehouse,27,England,62,63,Forest Green Rovers,450000.0,4000.0,CM
B. Kiernan,28,England,62,62,Walsall,400000.0,3000.0,LM
H. Bunn,28,England,62,62,Scunthorpe United,400000.0,3000.0,LM
L. O'Neil,27,England,62,62,Cambridge United,425000.0,2000.0,CM
A. Hahn,28,Germany,62,64,FC Viktoria 1889 Berlin,400000.0,850.0,CB
S. Benyamina,31,Germany,62,62,FC Viktoria 1889 Berlin,325000.0,950.0,ST
Álex Serrano,26,Spain,62,65,Górnik Łęczna,525000.0,1000.0,CAM
B. Dickenson,28,England,62,62,Carlisle United,400000.0,3000.0,LW
M. Armellino,31,Italy,62,62,AC Monza,325000.0,1000.0,CM
N. Knight-Percival,34,England,62,62,Tranmere Rovers,130000.0,2000.0,CB
P. Sprint,28,Germany,62,64,FC Viktoria 1889 Berlin,350000.0,700.0,GK
H. Zuck,30,Germany,62,62,1. FC Kaiserslautern,350000.0,1000.0,LB
K. Wallace,26,England,62,65,Burton Albion,475000.0,1000.0,LB
L. Hendrie,26,England,62,62,Hartlepool United,400000.0,2000.0,RB
F. Flückiger,30,Germany,62,62,Türkgücü München,275000.0,1000.0,GK
Ü. Tosun,28,Germany,62,62,Türkgücü München,400000.0,1000.0,CM
S. Braun-Schumacher,32,Germany,62,62,SC Freiburg II,250000.0,950.0,CB
R. Oates,26,England,62,64,Mansfield Town,500000.0,4000.0,ST
J. Hanson,25,England,62,66,Oxford United,525000.0,2000.0,RB
B. Walker,25,England,62,67,Port Vale,575000.0,2000.0,CM
J. Wilson,25,England,62,65,Port Vale,525000.0,3000.0,ST
T. Dallison,25,England,62,67,Crawley Town,525000.0,2000.0,CB
B. Killip,25,England,62,68,Hartlepool United,500000.0,2000.0,GK
D. Ferguson,27,England,62,63,Hartlepool United,425000.0,2000.0,LWB
L. John,27,England,62,64,Sutton United,425000.0,2000.0,CB
D. Jones,26,England,62,64,Port Vale,450000.0,2000.0,LB
S. Sané,28,Germany,62,62,FC Würzburger Kickers,400000.0,2000.0,ST
L. Rinaldi,27,Argentina,62,63,Club Atlético Aldosivi,475000.0,3000.0,ST
J. Jesgarzewski,27,Germany,62,63,SV Meppen,425000.0,550.0,RB
S. Matthews,24,England,62,66,Crawley Town,575000.0,2000.0,RM
F. Dornebusch,26,Germany,62,64,Fortuna Sittard,375000.0,2000.0,GK
H. McGahey,25,England,62,66,Oldham Athletic,500000.0,2000.0,CB
G. Guerrieri,25,Italy,62,66,US Salernitana 1919,425000.0,5000.0,GK
C. Burton,24,England,62,66,Plymouth Argyle,450000.0,2000.0,GK
H. Lewis,23,England,62,72,Southampton,775000.0,6000.0,GK
N. Smith,25,England,62,65,Port Vale,475000.0,2000.0,CB
J. Rose,26,England,62,66,Walsall,425000.0,2000.0,GK
F. Rawson,24,England,62,67,Mansfield Town,550000.0,3000.0,CB
R. Fallowfield,25,England,62,67,Harrogate Town,550000.0,2000.0,RB
L. Ward,24,England,62,67,Swindon Town,475000.0,2000.0,GK
S. Kroll,24,Germany,62,70,SV Darmstadt 98,775000.0,2000.0,GK
D. Telford,24,England,62,67,Newport County,600000.0,2000.0,ST
N. Dekoké,25,France,62,65,US Quevilly Rouen Métropole,475000.0,1000.0,LB
L. McGee,25,England,62,66,Forest Green Rovers,425000.0,3000.0,GK
D. Sommariva,23,Italy,62,69,AC Monza,675000.0,650.0,GK
Douglas Oliveira,26,Brazil,62,64,Hokkaido Consadole Sapporo,500000.0,1000.0,ST
M. Shelton,24,England,62,67,Hartlepool United,600000.0,2000.0,CM
M. Romero,25,Argentina,62,65,Argentinos Juniors,525000.0,2000.0,CM
C. Senior,24,England,62,67,Newport County,600000.0,2000.0,RM
L. Paolucci,24,Italy,62,67,Royale Union Saint-Gilloise,600000.0,3000.0,CM
J. Flores,25,England,62,67,Northampton Town,575000.0,4000.0,CM
R. Pereira de Sa,24,France,62,66,FC Nantes,575000.0,4000.0,CM
W. McDonald,24,England,62,67,Morecambe,600000.0,2000.0,LM
H. Burgoyne,24,England,62,68,Shrewsbury Town,500000.0,1000.0,GK
M. Hober,25,Germany,62,65,Borussia Dortmund II,525000.0,950.0,CAM
J. Clarke,31,England,62,62,Newport County,275000.0,2000.0,CB
C. Slattery,22,England,62,74,Motherwell,925000.0,1000.0,CDM
R. Cundy,24,England,62,70,Bristol City,825000.0,5000.0,CB
H. McKirdy,24,England,62,66,Swindon Town,575000.0,3000.0,LW
J. Amaluzor,24,England,62,66,Motherwell,575000.0,1000.0,RM
D. Duhaney,22,England,62,72,Stoke City,850000.0,4000.0,RWB
Marlon Barninho,33,Brazil,62,62,Cuiabá,130000.0,2000.0,GK
Dêniro Prestes,21,Brazil,62,62,Ceará Sporting Club,475000.0,2000.0,ST
Raullino Meneses,21,Brazil,62,62,Cuiabá,425000.0,2000.0,CDM
M. Festa,29,Italy,62,62,Crotone,275000.0,2000.0,GK
A. Pattison,23,England,62,68,Harrogate Town,625000.0,2000.0,CM
G. Osho,22,England,62,72,Luton Town,825000.0,2000.0,CB
M. McGuane,22,England,62,71,Oxford United,900000.0,2000.0,CM
J. Hopcutt,29,England,62,62,Oldham Athletic,400000.0,3000.0,LW
B. Sambou,23,Germany,62,67,Fortuna Sittard,600000.0,2000.0,ST
Etxaburu,27,Spain,62,62,SD Amorebieta,425000.0,2000.0,LM
O. Hawkins,29,England,62,62,Mansfield Town,400000.0,4000.0,ST
J. Maddox,22,England,62,73,Burton Albion,900000.0,2000.0,CAM
N. Klinger,25,Germany,62,67,VfL Wolfsburg,475000.0,7000.0,GK
P. Kalambayi,21,England,62,74,AFC Wimbledon,925000.0,1000.0,CB
M. Doucouré,23,France,62,71,Borussia Mönchengladbach,825000.0,4000.0,CB
F. Arkenberg,25,Germany,62,65,TSV Havelse,475000.0,500.0,CB
M. Platt,23,England,62,69,Barrow,750000.0,2000.0,CB
A. Nadesan,26,England,62,63,Crawley Town,475000.0,3000.0,ST
N. Rieble,25,Germany,62,65,SV Wehen Wiesbaden,475000.0,2000.0,CB
A. Condé,24,Germany,62,69,1. FC Magdeburg,800000.0,900.0,CM
M. Jansen,28,Germany,62,63,FSV Zwickau,375000.0,650.0,CDM
M. Welch-Hayes,24,England,62,67,Colchester United,550000.0,2000.0,RB
S. Schreck,22,Germany,62,73,FC Erzgebirge Aue,900000.0,2000.0,CM
J. Gibbons,23,England,62,69,Port Vale,750000.0,2000.0,RB
M. Cabit,28,France,62,62,FC Metz,350000.0,3000.0,LB
Amorrortu,25,Spain,62,67,SD Amorebieta,600000.0,2000.0,ST
C. John,21,England,62,73,Doncaster Rovers,850000.0,2000.0,LB
J. Brown,23,England,62,69,St. Johnstone FC,750000.0,1000.0,RWB
D. Nlundulu,22,England,62,73,Lincoln City,900000.0,9000.0,ST
J. Vokins,21,England,62,74,Ross County FC,950000.0,6000.0,LB
D. Keillor-Dunn,23,England,62,67,Oldham Athletic,600000.0,2000.0,ST
O. Patrick,25,England,62,65,Burton Albion,525000.0,2000.0,ST
R. Loft,23,England,62,68,Scunthorpe United,625000.0,3000.0,ST
J. Kay,24,England,62,67,Barrow,550000.0,2000.0,LWB
Y. Severin,24,France,62,66,Servette FC,525000.0,3000.0,CB
F. Melegoni,22,Italy,62,73,Genoa,900000.0,7000.0,CM
L. Banks,24,England,62,67,Sligo Rovers,550000.0,500.0,RB
A. Domínguez,24,Argentina,62,69,Gimnasia y Esgrima La Plata,800000.0,3000.0,ST
B. Fleming,21,England,62,71,Hull City,850000.0,2000.0,LB
D. Happe,22,England,62,71,Leyton Orient,825000.0,2000.0,CB
R. Nartey,22,England,62,73,Mansfield Town,825000.0,5000.0,CB
E. Massouema,24,France,62,69,ESTAC Troyes,800000.0,3000.0,CM
M. Melbourne,22,England,62,69,Stevenage,775000.0,2000.0,LB
N. Knothe,22,Germany,62,70,1. FC Nürnberg,825000.0,2000.0,CB
Nuno da Silva,27,Portugal,62,62,Grasshopper Club Zürich,425000.0,3000.0,RM
J. Gordon,26,England,62,63,Barrow,475000.0,2000.0,RW
W. Smith,22,England,62,69,Harrogate Town,750000.0,2000.0,CB
M. Karwot,28,Germany,62,63,Radomiak Radom,375000.0,950.0,CDM
L. Watkowiak,25,Germany,62,67,FC St. Gallen 1879,475000.0,2000.0,GK
R. Clampin,22,England,62,71,Colchester United,850000.0,2000.0,LWB
P. Kapp,23,Germany,62,68,FC Viktoria 1889 Berlin,575000.0,700.0,CB
D. Lloyd,29,England,62,62,Gillingham,400000.0,2000.0,LW
Bruno Jordão,22,Portugal,62,73,Wolverhampton Wanderers,900000.0,10000.0,CM
J. Earing,22,England,62,70,Walsall,900000.0,3000.0,CAM
A. Gnahoua,29,France,62,62,Morecambe,400000.0,2000.0,ST
C. Whelan,22,England,62,69,Oldham Athletic,800000.0,2000.0,CM
C. Lakin,22,England,62,72,Burton Albion,900000.0,1000.0,CM
R. Muhammed,27,France,62,63,Sarpsborg 08 FF,475000.0,1000.0,ST
P. Sussek,21,Germany,62,73,FC Ingolstadt 04,900000.0,3000.0,LM
M. Olivieri,22,Italy,62,73,Lecce,900000.0,900.0,ST
Marcos Lavín,24,Spain,62,67,FC Voluntari,475000.0,750.0,GK
Boubacar Hanne,22,Portugal,62,74,Gil Vicente FC,975000.0,2000.0,RW
B. Galván,20,Argentina,62,77,Colorado Rapids,950000.0,1000.0,LM
K. Bennetts,22,England,62,70,Borussia Mönchengladbach,900000.0,4000.0,RM
L. Tempelmann,22,Germany,62,71,1. FC Nürnberg,900000.0,4000.0,CM
D. Smarsch,22,Germany,62,74,FC St. Pauli,850000.0,2000.0,GK
D. Mercado,24,Argentina,62,69,Club Atlético Huracán,750000.0,2000.0,CDM
M. Benger,22,Germany,62,69,Holstein Kiel,750000.0,4000.0,CDM
M. Virtue,24,England,62,68,Blackpool,625000.0,2000.0,CM
X. Amaechi,20,England,62,76,Bolton Wanderers,950000.0,2000.0,RW
Y. Fofana,20,France,62,75,Le Havre AC,850000.0,850.0,GK
A. Traoré,20,France,62,78,Parma,1000000.0,4000.0,RM
T. Sang,22,England,62,72,Cardiff City,850000.0,5000.0,RWB
S. Asta,20,Germany,62,75,SpVgg Greuther Fürth,925000.0,3000.0,RB
M. Shabani,22,Germany,62,72,Wolverhampton Wanderers,900000.0,10000.0,CAM
Alfon,22,Spain,62,73,RC Celta de Vigo,900000.0,4000.0,ST
P. Marie,26,France,62,65,San Jose Earthquakes,475000.0,1000.0,RB
Y. Begraoui,19,France,62,76,Toulouse Football Club,950000.0,900.0,RM
S. Mulattieri,20,Italy,62,79,Crotone,1100000.0,2000.0,ST
C. Parano,21,Argentina,62,71,FC Paços de Ferreira,900000.0,2000.0,LM
César Gelabert,20,Spain,62,78,CD Mirandés,1000000.0,1000.0,CAM
M. Breunig,20,Germany,62,72,FC Würzburger Kickers,875000.0,1000.0,ST
F. Chabrolle,23,France,62,71,AC Ajaccio,875000.0,1000.0,CAM
R. Crichlow,22,England,62,72,Swindon Town,825000.0,2000.0,CB
S. High,20,England,62,76,Huddersfield Town,950000.0,2000.0,CM
C. Krempicki,26,Germany,62,63,1. FC Magdeburg,475000.0,1000.0,CM
M. Drammeh,22,France,62,70,Vejle Boldklub,850000.0,2000.0,CDM
D. Philipp,21,Germany,62,75,Viktoria Köln,975000.0,950.0,LM
L. Schneider,21,Germany,62,72,FC Würzburger Kickers,825000.0,3000.0,CB
D. Mellor,20,England,62,76,Salford City,975000.0,13000.0,ST
N. Plume,24,Germany,62,66,TSV Havelse,525000.0,500.0,CDM
A. Bakir,20,Germany,62,76,MSV Duisburg,950000.0,1000.0,CAM
J. Krahl,21,Germany,62,76,FC Viktoria 1889 Berlin,850000.0,500.0,GK
N. Quindt,24,Germany,62,66,TSV Havelse,450000.0,500.0,GK
K. Kaïboué,22,France,62,69,SC Bastia,775000.0,950.0,LB
E. Masciangelo,24,Italy,62,67,Benevento,550000.0,3000.0,LB
N. Wood,19,England,62,80,Hibernian,975000.0,2000.0,CB
I. Hutchinson,21,England,62,70,Derby County,900000.0,2000.0,CM
J. Bennett,19,England,62,79,Crewe Alexandra,1000000.0,7000.0,LM
H. White,19,England,62,80,Tottenham Hotspur,975000.0,6000.0,CDM
L. Matheson,18,England,62,81,Wolverhampton Wanderers,975000.0,3000.0,RWB
K. Ramsay,20,England,62,76,Crewe Alexandra,925000.0,6000.0,RB
J. Lankester,21,England,62,73,Cambridge United,900000.0,2000.0,RW
M. Siby,24,France,62,69,RC Strasbourg Alsace,750000.0,3000.0,CDM
Álex Pachón,20,Spain,62,76,Unión Deportiva Las Palmas,975000.0,2000.0,ST
T. Cissokho,21,France,62,69,US Quevilly Rouen Métropole,750000.0,2000.0,CB
A. Riccardi,20,Italy,62,77,Roma,950000.0,6000.0,CM
Ruan Teles,23,Brazil,62,66,Campionii FC Arges,575000.0,2000.0,ST
F. Nmecha,20,England,62,78,VfL Wolfsburg,1000000.0,7000.0,CAM
D. Drysdale,21,England,62,74,Coventry City,925000.0,3000.0,CB
Euclides Cabral,22,Portugal,62,71,FC St. Gallen 1879,850000.0,2000.0,RB
A. Glennon,21,England,62,70,Burnley,850000.0,4000.0,LB
V. Gembalies,21,Germany,62,68,MSV Duisburg,575000.0,1000.0,CB
L. Carnot,20,France,62,71,En Avant de Guingamp,875000.0,1000.0,CM
A. Rowe,20,England,62,74,Huddersfield Town,950000.0,2000.0,RW
Relu,23,Spain,62,72,Levante Unión Deportiva,825000.0,4000.0,CDM
T. Anjorin,19,England,62,80,FC Lokomotiv Moscow,1000000.0,5000.0,CAM
D. Ramaj,19,Germany,62,77,Eintracht Frankfurt,825000.0,1000.0,GK
B. Doukansy,21,France,62,71,Chamois Niortais Football Club,850000.0,950.0,CDM
S. Straudi,22,Italy,62,70,SV Werder Bremen,850000.0,2000.0,RB
B. Jackson,20,England,62,75,Huddersfield Town,925000.0,1000.0,LWB
T. Savin,20,England,62,68,Accrington Stanley,500000.0,600.0,GK
L. Dehl,19,Germany,62,73,1. FC Union Berlin,850000.0,3000.0,CAM
A. Lungwitz,20,Germany,62,74,FC Würzburger Kickers,925000.0,1000.0,LB
N. Galle,22,Germany,62,69,1. FC Saarbrücken,775000.0,1000.0,LB
J. Martin,19,England,62,77,Milton Keynes Dons,950000.0,4000.0,LM
J. Taylor,22,England,62,69,Port Vale,800000.0,2000.0,CM
C. Kinsombi,21,Germany,62,72,SV Sandhausen,900000.0,1000.0,RM
P. Osew,20,England,62,76,AFC Wimbledon,925000.0,1000.0,LWB
J. Eccles,21,England,62,75,Coventry City,925000.0,3000.0,CDM
Jeremy,21,Spain,62,73,CD Tenerife,850000.0,1000.0,LB
Irazábal,24,Spain,62,71,SD Amorebieta,825000.0,1000.0,CB
F. Heister,24,Germany,62,65,Viktoria Köln,500000.0,1000.0,RB
Rúben Ramos,22,Portugal,62,70,Moreirense FC,850000.0,2000.0,CDM
L. Clarkson,19,England,62,78,Blackburn Rovers,1000000.0,8000.0,CM
Matchoi Djaló,18,Portugal,62,76,FC Paços de Ferreira,925000.0,900.0,RW
J. Sylvestre-Brac,22,France,62,70,Grenoble Foot 38,850000.0,1000.0,RB
R. Sila,23,France,62,66,FC Botoşani,575000.0,2000.0,ST
A. Álvarez,21,Argentina,62,73,Godoy Cruz,850000.0,1000.0,RB
Carreira,20,Spain,62,76,CD Mirandés,925000.0,3000.0,RB
Tòfol Montiel,21,Spain,62,74,Fiorentina,975000.0,6000.0,CAM
R. Devine,19,England,62,78,St. Johnstone FC,1000000.0,8000.0,LWB
C. Ibañez,21,Argentina,62,73,Club Atlético Huracán,850000.0,2000.0,LB
M. Azeez,18,England,62,83,Portsmouth,1300000.0,4000.0,CM
A. Valério,21,France,62,71,Nîmes Olympique,900000.0,1000.0,CM
T. Doyle,19,England,62,81,Hamburger SV,1000000.0,2000.0,CM
S. Müller,20,Germany,62,75,Eintracht Braunschweig,975000.0,4000.0,ST
Tomás Castro,22,Portugal,62,73,Belenenses SAD,900000.0,1000.0,CAM
N. Nkounkou,20,France,62,78,Standard de Liège,1000000.0,8000.0,LB
Mario Rodríguez,24,Spain,62,68,Warta Poznań,625000.0,800.0,LM
J. Cruz,21,Argentina,62,72,Club Atlético Banfield,900000.0,2000.0,ST
G. Thomason,20,England,62,73,Bolton Wanderers,875000.0,2000.0,CM
N. Gorzel,22,Germany,62,68,Türkgücü München,600000.0,1000.0,CDM
Miguel Berry,23,Spain,62,68,Columbus Crew,625000.0,2000.0,ST
Carrasco,23,Spain,62,70,Cádiz CF,850000.0,4000.0,RB
S. Renel,19,France,62,72,Chamois Niortais Football Club,850000.0,800.0,CAM
I. May,23,Germany,62,68,Eintracht Braunschweig,575000.0,1000.0,CDM
L. Horn,22,Germany,62,70,FSV Zwickau,900000.0,2000.0,LM
T. Maciejewski,20,Germany,62,76,SK Austria Klagenfurt,950000.0,5000.0,RW
T. Lemperle,19,Germany,62,78,1. FC Köln,1000000.0,3000.0,RM
C. Viet,22,Germany,62,69,Borussia Dortmund II,750000.0,3000.0,CDM
D. Bansais,27,France,62,63,US Quevilly Rouen Métropole,425000.0,1000.0,RB
L. Bury,25,France,62,67,Pau FC,525000.0,1000.0,CB
K. Kurt,19,Germany,62,73,Borussia Mönchengladbach,825000.0,2000.0,RB
W. Omari,21,France,62,73,Stade Rennais FC,825000.0,5000.0,CB
J. Huysman,32,France,62,62,USL Dunkerque,275000.0,1000.0,CDM
D. Pike,19,England,62,77,Blackburn Rovers,900000.0,4000.0,RB
Jesús Ruiz,24,Spain,62,70,AD Alcorcón,775000.0,1000.0,GK
O. Schönfelder,20,Germany,62,76,SV Werder Bremen,950000.0,2000.0,LW
I. Doukouré,17,France,62,76,Valenciennes FC,850000.0,500.0,CB
A. Hausch,18,Argentina,62,79,San Lorenzo de Almagro,1000000.0,1000.0,LW
M. Picouleau,21,France,62,71,Valenciennes FC,900000.0,1000.0,CM
H. Rorig,21,Germany,62,70,1. FC Magdeburg,850000.0,650.0,RB
Z. Ibsen Rossi,20,England,62,74,AFC Bournemouth,925000.0,4000.0,RB
J. Flere,23,Argentina,62,69,Cádiz CF,675000.0,3000.0,GK
W. Bondo,17,France,62,80,AS Nancy Lorraine,1000000.0,500.0,CM
J. Wieckhoff,20,Germany,62,70,FC St. Pauli,825000.0,2000.0,RB
M. Brescianini,21,Italy,62,73,AC Monza,850000.0,700.0,CDM
W. Burrell,31,England,62,62,Harrogate Town,300000.0,2000.0,RB
J. Kersken,20,Germany,62,73,Borussia Mönchengladbach,750000.0,2000.0,GK
Victor Méndez,21,Spain,62,76,CD Tenerife,850000.0,900.0,GK
E. Dos Santos Haesler,22,Germany,62,70,FC Nordsjælland,775000.0,1000.0,GK
J. Pacchini,21,Argentina,62,70,Club Atlético Independiente,850000.0,2000.0,CDM
Júlio Romão,23,Brazil,62,68,Santa Clara,575000.0,1000.0,CDM
L. Stellwagen,22,Germany,62,68,Sportclub Verl,600000.0,500.0,LB
A. El Moukhantir,23,Germany,62,68,FK Austria Wien,625000.0,3000.0,RM
L. Lokotsch,25,Germany,62,66,FSV Zwickau,550000.0,700.0,ST
C. Boukhalfa,22,Germany,62,71,SSV Jahn Regensburg,850000.0,800.0,CDM
S. Damiani,23,Italy,62,73,Empoli,825000.0,6000.0,CDM
S. Drljača,22,Germany,62,70,Borussia Dortmund II,775000.0,600.0,GK
C. Herrmann,21,Germany,62,75,KV Kortrijk,975000.0,2000.0,ST
Diogo Silva,26,Brazil,62,66,Gil Vicente FC,500000.0,2000.0,CB
Pere Joan,19,Spain,62,81,RCD Mallorca,900000.0,1000.0,GK
Aitor Paredes,21,Spain,62,73,Athletic Club de Bilbao,825000.0,3000.0,CB
Trabanco,20,Spain,62,75,Real Sporting de Gijón,950000.0,1000.0,RM
Alfonso Pastor,20,Spain,62,72,Sevilla FC,750000.0,2000.0,GK
M. Coronel,22,Argentina,62,72,Argentinos Juniors,900000.0,2000.0,ST
Sergio Barcia,20,Spain,62,76,Granada CF,900000.0,3000.0,CB
Sola,20,Spain,62,74,Real Zaragoza,925000.0,1000.0,LB
Javi Hernández,20,Spain,62,72,Real Zaragoza,825000.0,1000.0,CB
Y. Soumaré,21,France,62,75,Dijon FCO,975000.0,8000.0,RW
M. Röhl,18,Germany,62,77,FC Ingolstadt 04,925000.0,1000.0,RM
Dylan Perera,18,Spain,62,81,CD Tenerife,1000000.0,650.0,CAM
I. Matanović,18,Germany,62,79,FC St. Pauli,1000000.0,2000.0,ST
J. Schuler,22,Germany,62,71,1. FC Magdeburg,900000.0,950.0,ST
Félix Alonso,20,Spain,62,74,CD Tenerife,950000.0,1000.0,CM
Lucas Maia,28,Brazil,62,63,Puebla FC,375000.0,2000.0,CB
Bruno Rodrigues,20,Portugal,62,75,SC Braga,900000.0,2000.0,CB
O. Heil,20,Germany,62,70,Go Ahead Eagles,875000.0,2000.0,LW
Roger,25,Brazil,62,66,AFC UTA Arad,550000.0,2000.0,ST
L. Kerber,19,Germany,62,75,1. FC Saarbrücken,900000.0,600.0,CDM
L. Besozzi,18,Argentina,62,79,Club Atlético Lanús,1000000.0,1000.0,LW
L. Assignon,21,France,62,76,Stade Rennais FC,950000.0,5000.0,RB
A. Nazih,19,France,62,74,Nîmes Olympique,825000.0,500.0,GK
P. Farquharson,24,England,62,68,Newport County,575000.0,2000.0,CB
De Tomás,20,Spain,62,75,Rayo Vallecano,950000.0,3000.0,LM
S. Shoretire,17,England,62,84,Manchester United,1200000.0,2000.0,RM
K. Sildillia,19,France,62,74,Sport-Club Freiburg,875000.0,2000.0,CB
N. Previtali,25,Argentina,62,67,Independiente del Valle,525000.0,500.0,CDM
F. Ferrero,25,Argentina,62,68,Club Atlético Sarmiento,500000.0,2000.0,GK
M. Sosa,19,Argentina,62,74,Club Atlético Talleres,950000.0,2000.0,RW
E. Sutherland,21,England,62,70,Atlético de Madrid,900000.0,1000.0,RM
B. Palazzo,20,Argentina,62,75,Gimnasia y Esgrima La Plata,900000.0,2000.0,CB
L. Mbete,17,England,62,82,Manchester City,1000000.0,700.0,CB
Hélder Sá,18,Portugal,62,77,Vitória de Guimarães,875000.0,550.0,LB
J. Eseiza,19,Argentina,62,73,Club Atlético Banfield,825000.0,1000.0,LWB
T. Livramento,18,England,62,80,Southampton,975000.0,2000.0,RB
N. Garayalde,21,Argentina,62,71,Vélez Sarsfield,900000.0,2000.0,CM
A. Richardson,19,France,62,73,Le Havre AC,800000.0,850.0,CDM
Chanza,23,Spain,62,71,UD Ibiza,775000.0,950.0,GK
Diego Guti,20,Spain,62,74,Unión Deportiva Las Palmas,900000.0,1000.0,CDM
S. Guibert,32,France,62,62,SC Bastia,250000.0,1000.0,CB
Sergi Cardona,21,Spain,62,69,Unión Deportiva Las Palmas,775000.0,1000.0,LB
Córdoba,26,Spain,62,67,Burgos CF,525000.0,1000.0,CB
Iker Bilbao,25,Spain,62,66,SD Amorebieta,550000.0,2000.0,CM
Dani Garrido,21,Spain,62,72,Real Sociedad B,900000.0,1000.0,CM
T. Gunte,24,Germany,62,67,FC Viktoria 1889 Berlin,550000.0,700.0,CB
L. Herrmann,22,Germany,62,70,SG Dynamo Dresden,900000.0,3000.0,CM
E. Kehrer,19,Germany,62,73,SC Freiburg II,875000.0,650.0,ST
M. Bokele,21,France,62,71,FC Girondins de Bordeaux,825000.0,3000.0,CB
V. Meien,23,Germany,62,68,TSV Havelse,575000.0,500.0,CDM
Lucas Covolan,30,Brazil,62,62,Port Vale,275000.0,2000.0,GK
F. Higl,24,Germany,62,68,VfL Osnabrück,625000.0,1000.0,ST
L. Kunze,23,Germany,62,68,VfL Osnabrück,625000.0,1000.0,CM
J. Ceka,21,Germany,62,71,1. FC Magdeburg,900000.0,750.0,CAM
V. Sapina,26,Germany,62,65,Sportclub Verl,475000.0,550.0,CDM
Y. Engelhardt,20,Germany,62,74,SC Freiburg II,900000.0,2000.0,CDM
L. Görlich,21,Germany,62,72,Eintracht Braunschweig,850000.0,1000.0,RB
Unai Rementería,21,Spain,62,69,CD Mirandés,800000.0,1000.0,CM
Fabio Blanco,17,Spain,62,83,Eintracht Frankfurt,1200000.0,600.0,RM
Y. Jaeschke,27,Germany,62,63,TSV Havelse,475000.0,550.0,ST
L. Meyer,29,Germany,62,62,TSV Havelse,400000.0,550.0,CAM
T. Zimmerschied,22,Germany,62,71,Hallescher FC,900000.0,850.0,RM
K. Faber,23,Germany,62,68,SSV Jahn Regensburg,625000.0,2000.0,RM
T. Dombrowa,21,Germany,62,67,SV Meppen,600000.0,500.0,LM
B. Ametov,22,Germany,62,68,SV Meppen,650000.0,500.0,LM
J. Fedl,22,Germany,62,69,SV Meppen,750000.0,500.0,CB
G. Miceli,23,Argentina,62,69,Club Atlético Banfield,750000.0,2000.0,CDM
Patrick,23,Brazil,62,67,FC Flyeralarm Admira,600000.0,2000.0,LW
Ángel López,18,Spain,62,74,Real Zaragoza,875000.0,550.0,RB
L. Lobato,20,Brazil,62,73,Vélez Sarsfield,875000.0,2000.0,LW
N. Piwernetz,21,Germany,62,69,TSV Havelse,775000.0,500.0,LWB
Volnei Feltes,21,Brazil,62,72,Estoril Praia,825000.0,1000.0,CB
Jójó,20,Portugal,62,68,Belenenses SAD,575000.0,950.0,RB
Bastida,17,Spain,62,80,Cádiz CF,950000.0,500.0,CDM
Pernambuco,23,Brazil,62,71,FK Bodø/Glimt,875000.0,1000.0,LW
H. Lawrence,19,England,62,78,AFC Wimbledon,1000000.0,850.0,RB
Edu Martínez,22,Spain,62,70,FC Cartagena,900000.0,1000.0,CAM
N. Pennington,22,Italy,62,69,Wellington Phoenix,800000.0,900.0,CM
Pedro Malheiro,20,Portugal,62,70,Boavista FC,825000.0,2000.0,RB
Vitinha,21,Portugal,62,72,SC Braga,900000.0,2000.0,ST
S. Baghdadi,23,France,62,66,Fortuna Sittard,575000.0,2000.0,ST
Antony,19,Brazil,62,77,FC Arouca,950000.0,900.0,CAM
S. Edozie,18,England,62,82,Manchester City,1100000.0,7000.0,LW
Lucas Esteves,21,Brazil,62,67,Colorado Rapids,575000.0,1000.0,LB
Paco Puertas,25,Spain,62,69,Burgos CF,725000.0,1000.0,CB
Jája Silva,22,Brazil,62,66,FC Botoşani,575000.0,2000.0,LW
Alan Godoy,18,Spain,62,79,Deportivo Alavés,1000000.0,2000.0,ST
Álvaro Bravo,23,Spain,62,70,Granada CF,875000.0,4000.0,CM
Alejandro Iturbe,17,Spain,62,81,Atlético de Madrid,875000.0,500.0,GK
Marcos,22,Spain,62,70,UD Ibiza,900000.0,1000.0,CAM
Pablo Valencia,20,Spain,62,71,CA Osasuna,750000.0,2000.0,GK
Kevin,20,Spain,62,77,Málaga CF,950000.0,1000.0,LM
David Cuenca,19,Spain,62,77,Unión Deportiva Almería,900000.0,10000.0,LB
H. Camara,19,France,62,76,En Avant de Guingamp,875000.0,850.0,CB
B. Young,18,England,62,80,Carlisle United,1000000.0,5000.0,ST
Alexandre Penetra,19,Portugal,62,74,Futebol Clube de Famalicão,875000.0,900.0,CB
M. Sponsel,19,Germany,62,77,1. FC Köln,900000.0,2000.0,RB
K. Zedadka,21,France,62,71,Royal Charleroi S.C.,900000.0,2000.0,LM
P. Strompf,23,Germany,62,68,Eintracht Braunschweig,575000.0,1000.0,CB
Rodrigo Valente,20,Portugal,62,71,Estoril Praia,875000.0,1000.0,CAM
S. Canestrelli,20,Italy,62,71,Crotone,825000.0,2000.0,CB
G. Evans,33,England,61,61,Bradford City,200000.0,4000.0,LM
G. Liddle,35,England,61,61,Hartlepool United,90000.0,2000.0,CB
R. Milsom,34,England,61,61,Sutton United,120000.0,2000.0,LB
G. Woods,30,England,61,61,Aberdeen,220000.0,1000.0,GK
M. Oxley,30,England,61,61,Harrogate Town,220000.0,2000.0,GK
S. Brisley,31,England,61,61,Wrexham AFC,220000.0,500.0,CB
D. Schmidt,34,Germany,61,61,MSV Duisburg,110000.0,1000.0,CB
F. Nouble,29,England,61,61,Colchester United,325000.0,3000.0,ST
Airam Cabrera,33,Spain,61,61,FC Goa,210000.0,500.0,ST
J. Proctor,29,England,61,61,Port Vale,325000.0,3000.0,ST
J. Reckord,29,England,61,61,Wrexham AFC,300000.0,500.0,LWB
A. Obileye,26,England,61,62,Livingston FC,350000.0,1000.0,CB
T. Dieng,29,France,61,61,Exeter City,325000.0,3000.0,CM
J. Maxted,27,England,61,65,Northampton Town,350000.0,3000.0,GK
L. James,26,England,61,62,Barrow,400000.0,2000.0,ST
J. Lynch,28,England,61,62,Rochdale,250000.0,2000.0,GK
R. Willmott,31,England,61,61,Newport County,275000.0,2000.0,RM
L. Angol,26,England,61,61,Bradford City,375000.0,4000.0,ST
L. Roberts,26,England,61,64,Northampton Town,325000.0,3000.0,GK
D. Conroy,25,England,61,64,Swindon Town,375000.0,3000.0,CB
H. White,26,England,61,62,Walsall,350000.0,3000.0,RB
B. Barry,26,England,61,63,Stevenage,375000.0,2000.0,RB
A. Kenyon,28,England,61,61,Scunthorpe United,300000.0,3000.0,CDM
J. Coleman,25,England,61,65,Rochdale,350000.0,1000.0,GK
H. Lennon,26,England,61,63,Wrexham AFC,350000.0,500.0,CB
D. Trichard,26,France,61,63,USL Dunkerque,375000.0,1000.0,LB
S. Nelson,25,England,61,65,Northampton Town,400000.0,3000.0,CB
S. Burgess,23,England,61,64,Port Vale,450000.0,2000.0,CM
F. Sollacaro,27,France,61,64,AC Ajaccio,325000.0,950.0,GK
D. Green,24,England,61,64,Scunthorpe United,450000.0,3000.0,LM
N. Atangana,31,France,61,61,Exeter City,275000.0,2000.0,CM
T. Watson,24,England,61,67,Milton Keynes Dons,475000.0,2000.0,RWB
M. Gargiulo,25,Italy,61,66,Lecce,475000.0,850.0,CM
T. Beadling,25,England,61,66,Barrow,475000.0,2000.0,CM
B. Ashley-Seal,22,England,61,72,Northampton Town,750000.0,3000.0,ST
T. Baack,22,Germany,61,70,Sportclub Verl,700000.0,2000.0,CDM
F. Lach,24,Germany,61,68,Sportclub Verl,600000.0,500.0,CB
S. Hornby,26,England,61,65,Bradford City,350000.0,3000.0,GK
M. Stevens,23,England,61,67,Forest Green Rovers,525000.0,3000.0,ST
Túlio Nevinha,21,Brazil,61,61,Juventude,350000.0,3000.0,CB
J. Wollacott,24,England,61,67,Swindon Town,425000.0,2000.0,GK
A. Wright,24,England,61,66,Sligo Rovers,500000.0,550.0,ST
J. Maguire,25,England,61,63,Tranmere Rovers,375000.0,2000.0,LB
J. Eastwood,24,England,61,69,Sheffield United,625000.0,3000.0,GK
A. Evans,22,England,61,70,Bristol Rovers,725000.0,2000.0,CAM
K. Gordon,23,England,61,67,Mansfield Town,475000.0,3000.0,RB
A. Rivero,23,Argentina,61,68,Arsenal de Sarandí,550000.0,1000.0,GK
T. Odusina,21,England,61,68,Hartlepool United,625000.0,2000.0,CB
M. Funk,25,Germany,61,65,SpVgg Greuther Fürth,350000.0,3000.0,GK
S. Smith,23,England,61,69,Cambridge United,725000.0,2000.0,ST
Hélton Carvalhal,29,Brazil,61,61,Juventude,325000.0,5000.0,ST
Q. Bena,23,France,61,67,Chamois Niortais Football Club,475000.0,1000.0,CDM
T. Abrahams,22,England,61,69,Carlisle United,750000.0,2000.0,ST
R. Hackett-Fairchild,23,England,61,70,Portsmouth,725000.0,2000.0,RM
P. Lewis,26,England,61,63,Northampton Town,400000.0,4000.0,CM
S. Stubbs,22,England,61,70,Exeter City,700000.0,2000.0,CB
Z. Dearnley,22,England,61,71,Oldham Athletic,750000.0,2000.0,ST
A. Davies,22,England,61,69,Crawley Town,700000.0,2000.0,RB
D. Volkmer,25,Germany,61,66,MSV Duisburg,425000.0,1000.0,CB
A. Perry,23,England,61,70,Scunthorpe United,675000.0,2000.0,CDM
J. Albert,29,France,61,62,Clermont Foot 63,300000.0,3000.0,CB
T. Magloire,22,England,61,69,Blackburn Rovers,700000.0,6000.0,CB
S. Härtel,22,Germany,61,70,FC Erzgebirge Aue,700000.0,1000.0,LB
T. Müsel,21,Germany,61,71,Borussia Mönchengladbach,750000.0,4000.0,ST
G. Garner,22,England,61,69,Fleetwood Town,750000.0,2000.0,ST
Pedro Martelo,21,Portugal,61,75,FC Paços de Ferreira,800000.0,2000.0,ST
C. Merrie,22,England,61,72,Tranmere Rovers,700000.0,2000.0,CDM
Campos,26,Spain,61,65,RC Celta de Vigo,350000.0,3000.0,GK
I. Aaneba,22,France,61,72,FC Sochaux-Montbéliard,700000.0,1000.0,RB
A. Koiki,21,England,61,66,Northampton Town,475000.0,2000.0,LB
J. Gibson,23,England,61,67,Carlisle United,525000.0,2000.0,RW
Maga,22,Portugal,61,71,Vitória de Guimarães,700000.0,1000.0,RB
D. Beyreuther,21,Germany,61,70,FC Viktoria 1889 Berlin,700000.0,550.0,LB
F. Jno-Baptiste,21,England,61,68,Östersunds FK,675000.0,800.0,ST
Gabriel Barbosa,22,Brazil,61,69,FC Seoul,750000.0,1000.0,ST
J. Steinkötter,21,Germany,61,71,1. FC Saarbrücken,750000.0,1000.0,ST
R. Tulloch,20,England,61,77,West Bromwich Albion,850000.0,6000.0,LW
G. Nurse,22,England,61,71,Shrewsbury Town,700000.0,2000.0,LB
H. Knibbs,22,England,61,67,Cambridge United,525000.0,2000.0,ST
J. Diamond,21,England,61,73,Harrogate Town,800000.0,2000.0,RM
E. Taha,22,France,61,70,En Avant de Guingamp,750000.0,2000.0,ST
L. Buades,23,France,61,68,Rodez Aveyron Football,650000.0,900.0,RM
R. Slater,21,England,61,71,Sheffield United,725000.0,4000.0,CM
B. Hosannah,22,England,61,69,Wrexham AFC,700000.0,500.0,RWB
C. Goteni,23,France,61,67,Grenoble Foot 38,475000.0,1000.0,CB
A. Lewis,21,England,61,74,Livingston FC,775000.0,9000.0,LB
J. Rieckmann,20,Germany,61,73,1. FC Magdeburg,750000.0,600.0,CB
L. Cass,21,England,61,74,Port Vale,750000.0,4000.0,CB
T. Knost,21,Germany,61,68,1. FC Magdeburg,625000.0,600.0,RB
Josemi Castañeda,23,Spain,61,69,FC Farul Constanța,725000.0,2000.0,CM
T. Kretzschmar,22,Germany,61,70,TSV 1860 München,650000.0,500.0,GK
N. Niemann,21,Germany,61,74,TSV Egger Glas Hartberg,800000.0,3000.0,CAM
J. Anang,21,England,61,74,Stevenage,700000.0,5000.0,GK
M. Hauptmann,21,Germany,61,71,FSV Zwickau,725000.0,500.0,RM
T. Perry,19,England,61,78,Cheltenham Town,850000.0,1000.0,CAM
J. Mitchell-Lawson,21,England,61,69,Swindon Town,725000.0,2000.0,LW
J. Daly,21,England,61,73,Stevenage,800000.0,2000.0,ST
João Caiado,22,Portugal,61,70,Gil Vicente FC,725000.0,2000.0,CM
G. Arib,21,France,61,68,Valenciennes FC,625000.0,800.0,CDM
S. Essende,23,France,61,69,Pau FC,725000.0,1000.0,ST
V. Gendrey,21,France,61,71,Lecce,700000.0,550.0,CB
M. Fagan-Walcott,19,England,61,80,Tottenham Hotspur,800000.0,6000.0,CB
J. Khasa,23,France,61,70,FC Sion,725000.0,4000.0,RM
Manu Navarro,20,Spain,61,75,Rayo Vallecano,775000.0,2000.0,CM
D. Revan,20,England,61,76,Northampton Town,750000.0,6000.0,CB
Matis Carvalho,22,Portugal,61,71,Montpellier Hérault SC,650000.0,3000.0,GK
N. Sommer,23,Germany,61,67,SV Waldhof Mannheim 07,475000.0,700.0,RB
A. Okonkwo,19,England,61,77,Arsenal,750000.0,3000.0,GK
E. Joseph,21,France,61,73,Stade Malherbe Caen,800000.0,950.0,LM
A. Jonjić,21,Germany,61,71,FC Erzgebirge Aue,725000.0,1000.0,RM
M. Römling,20,Germany,61,71,Türkgücü München,675000.0,3000.0,LB
M. Mampala,20,England,61,70,Carlisle United,725000.0,2000.0,ST
J. Jenkins,19,England,61,77,Leeds United,800000.0,6000.0,CDM
O. Casey,20,England,61,72,Blackpool,675000.0,2000.0,CB
J. Boller,21,Germany,61,70,LASK Linz,700000.0,3000.0,CB
H. Burrows,19,England,61,74,Peterborough United,750000.0,1000.0,LWB
K. Isa,20,Argentina,61,76,Atlético Tucumán,800000.0,2000.0,ST
V. De Baunbag,20,Spain,61,75,RCD Mallorca,800000.0,4000.0,ST
S. Chergui,22,France,61,70,Paris FC,700000.0,1000.0,CDM
L. Pétrot,24,France,61,67,FC Lorient,475000.0,3000.0,LB
A. Linguet,21,France,61,72,Valenciennes FC,700000.0,800.0,RB
N. Ngoumou,21,France,61,72,Toulouse Football Club,725000.0,1000.0,LW
F. Blake-Tracy,25,England,61,64,Burton Albion,400000.0,1000.0,LB
T. Tormin,20,France,61,75,Chamois Niortais Football Club,800000.0,1000.0,RW
Javi Siverio,23,Spain,61,69,Hyderabad FC,725000.0,500.0,ST
M. Franzke,22,Germany,61,70,1. FC Magdeburg,725000.0,900.0,RW
S. Raux-Yao,22,France,61,70,KSV Cercle Brugge,700000.0,2000.0,CB
B. Ndilu,20,France,61,73,US Quevilly Rouen Métropole,800000.0,4000.0,ST
H. Holgate,21,England,61,70,Fleetwood Town,700000.0,1000.0,CB
E. Hottmann,21,Germany,61,69,Türkgücü München,750000.0,1000.0,ST
J. Richardson,20,England,61,74,Nottingham Forest,750000.0,5000.0,RB
K. Piscopo,23,Italy,61,69,Empoli,725000.0,7000.0,CF
J. Papeau,25,France,61,64,Warta Poznań,425000.0,800.0,LM
N. Lang,19,Germany,61,77,TSV 1860 München,800000.0,500.0,CB
D. Meisel,22,Germany,61,69,FC Würzburger Kickers,725000.0,1000.0,CM
R. Ndiaye,19,France,61,80,FC Sochaux-Montbéliard,800000.0,650.0,CDM
D. Waidner,20,Germany,61,76,FC Würzburger Kickers,750000.0,1000.0,RB
D. Rouyard,21,France,61,73,FC Girondins de Bordeaux,700000.0,2000.0,GK
Barredo,17,Spain,61,74,SD Ponferradina,650000.0,500.0,GK
D. Fage,22,France,61,67,Oldham Athletic,500000.0,2000.0,RWB
Y. Larouci,20,France,61,77,ESTAC Troyes,825000.0,2000.0,LB
R. Adebisi,20,England,61,70,Crewe Alexandra,675000.0,1000.0,RB
S. Sanna,22,France,61,71,Toulouse Football Club,700000.0,1000.0,RWB
Adrián Bernabé,20,Spain,61,76,Parma,800000.0,4000.0,CAM
M. Whittaker,20,England,61,75,Swansea City,800000.0,4000.0,ST
Nacho Ramón,22,Spain,61,70,Elche CF,750000.0,3000.0,ST
J. Mensah,20,England,61,68,Morecambe,600000.0,1000.0,CB
T. Burey,20,England,61,77,Hartlepool United,875000.0,2000.0,ST
B. Farioli,23,Argentina,61,70,Arsenal de Sarandí,725000.0,2000.0,LM
L. Shaw,20,England,61,75,Celtic,750000.0,6000.0,CDM
J. Davison,21,England,61,72,Charlton Athletic,750000.0,1000.0,ST
S. Perry,19,England,61,77,Walsall,800000.0,1000.0,CDM
F. Torres,22,Argentina,61,71,Club Atlético Talleres,700000.0,2000.0,CB
J. Stansfield,18,England,61,81,Fulham,900000.0,4000.0,ST
Paulo Estrela,22,Portugal,61,71,Portimonense SC,700000.0,1000.0,CDM
B. Pierrick,19,England,61,77,Vejle Boldklub,850000.0,1000.0,LM
O. Daedlow,21,Germany,61,71,TSV Havelse,700000.0,1000.0,CDM
Dani Plomer,22,Spain,61,70,Granada CF,725000.0,3000.0,LM
Pablo Pérez,19,Spain,61,74,Sevilla FC,750000.0,2000.0,LB
J. Matete,20,England,61,70,Fleetwood Town,725000.0,1000.0,CM
A. Kamardin,19,France,61,74,Olympique de Marseille,725000.0,3000.0,CB
M. Tillman,19,Germany,61,81,FC Bayern München,925000.0,7000.0,ST
T. Vannoye,22,France,61,69,USL Dunkerque,700000.0,950.0,CB
A. Kerouedan,21,France,61,72,Rodez Aveyron Football,700000.0,700.0,RWB
L. Jastremski,20,Germany,61,75,Viktoria Köln,800000.0,1000.0,ST
N. Fatar,19,France,61,77,Angers SCO,850000.0,3000.0,RW
Telmo Arcanjo,20,Portugal,61,69,CD Tondela,725000.0,1000.0,CAM
B. Thomas,20,England,61,76,Burnley,750000.0,4000.0,CB
B. Pernot,22,Germany,61,70,Sportclub Verl,700000.0,500.0,CB
H. Ekitike,19,France,61,78,Stade de Reims,850000.0,3000.0,ST
D. Massaro,23,Italy,61,68,CS Mioveni,675000.0,1000.0,ST
J. Belshaw,30,England,61,61,Bristol Rovers,220000.0,2000.0,GK
Sergio Carrasco,22,Spain,61,69,SD Huesca,725000.0,2000.0,CM
F. Palmowski,20,Germany,61,74,Hertha BSC,700000.0,3000.0,GK
G. Tanco,21,Argentina,61,72,Club Atlético Banfield,700000.0,2000.0,CB
M. Tanlongo,17,Argentina,61,76,Rosario Central,750000.0,500.0,RM
Y. Möker,21,Germany,61,69,FSV Zwickau,700000.0,500.0,CDM
J. Hadjam,18,France,61,76,Paris FC,725000.0,500.0,LB
T. Pozzo,20,Argentina,61,71,Club Atlético Independiente,725000.0,2000.0,CAM
Y. Cimignani,19,France,61,75,AC Ajaccio,775000.0,700.0,LM
L. Giaccone,20,Argentina,61,76,Rosario Central,800000.0,2000.0,LM
R. Vita,20,France,61,77,Barnsley,825000.0,5000.0,LWB
O. Edwards,20,England,61,75,Exeter City,800000.0,4000.0,LM
Nuno Lima,20,Portugal,61,75,FC Paços de Ferreira,750000.0,1000.0,CB
José Urbina,21,Spain,61,73,SD Ponferradina,775000.0,1000.0,LB
Eñaut Mendía,22,Spain,61,72,SD Eibar,750000.0,2000.0,ST
F. Parisi,20,Italy,61,78,Empoli,825000.0,5000.0,LB
T. Akinola,20,England,61,78,Arsenal,825000.0,7000.0,CDM
Asier Córdoba,21,Spain,61,75,AD Alcorcón,800000.0,2000.0,LW
J. Tugbenyo,19,Germany,61,74,SC Paderborn 07,725000.0,1000.0,CB
G. Jurcher,24,Germany,61,68,SV Waldhof Mannheim 07,675000.0,850.0,ST
Galego,24,Brazil,61,68,Moreirense FC,650000.0,2000.0,CAM
David Argüelles,19,Spain,61,76,Real Sporting de Gijón,750000.0,900.0,LB
Arratia,21,Spain,61,73,Rayo Vallecano,800000.0,2000.0,CM
M. Sangaré,22,France,61,69,Amiens SC,750000.0,1000.0,ST
David Rodríguez,21,Spain,61,73,CD Tenerife,775000.0,1000.0,RB
E. Obregón,19,Argentina,61,77,Estudiantes de La Plata,850000.0,1000.0,RM
J. Romero,23,Argentina,61,69,Rosario Central,625000.0,2000.0,GK
T. Civeja,19,Germany,61,79,FC Augsburg,850000.0,2000.0,CM
Z. Monlouis,17,England,61,71,Arsenal,625000.0,500.0,CB
Eder González,24,Spain,61,64,Sepsi OSK Sf. Gheorghe,450000.0,2000.0,CM
N. Ohio,18,England,61,79,FK Austria Wien,825000.0,1000.0,ST
Jaime Santos,26,Spain,61,61,Club Atlético Palmaflor,350000.0,500.0,RW
K. Lomónaco,19,Argentina,61,76,Club Atlético Lanús,725000.0,1000.0,CB
F. Castet,22,Argentina,61,67,Club Atlético Sarmiento,500000.0,2000.0,LB
R. Street,19,England,61,74,Crystal Palace,775000.0,6000.0,ST
M. Lachuer,20,France,61,75,Amiens SC,800000.0,900.0,CAM
L. Petkov,20,Germany,61,71,Sportclub Verl,725000.0,3000.0,CM
R. Ascone,17,France,61,80,LOSC Lille,825000.0,700.0,CM
B. Racovițan,21,France,61,69,FC Botoşani,700000.0,1000.0,CB
B. Valdez,19,Argentina,61,75,Estudiantes de La Plata,750000.0,1000.0,LB
N. John,18,England,61,80,Tottenham Hotspur,825000.0,4000.0,CAM
L. Richardson,18,England,61,76,Burnley,775000.0,2000.0,ST
A. Scott,17,England,61,79,Bristol City,825000.0,750.0,CAM
R. Berlinski,26,Germany,61,62,Sportclub Verl,400000.0,600.0,ST
L. Cingolani,20,Argentina,61,73,Newell's Old Boys,800000.0,2000.0,RW
N. Laméndola,22,Argentina,61,70,Atlético Tucumán,725000.0,2000.0,RM
S. Coulibaly,17,France,61,81,Borussia Dortmund,850000.0,500.0,CB
R. Di Luciano,17,Argentina,61,77,Club Atlético Banfield,775000.0,500.0,RB
I. Rodríguez,19,Argentina,61,74,Club Atlético Banfield,775000.0,2000.0,CM
L. Cissé,18,France,61,74,AS Nancy Lorraine,750000.0,500.0,RM
M. Doucouré,21,France,61,73,Nîmes Olympique,800000.0,1000.0,ST
E. Bove,19,Italy,61,76,Roma,775000.0,4000.0,CM
H. Matriciani,21,Germany,61,69,FC Schalke 04,700000.0,1000.0,RB
Guilherme Soares,20,Portugal,61,70,SC Braga,675000.0,2000.0,CB
A. Rodríguez,17,Argentina,61,78,Club Atlético Lanús,825000.0,500.0,CAM
M. Diongue,29,France,61,61,SC Bastia,325000.0,1000.0,CM
Iker Unzueta,22,Spain,61,68,SD Amorebieta,675000.0,1000.0,ST
Jorge Aguirre,21,Spain,61,74,Real Sociedad B,800000.0,1000.0,ST
Y. Becker,30,Germany,61,61,FC Viktoria 1889 Berlin,325000.0,800.0,LM
M. Hippe,23,Germany,61,67,1. FC Kaiserslautern,475000.0,850.0,CB
N. Atubolu,19,Germany,61,75,Sport-Club Freiburg,675000.0,1000.0,GK
C. Kammerknecht,21,Germany,61,69,SC Freiburg II,700000.0,600.0,CB
Pedro Machado,25,Portugal,61,67,FC U Craiova 1948,450000.0,2000.0,CB
T. Engelking,25,Germany,61,64,TSV Havelse,425000.0,500.0,LM
O. Schmitt,21,Germany,61,71,Sportclub Verl,725000.0,4000.0,LW
D. Orsi,25,England,61,66,Harrogate Town,475000.0,2000.0,ST
C. Ezekwem,22,Germany,61,67,Sportclub Verl,475000.0,500.0,CB
J. Heuer,21,Germany,61,68,SC Paderborn 07,625000.0,2000.0,RB
T. Korzuschek,22,Germany,61,67,1. FC Saarbrücken,525000.0,1000.0,LM
T. Sechelmann,22,Germany,61,68,1. FC Magdeburg,625000.0,750.0,LB
H. Bah-Traoré,24,Germany,61,65,Borussia Dortmund II,425000.0,750.0,RB
Y. Guermouche,20,France,61,75,Montpellier Hérault SC,800000.0,4000.0,ST
Tomás Händel,20,Portugal,61,71,Vitória de Guimarães,725000.0,1000.0,CAM
M. Faßbender,22,Germany,61,69,SV Meppen,725000.0,500.0,RM
L. Münst,19,Germany,61,76,FC St. Gallen 1879,775000.0,3000.0,CM
S. McGurk,18,England,61,80,Leeds United,825000.0,4000.0,CAM
Sergio Díaz,23,Spain,61,70,FC Cartagena,625000.0,900.0,GK
Markel Lozano,25,Spain,61,65,SD Amorebieta,450000.0,1000.0,CM
Oier Luengo,23,Spain,61,67,SD Amorebieta,475000.0,1000.0,CB
M. Ouadah,26,France,61,62,USL Dunkerque,375000.0,1000.0,CAM
Pedro Teixeira,19,Portugal,61,74,Clube Sport Marítimo,675000.0,600.0,GK
E. Yilmaz,26,Germany,61,62,FC Viktoria 1889 Berlin,375000.0,800.0,CAM
O. Pohlmann,20,Germany,61,72,Borussia Dortmund II,725000.0,700.0,RM
L. Gondou,20,Argentina,61,73,Club Atlético Sarmiento,800000.0,2000.0,ST
Ander Zoilo,21,Spain,61,69,Real Sociedad B,700000.0,900.0,LB
Barba,22,Spain,61,70,SD Huesca,700000.0,2000.0,LB
R. Friedrich,18,Germany,61,79,RB Leipzig,825000.0,4000.0,ST
P. Sciortino,17,France,61,74,Olympique de Marseille,700000.0,500.0,CDM
A. Nankishi,18,Germany,61,77,SV Werder Bremen,825000.0,1000.0,LW
L. Varaldo,19,Argentina,61,73,Club Atlético Lanús,775000.0,2000.0,ST
G. Manvelyan,19,France,61,75,FC Nantes,775000.0,2000.0,CAM
L. Martinez,19,Argentina,61,72,Club Atlético Talleres,600000.0,800.0,GK
F. Romero,21,Argentina,61,73,Estudiantes de La Plata,775000.0,2000.0,CDM
R. Capellini,21,Italy,61,69,CD Mirandés,700000.0,7000.0,CB
R. Savage,19,England,61,75,Newcastle United,725000.0,3000.0,CB
Fromsa,20,Spain,61,71,FC Cartagena,675000.0,950.0,CB
Ricardinho,22,Portugal,61,67,Santa Clara,525000.0,1000.0,CAM
S. Ben Seghir,18,France,61,76,Olympique de Marseille,750000.0,3000.0,RW
F. Paradela,22,Argentina,61,67,Club Atlético Sarmiento,525000.0,2000.0,CM
Anderson,22,Brazil,61,70,CF Fuenlabrada,725000.0,1000.0,RM
Luís Mota,17,Portugal,61,71,Belenenses SAD,675000.0,500.0,ST
N. Bitumazala,18,France,61,77,Paris Saint-Germain,800000.0,3000.0,RB
J. Rak-Sakyi,18,England,61,77,Crystal Palace,825000.0,4000.0,RW
Recasens,19,Spain,61,81,RCD Espanyol de Barcelona,875000.0,1000.0,CB
W. Goodwin,19,England,61,75,Hartlepool United,775000.0,3000.0,ST
César,20,Spain,61,71,UD Ibiza,675000.0,950.0,CDM
Iván Serrano,20,Spain,61,73,Burgos CF,750000.0,950.0,LB
N. Palavecino,18,Argentina,61,76,Estudiantes de La Plata,750000.0,800.0,LM
Pablo Ibáñez,22,Spain,61,71,CA Osasuna,725000.0,4000.0,CM
Diego López,19,Spain,61,77,Valencia CF,850000.0,3000.0,ST
Pablo Felipe,17,Brazil,61,81,Futebol Clube de Famalicão,900000.0,500.0,ST
Daniel Penha,22,Brazil,61,68,Newcastle Jets,675000.0,550.0,CAM
J. McAtee,18,England,61,77,Manchester City,825000.0,6000.0,CAM
Joel Jiménez,21,Spain,61,71,Real Sporting de Gijón,650000.0,900.0,GK
M. Soulas,22,France,61,69,SønderjyskE,700000.0,2000.0,CB
L. Gechter,17,Germany,61,79,Hertha BSC,775000.0,500.0,CB
G. Halford,36,England,60,60,Waterford FC,50000.0,500.0,CDM
D. Gerken,36,England,60,60,Colchester United,25000.0,1000.0,GK
S. Flinders,35,England,60,60,Cheltenham Town,25000.0,900.0,GK
M. Sadler,36,England,60,60,Walsall,45000.0,2000.0,CB
J. Taylor,34,England,60,60,Barrow,110000.0,2000.0,CM
A. Wordsworth,32,England,60,60,Waterford FC,190000.0,550.0,CM
D. Lyness,29,England,60,60,St. Mirren,170000.0,1000.0,GK
R. Lainton,31,England,60,60,Wrexham AFC,130000.0,500.0,GK
J. Hyde,31,England,60,60,Wrexham AFC,210000.0,500.0,ST
F. Rossi,30,Italy,60,60,Atalanta,160000.0,5000.0,GK
J. Furlan,28,Italy,60,63,Empoli,230000.0,6000.0,GK
K. Thomas,25,England,60,65,Wrexham AFC,375000.0,500.0,ST
J. Phojo,28,France,60,60,Clermont Foot 63,220000.0,3000.0,RB
D. Sweeney,27,England,60,61,Forest Green Rovers,275000.0,3000.0,CM
F. Vázquez,27,Argentina,60,61,Patronato,275000.0,2000.0,CM
E. Dieseruvwe,26,England,60,63,Tranmere Rovers,325000.0,2000.0,ST
A. Chapman,31,England,60,60,Gillingham,130000.0,1000.0,GK
D. Whitehead,27,England,60,60,Port Vale,250000.0,2000.0,CM
L. Paramatti,26,Italy,60,65,FC U Craiova 1948,325000.0,2000.0,CB
D. Wilson,24,England,60,66,Sutton United,400000.0,2000.0,ST
R. Watson,25,England,60,65,Scunthorpe United,300000.0,2000.0,GK
M. Do Couto,24,France,60,66,FC Sochaux-Montbéliard,400000.0,1000.0,LM
J. Düker,25,Germany,60,63,TSV Havelse,325000.0,500.0,ST
S. Shamal,25,France,60,63,Stade Malherbe Caen,325000.0,1000.0,LM
J. Sowerby,26,England,60,63,Northampton Town,325000.0,3000.0,CM
N. Miracco,30,Argentina,60,60,Arsenal de Sarandí,240000.0,2000.0,ST
S. Harrison,23,England,60,67,Morecambe,500000.0,1000.0,ST
D. Agyei,24,England,60,67,Oxford United,500000.0,2000.0,ST
T. Wiesner,24,Germany,60,67,VfL Osnabrück,425000.0,650.0,GK
R. Diarra,26,France,60,64,Oldham Athletic,300000.0,2000.0,CB
W. Patching,22,England,60,66,Dundalk FC,400000.0,600.0,CM
E. Iandolo,23,England,60,67,Swindon Town,475000.0,2000.0,LB
N. Hoffmann,24,Germany,60,66,FC Würzburger Kickers,350000.0,1000.0,CDM
L. Davies,21,England,60,65,Cambridge United,375000.0,1000.0,RM
G. Miller,23,England,60,67,Walsall,500000.0,6000.0,ST
F. Antonini,23,Argentina,60,65,Club Atlético Sarmiento,375000.0,2000.0,RM
M. Feeney,22,England,60,68,Carlisle United,525000.0,2000.0,CB
N. Sheron,23,England,60,68,Harrogate Town,525000.0,2000.0,CDM
Z. Mills,29,England,60,60,Walsall,220000.0,3000.0,RB
G. Cuomo,23,Italy,60,71,Crotone,500000.0,2000.0,CB
R. Assibey-Mensah,21,Germany,60,70,SC Freiburg II,550000.0,750.0,CF
M. Nanizayamo,23,France,60,66,FC Lausanne-Sport,350000.0,2000.0,CB
S. Tracey,23,England,60,69,Cambridge United,550000.0,1000.0,RM
E. Osborne,25,England,60,63,Stevenage,325000.0,2000.0,RM
A. Read,21,England,60,71,Stevenage,550000.0,1000.0,CM
N. Kirby,21,England,60,74,Crystal Palace,600000.0,6000.0,LM
D. Jarvis,23,England,60,67,Wrexham AFC,500000.0,500.0,CM
A. Lewis,21,England,60,70,St. Patrick's Athletic,550000.0,500.0,CM
S. Bone,22,England,60,66,St. Patrick's Athletic,350000.0,550.0,CB
C. Theisen,28,Germany,60,60,FC Viktoria 1889 Berlin,250000.0,800.0,CM
G. Coudert,22,France,60,70,Stade Brestois 29,475000.0,2000.0,GK
M. Bleve,25,Italy,60,62,Lecce,240000.0,550.0,GK
K. Taylor,22,England,60,69,Exeter City,550000.0,2000.0,CM
R. Bennett,30,England,60,60,Sutton United,240000.0,2000.0,ST
H. Brockbank,22,England,60,67,Bolton Wanderers,475000.0,2000.0,RB
A. Hartridge,22,England,60,70,Exeter City,525000.0,2000.0,CB
L. Burgess,22,England,60,70,Salford City,550000.0,3000.0,RM
G. Borello,22,Italy,60,66,Crotone,400000.0,2000.0,RW
T. Smith,22,England,60,70,Hull City,550000.0,2000.0,ST
T. Durso,22,Argentina,60,70,Gimnasia y Esgrima La Plata,475000.0,2000.0,GK
J. Dinzeyi,21,England,60,74,Carlisle United,575000.0,1000.0,CB
L. Finochietto,24,Argentina,60,68,Argentinos Juniors,475000.0,1000.0,GK
G. McEachran,20,England,60,74,Chelsea,600000.0,10000.0,CM
J. Stevens,21,England,60,70,Barrow,550000.0,1000.0,RM
B. Goodliffe,22,England,60,68,Sutton United,525000.0,1000.0,CB
J. Ogedi-Uzokwe,27,England,60,60,Derry City,275000.0,800.0,ST
M. Čović,23,Germany,60,66,Hertha BSC,400000.0,6000.0,RM
S. Walker,20,England,60,76,Tranmere Rovers,650000.0,3000.0,RM
L. Chávez,20,Argentina,60,74,Gimnasia y Esgrima La Plata,600000.0,2000.0,ST
G. Corbo,21,Italy,60,74,Bologna,575000.0,3000.0,CB
M. Kamenz,22,Germany,60,66,FSV Zwickau,325000.0,500.0,GK
C. Seaman,21,England,60,71,Doncaster Rovers,525000.0,1000.0,RB
Baltazar,21,Brazil,60,73,FC Sion,600000.0,3000.0,CM
M. Broschinski,20,Germany,60,72,Borussia Dortmund II,600000.0,750.0,ST
E. Henschel,24,Germany,60,65,TSV Havelse,350000.0,500.0,RWB
C. Frommann,23,Germany,60,70,SV Meppen,475000.0,500.0,GK
Y. Bangsow,23,Germany,60,68,Eintracht Braunschweig,475000.0,800.0,GK
S. Karweina,22,Germany,60,64,Türkgücü München,375000.0,1000.0,ST
R. Rösch,22,Germany,60,69,1. FSV Mainz 05,550000.0,3000.0,CAM
N. Ochojski,22,Germany,60,68,Sportclub Verl,525000.0,500.0,RB
C. Green,22,England,60,66,Wrexham AFC,375000.0,500.0,LWB
M. Harsman,21,Germany,60,68,SV Meppen,475000.0,500.0,GK
K. Bafounta,19,France,60,78,Borussia Dortmund II,600000.0,500.0,CDM
M. Hippolyte,26,England,60,61,Scunthorpe United,300000.0,3000.0,LW
C. Ekene,21,Germany,60,70,MSV Duisburg,550000.0,1000.0,ST
L. Krüger,21,Germany,60,70,SV Meppen,550000.0,500.0,ST
J. Hungbo,21,England,60,74,Ross County FC,600000.0,6000.0,LW
R. Ferrario,21,Argentina,60,72,Club Atlético Huracán,525000.0,1000.0,GK
J. Marcioni,23,Argentina,60,69,Platense,550000.0,2000.0,RM
I. Olaofe,21,England,60,69,Sutton United,550000.0,2000.0,ST
H. Clarke,20,England,60,76,Ross County FC,600000.0,900.0,CB
E. Majetschak,21,Germany,60,71,FC Erzgebirge Aue,550000.0,1000.0,CM
F. Schwarzholz,21,Germany,60,71,FC Augsburg,525000.0,2000.0,CDM
A. Gomez Mancini,20,France,60,72,Burnley,600000.0,4000.0,CM
A. Bates,20,England,60,72,Walsall,600000.0,2000.0,CM
B. Leneis,22,Germany,60,70,1. FC Magdeburg,475000.0,2000.0,GK
D. Diani,23,France,60,67,Grasshopper Club Zürich,450000.0,2000.0,CDM
T. Moschión,21,Argentina,60,70,Club Atlético Colón,525000.0,1000.0,CDM
F. Hartmann,20,Germany,60,74,SC Paderborn 07,600000.0,8000.0,ST
M. Pollock,19,England,60,74,Cheltenham Town,550000.0,4000.0,CB
A. Smith,22,England,60,67,Sutton United,500000.0,2000.0,CM
E. González,25,Argentina,60,65,Estudiantes de La Plata,300000.0,1000.0,GK
G. Gaetano,21,Italy,60,73,Napoli,600000.0,6000.0,CAM
T. Canteros,19,Argentina,60,75,Club Atlético Lanús,500000.0,800.0,GK
J. Olayinka,20,England,60,75,Arsenal,600000.0,8000.0,CM
J. Hass,23,Argentina,60,66,Club Atlético Colón,325000.0,1000.0,GK
T. Ducrocq,21,France,60,71,SC Bastia,550000.0,3000.0,CM
P. Glatzel,20,Germany,60,74,Tranmere Rovers,600000.0,11000.0,ST
J. Boyer,23,France,60,65,Clermont Foot 63,350000.0,2000.0,LB
M. Kapo,20,France,60,72,FC Lausanne-Sport,550000.0,2000.0,CDM
P. Gozzi,20,Italy,60,76,CF Fuenlabrada,600000.0,6000.0,CB
J. Just,24,Germany,60,65,SV Waldhof Mannheim 07,325000.0,650.0,CB
O. Pendlebury,19,England,60,75,Wycombe Wanderers,575000.0,1000.0,CM
A. Lebeau,21,France,60,71,SV Waldhof Mannheim 07,550000.0,600.0,CAM
O. Camara,22,France,60,71,AJ Auxerre,550000.0,1000.0,CM
L. Sinayoko,21,France,60,73,AJ Auxerre,600000.0,1000.0,ST
F. Tavares,20,England,60,73,Coventry City,600000.0,3000.0,ST
O. Crankshaw,22,England,60,69,Bradford City,550000.0,3000.0,LM
N. Thiede,22,Germany,60,70,Sportclub Verl,475000.0,3000.0,GK
A. Randell,20,England,60,72,Plymouth Argyle,600000.0,2000.0,CM
O. Djoco,23,France,60,68,Clermont Foot 63,475000.0,2000.0,GK
C. Carter,24,England,60,66,Stevenage,375000.0,2000.0,CM
K. Phillips,21,England,60,71,Walsall,550000.0,1000.0,ST
Joel López,19,Spain,60,78,Arsenal,600000.0,5000.0,LB
B. Duncan,20,England,60,70,Derby County,550000.0,2000.0,ST
W. Taïbi,19,France,60,75,Angers SCO,575000.0,2000.0,CM
C. Albornoz,20,Argentina,60,75,Atlético Tucumán,550000.0,1000.0,CB
Carlos Kevin,20,Spain,60,77,SD Huesca,650000.0,2000.0,ST
N. Zortea,22,Italy,60,71,US Salernitana 1919,525000.0,5000.0,RB
J. Okedina,20,England,60,72,Cambridge United,550000.0,1000.0,CB
S. Russo,21,Germany,60,70,SV Waldhof Mannheim 07,525000.0,550.0,CDM
T. Schreiber,19,Germany,60,77,Hallescher FC,575000.0,3000.0,GK
Jofre Cherta,20,Spain,60,77,CD Mirandés,650000.0,1000.0,CM
Adrián,20,Argentina,60,77,Deportivo Alavés,575000.0,2000.0,GK
N. Tauer,20,Germany,60,76,1. FSV Mainz 05,625000.0,2000.0,CDM
L. Egloff,18,Germany,60,80,VfB Stuttgart,675000.0,1000.0,CAM
R. Jones,18,England,60,80,Peterborough United,675000.0,1000.0,ST
K. Baah,18,England,60,80,Watford,675000.0,3000.0,LM
A. Oeynhausen,19,Germany,60,74,SC Paderborn 07,575000.0,2000.0,CM
T. Cantoro,20,Argentina,60,69,Club Universitario de Deportes,550000.0,500.0,ST
João Monteiro,20,Portugal,60,71,Belenenses SAD,475000.0,600.0,GK
J. Scrimshaw,20,England,60,70,Scunthorpe United,550000.0,5000.0,ST
L. Lacroix,18,France,60,77,FC Metz,600000.0,800.0,CB
M. Montenegro,22,Argentina,60,66,Club Atlético Central Córdoba,375000.0,2000.0,CDM
P. Krätschmer,24,Germany,60,66,1. FC Saarbrücken,350000.0,850.0,CB
J. Garrett,18,England,60,78,Blackburn Rovers,600000.0,2000.0,CDM
N. Collins,17,Germany,60,82,Borussia Dortmund,725000.0,500.0,CB
C. Zabou,25,France,60,63,US Quevilly Rouen Métropole,325000.0,1000.0,LW
U. Bertelli,17,France,60,74,Olympique de Marseille,550000.0,700.0,CM
L. Sequeira,18,Argentina,60,77,San Lorenzo de Almagro,625000.0,800.0,CAM
D. Gorka,19,Germany,60,74,Fortuna Düsseldorf,500000.0,1000.0,GK
G. Mollo,20,Italy,60,68,1. FC Heidenheim 1846,550000.0,3000.0,ST
Marcos Celorrio,24,Spain,60,66,Sandefjord Fotball,400000.0,800.0,ST
M. Thompson,19,England,60,72,Burnley,600000.0,4000.0,ST
C. Souaré,18,France,60,73,Olympique de Marseille,575000.0,2000.0,CM
C. Alexander,26,England,60,63,AFC Wimbledon,300000.0,1000.0,RB
José Oliveira,19,Portugal,60,78,FC Paços de Ferreira,575000.0,550.0,GK
R. Marshall,21,England,60,67,Stevenage,475000.0,1000.0,CB
D. Willms,22,Germany,60,68,FSV Zwickau,550000.0,550.0,ST
L. Philipp,20,Germany,60,72,TSG Hoffenheim,525000.0,2000.0,GK
J. Rabold,20,Germany,60,70,Karlsruher SC,525000.0,2000.0,RB
L. Amadé,21,Argentina,60,68,Defensa y Justicia,475000.0,1000.0,GK
Novoa,18,Spain,60,78,RB Leipzig,625000.0,4000.0,ST
Y. Brugger,20,Germany,60,71,FC Flyeralarm Admira,500000.0,1000.0,CB
M. González,19,Argentina,60,76,Club Atlético Banfield,625000.0,1000.0,CAM
C. Ibarra,17,Argentina,60,74,Club Atlético Colón,525000.0,500.0,LB
G. Gozálvez,18,Argentina,60,72,Club Atlético Colón,575000.0,750.0,LM
L. Quiroz,17,Argentina,60,76,Club Atlético Colón,575000.0,500.0,CB
G. Infantino,18,Argentina,60,76,Rosario Central,625000.0,950.0,LM
Raúl Moro,18,Spain,60,80,Lazio,675000.0,3000.0,LW
P. Oro,18,Argentina,60,76,Club Atlético Huracán,625000.0,1000.0,ST
Joel Sousa,21,Portugal,60,70,CD Tondela,475000.0,650.0,GK
W. Barlasina,23,Argentina,60,68,Newell's Old Boys,475000.0,1000.0,GK
J. Lawlor,30,England,60,60,Hartlepool United,200000.0,2000.0,CB
P. Méliande,19,France,60,73,Pau FC,575000.0,650.0,LW
O. Camara,18,France,60,74,Paris FC,550000.0,500.0,CDM
Luís Bastos,19,Portugal,60,72,FC Paços de Ferreira,550000.0,850.0,LB
V. Daley-Campbell,20,England,60,73,Leicester City,575000.0,8000.0,RB
R. Korboa,24,England,60,63,Sutton United,325000.0,2000.0,RW
O. Bosworth,19,England,60,77,Leicester City,575000.0,4000.0,GK
E. Bristow,19,England,60,72,Reading,550000.0,2000.0,LB
B. Hollerbach,20,Germany,60,67,SV Wehen Wiesbaden,475000.0,1000.0,RM
Mario Ordoñez,21,Spain,60,72,SD Ponferradina,600000.0,1000.0,CM
S. Onur,18,Germany,60,71,Fatih Karagümrük S.K.,525000.0,1000.0,LW
Unai Arieta,22,Spain,60,71,SD Eibar,550000.0,2000.0,ST
E. Mahmoud,20,France,60,72,Le Havre AC,600000.0,1000.0,LM
M. Majouga,20,France,60,72,USL Dunkerque,600000.0,850.0,RM
B. M'Bondo,19,France,60,69,Chamois Niortais Football Club,500000.0,600.0,CB
M. Córdoba,22,Argentina,60,70,Club Atlético Talleres,550000.0,2000.0,ST
R. Luna,25,Argentina,60,61,Arsenal de Sarandí,300000.0,2000.0,RW
I. Gariglio,23,Argentina,60,67,Arsenal de Sarandí,450000.0,2000.0,CB
J. Siebert,19,Germany,60,75,Fortuna Düsseldorf,550000.0,2000.0,CB
E. Gedikli,18,Germany,60,79,Bayer 04 Leverkusen,625000.0,3000.0,ST
Salazar,18,Spain,60,80,Real Madrid CF,675000.0,8000.0,ST
D. Verón,20,Argentina,60,71,Estudiantes de La Plata,550000.0,2000.0,CM
F. Tripi,19,Italy,60,75,Roma,550000.0,3000.0,CB
T. Latteier,21,Germany,60,70,1. FC Nürnberg,550000.0,2000.0,CM
N. Guzmán,21,Argentina,60,69,Montevideo City Torque,550000.0,500.0,RM
John Donald,20,Spain,60,72,Elche CF,550000.0,2000.0,CDM
M. Pagliuca,19,Italy,60,77,Bologna,650000.0,3000.0,ST
J. Lang,18,Germany,60,76,VfL Wolfsburg,600000.0,2000.0,CB
G. Broadbent,20,England,60,71,Rochdale,550000.0,3000.0,CM
Morilla,21,Spain,60,70,Girona FC,475000.0,950.0,GK
F. Kruspzky,18,Argentina,60,74,Arsenal de Sarandí,575000.0,600.0,CAM
B. Borasi,23,Argentina,60,66,Club Atlético Sarmiento,400000.0,2000.0,RM
F. Tongya,19,Italy,60,74,Olympique de Marseille,575000.0,3000.0,CAM
Wesley,21,Brazil,60,74,FC Sion,575000.0,3000.0,RB
Pablo Picón,21,Spain,60,71,Levante Unión Deportiva,475000.0,2000.0,GK
I. Kanda,20,France,60,67,Gaz Metan Mediaş,450000.0,1000.0,RB
A. Desábato,31,Argentina,60,60,Platense,130000.0,2000.0,GK
L. Ambrogio,22,Argentina,60,68,Argentinos Juniors,550000.0,2000.0,RM
M. Garay,22,Argentina,60,69,Patronato,550000.0,2000.0,RM
M. Palavecino,23,Argentina,60,66,Patronato,400000.0,2000.0,CAM
M. Mamaní,19,Argentina,60,74,Club Atlético Talleres,600000.0,2000.0,ST
G. Álvez,17,Argentina,60,78,Club Atlético Talleres,625000.0,500.0,RM
J. Philogene-Bidace,19,England,60,80,Aston Villa,700000.0,6000.0,RW
Y. Amyn,17,Germany,60,74,Viktoria Köln,550000.0,500.0,LM
J. Duche,29,Argentina,60,60,Aragua Fútbol Club,240000.0,500.0,LM
J. Gho,18,Argentina,60,74,Club Atlético Sarmiento,575000.0,700.0,RM
Q. Merlin,19,France,60,76,FC Nantes,625000.0,2000.0,CAM
B. Traoré,17,France,60,77,Stade Malherbe Caen,575000.0,500.0,CB
J. Gurr,25,England,60,64,Aberdeen,325000.0,1000.0,RB
A. Hountondji,18,France,60,77,Stade Malherbe Caen,625000.0,500.0,LM
T. Arconte,17,France,60,78,AC Ajaccio,625000.0,500.0,RW
César Sousa,21,Portugal,60,70,Belenenses SAD,550000.0,950.0,CAM
G. Iturra,22,Argentina,60,69,Unión La Calera,550000.0,600.0,CM
D. Calcaterra,19,Argentina,60,75,Newell's Old Boys,550000.0,1000.0,CB
A. Miller,18,England,60,79,Leeds United,625000.0,4000.0,RM
B. Tomiak,22,Germany,60,71,1. FC Kaiserslautern,525000.0,800.0,CB
D. Jebbison,17,England,60,76,Burton Albion,625000.0,950.0,ST
Mateo,19,Spain,60,74,Girona FC,575000.0,1000.0,CM
Zarrabeitia,27,Spain,60,60,SD Amorebieta,240000.0,1000.0,RB
J. Lewald,22,Germany,60,66,FC Viktoria 1889 Berlin,350000.0,600.0,CB
L. Pinckert,21,Germany,60,67,FC Viktoria 1889 Berlin,475000.0,500.0,CB
Falcão,21,Brazil,60,66,FC Viktoria 1889 Berlin,400000.0,600.0,ST
Luiz Gustavo,21,Brazil,60,67,FC Arouca,475000.0,900.0,RB
A. Thaqi,19,Germany,60,74,Borussia Dortmund II,550000.0,500.0,CB
Guilherme Garutti,27,Brazil,60,63,CS Mioveni,275000.0,1000.0,CB
N. El Aynaoui,19,France,60,73,AS Nancy Lorraine,575000.0,750.0,CM
M. Schleef,22,Germany,60,66,TSV Havelse,375000.0,500.0,RWB
M. Sivis,23,France,60,67,En Avant de Guingamp,475000.0,1000.0,RB
F. Sanguinetti,20,Argentina,60,72,Club Atlético Banfield,525000.0,1000.0,GK
R. Ndualu,21,Germany,60,69,MSV Duisburg,550000.0,1000.0,RW
R. Ferjani,20,Germany,60,73,FC Erzgebirge Aue,550000.0,1000.0,CB
F. Brand,20,Germany,60,68,FSV Zwickau,525000.0,500.0,LB
Valdir,23,Brazil,60,68,SV Ried,550000.0,2000.0,ST
M. Senaya,20,France,60,75,FC Sochaux-Montbéliard,575000.0,2000.0,RB
J. Meyer,19,Germany,60,75,VfB Stuttgart,550000.0,2000.0,CDM
T. Onyango,18,England,60,81,Everton,775000.0,4000.0,CM
Cornago,18,Spain,60,70,AD Alcorcón,500000.0,500.0,RB
T. Baldé,19,France,60,75,Le Havre AC,550000.0,5000.0,RB
Quevin Castro,19,Portugal,60,75,West Bromwich Albion,575000.0,4000.0,CAM
W. Lgharbi,18,France,60,76,Angers SCO,625000.0,1000.0,CM
Abizanda,21,Spain,60,72,SD Huesca,600000.0,1000.0,LM
Pablo Tomeo,21,Spain,60,72,SD Huesca,575000.0,1000.0,CDM
Y. M'Bemba,20,France,60,70,FC Nantes,500000.0,3000.0,CB
F. Torres,22,Argentina,60,67,Gimnasia y Esgrima La Plata,500000.0,3000.0,ST
Diogo Izata,24,Portugal,60,65,Gaz Metan Mediaş,350000.0,1000.0,CDM
B. Kociubinski,20,Argentina,60,73,Estudiantes de La Plata,550000.0,1000.0,CDM
F. Zapiola,20,Argentina,60,72,Estudiantes de La Plata,600000.0,2000.0,CAM
Dalberson,24,Brazil,60,65,Futebol Clube de Famalicão,300000.0,1000.0,GK
B. Nadir,17,France,60,74,Olympique de Marseille,550000.0,700.0,CM
Hugo Oliveira,19,Portugal,60,73,FC Vizela,550000.0,500.0,RB
Gui,19,Portugal,60,77,Vitória de Guimarães,625000.0,1000.0,CM
G. Altare,22,Italy,60,67,Cagliari,475000.0,4000.0,CB
Andrew,20,Brazil,60,72,Gil Vicente FC,525000.0,850.0,GK
T. Gardner-Hickman,19,England,60,76,West Bromwich Albion,600000.0,3000.0,RWB
Rai Marchán,27,Spain,60,61,Melbourne Victory,250000.0,2000.0,CDM
R. Márquez,18,Argentina,60,75,Club Atlético Independiente,575000.0,1000.0,ST
J. Tomlinson,21,England,60,69,Peterborough United,525000.0,2000.0,LWB
M. Valor,21,Argentina,60,69,Atlético Tucumán,525000.0,1000.0,LB
Olguín,20,Spain,60,70,CD Mirandés,500000.0,1000.0,CB
Víctor Sanchís,20,Spain,60,71,CD Mirandés,500000.0,1000.0,CB
B. Locko,19,France,60,75,Stade de Reims,550000.0,2000.0,LB
Yuri,25,Brazil,60,65,FC Lugano,325000.0,2000.0,LWB
B. Knight,19,England,60,74,Crewe Alexandra,575000.0,1000.0,RW
S. Delaye,19,France,60,75,Montpellier Hérault SC,575000.0,2000.0,CM
M. Rosales,22,Argentina,60,69,Burgos CF,550000.0,1000.0,CM
Carlos Beitia,21,Spain,60,73,RC Celta de Vigo,600000.0,3000.0,CM
Manu Martos,20,Spain,60,68,UD Ibiza,500000.0,900.0,CDM
P. Pérez,20,Argentina,60,69,Platense,550000.0,2000.0,CM
C. Geist,22,Argentina,60,68,Unión de Santa Fe,475000.0,1000.0,GK
Carmona,19,Spain,60,72,Sevilla FC,550000.0,2000.0,RB
Iván Romero,20,Spain,60,71,Sevilla FC,550000.0,3000.0,ST
Pedro Ortiz,20,Spain,60,74,Sevilla FC,600000.0,3000.0,CM
Joselu Guerra,21,Spain,60,69,Real Oviedo,525000.0,1000.0,CDM
Yayo,16,Spain,60,78,Real Oviedo,600000.0,500.0,CM
Joseda,19,Spain,60,76,Valencia CF,600000.0,2000.0,RB
J. Gorby,18,France,60,68,SC Braga,475000.0,600.0,CDM
Guille Bernabéu,20,Spain,60,71,Real Oviedo,550000.0,1000.0,CM
J. Norris,18,England,60,77,Liverpool,600000.0,3000.0,LB
N. Koffi,19,France,60,75,Stade de Reims,600000.0,3000.0,ST
L. McCormick,37,England,59,59,Plymouth Argyle,25000.0,1000.0,GK
J. Lillis,34,England,59,59,Barrow,40000.0,1000.0,GK
R. Lejeune,30,France,59,59,US Quevilly Rouen Métropole,150000.0,800.0,GK
M. Cullen,29,England,59,59,Hartlepool United,220000.0,3000.0,ST
J. Mustoe,30,England,59,59,Finn Harps,190000.0,500.0,LB
L. Fariña,30,Argentina,59,59,Club Cerro Porteño,220000.0,500.0,CAM
S. Sama,28,Germany,59,60,Accrington Stanley,210000.0,1000.0,CB
T. Sho-Silva,26,England,59,61,Sutton United,275000.0,2000.0,ST
C. Brown,29,England,59,59,Barrow,200000.0,2000.0,RWB
W. Figueira,26,England,59,60,Sligo Rovers,275000.0,550.0,LM
S. Moore,26,England,59,62,Blackpool,230000.0,2000.0,GK
C. Baker-Richardson,25,England,59,64,Newport County,325000.0,2000.0,ST
A. Fisher,31,England,59,59,Newport County,190000.0,2000.0,ST
M. Hudson,22,England,59,65,Preston North End,300000.0,3000.0,GK
M. Foulds,23,England,59,67,Bradford City,475000.0,3000.0,LB
R. Pyke,23,England,59,65,Shrewsbury Town,350000.0,2000.0,ST
M. Norman,24,England,59,64,Carlisle United,275000.0,1000.0,GK
S. Diallo,22,England,59,68,Forest Green Rovers,500000.0,3000.0,CM
D. Devine,23,England,59,66,Carlisle United,450000.0,2000.0,CM
F. Pizzicanella,25,Argentina,59,64,Atlético Tucumán,275000.0,1000.0,GK
O. Olomola,23,England,59,64,Hartlepool United,350000.0,2000.0,ST
T. Bola,22,England,59,68,Rotherham United,475000.0,2000.0,LB
J. Ponticelli,22,England,59,66,Wrexham AFC,450000.0,500.0,ST
J. Bedeau,21,England,59,71,Burnley,525000.0,4000.0,CB
L. Molyneux,23,England,59,64,Hartlepool United,350000.0,2000.0,CAM
C. McJannet,22,England,59,68,Derry City,475000.0,500.0,CB
L. Freestone,21,England,59,71,Cheltenham Town,525000.0,1000.0,CB
F. Delli Carri,22,Italy,59,72,US Salernitana 1919,525000.0,8000.0,CB
K. Jameson,22,England,59,65,Oldham Athletic,325000.0,2000.0,CB
J. Grayson,22,England,59,69,Barrow,475000.0,1000.0,CB
Sergi Puig,22,Spain,59,71,SD Ponferradina,475000.0,900.0,GK
D. Adshead,19,England,59,73,Gillingham,525000.0,3000.0,CM
S. Sissoko,22,France,59,67,Stade de Reims,475000.0,3000.0,RB
G. Lloyd,21,England,59,72,Port Vale,550000.0,2000.0,ST
A. Denny,21,England,59,71,Salford City,525000.0,2000.0,CDM
J. Morton,22,England,59,68,Bristol City,500000.0,5000.0,CM
T. Golden,21,England,59,69,Salford City,475000.0,2000.0,RB
D. Angus,27,England,59,60,Wrexham AFC,275000.0,500.0,ST
H. Biggins,25,England,59,64,Fleetwood Town,325000.0,2000.0,CM
J. Wakely,20,England,59,71,Wycombe Wanderers,500000.0,1000.0,CB
J. Russell,20,England,59,70,Chelsea,500000.0,10000.0,CM
T. Billson,20,England,59,74,Scunthorpe United,475000.0,2000.0,GK
N. Kastenhofer,22,Germany,59,69,Hallescher FC,475000.0,700.0,CB
O. Ünlüçifçi,24,Germany,59,65,SV Waldhof Mannheim 07,350000.0,700.0,CM
R. Edmondson,20,England,59,76,Fleetwood Town,600000.0,9000.0,ST
A. Stone,21,England,59,68,Port Vale,450000.0,1000.0,GK
M. Bernauer,23,France,59,67,Paris FC,475000.0,1000.0,RB
T. Coyle,20,England,59,69,FC Lausanne-Sport,500000.0,2000.0,RM
L. Costa,20,France,59,73,Toulouse Football Club,500000.0,900.0,CB
T. Fleckstein,22,Germany,59,66,MSV Duisburg,425000.0,1000.0,CB
T. Weiner,22,Germany,59,68,Holstein Kiel,450000.0,2000.0,GK
E. Löder,21,Germany,59,71,Hallescher FC,550000.0,650.0,CAM
E. Küc,24,Germany,59,64,FC Viktoria 1889 Berlin,350000.0,650.0,CAM
P. Gómez,23,Argentina,59,65,Gallos Blancos de Querétaro,350000.0,2000.0,LM
M. Daly,20,England,59,76,Hartlepool United,600000.0,1000.0,CM
R. Law,21,England,59,68,Plymouth Argyle,475000.0,2000.0,LWB
J. Coley,22,England,59,66,Exeter City,450000.0,2000.0,LM
T. Stirl,21,Germany,59,67,TSV Havelse,450000.0,500.0,GK
A. Aidonis,20,Germany,59,70,SG Dynamo Dresden,450000.0,3000.0,CB
Algobia,22,Spain,59,70,Getafe CF,500000.0,4000.0,CM
N. Forastiero,22,Argentina,59,69,Argentinos Juniors,450000.0,1000.0,GK
H. Constant,21,France,59,70,AS Nancy Lorraine,450000.0,650.0,GK
A. Tégar,20,France,59,70,US Quevilly Rouen Métropole,475000.0,700.0,LB
C. Boyce-Clarke,18,England,59,81,Reading,650000.0,500.0,GK
P. Osterhage,21,Germany,59,73,VfL Bochum 1848,550000.0,3000.0,CM
A. Roczen,21,Germany,59,69,SV Waldhof Mannheim 07,500000.0,650.0,ST
T. Thomas,19,France,59,76,Olympique Lyonnais,575000.0,5000.0,CM
Patrick Luan,22,Brazil,59,70,Örebro SK,500000.0,4000.0,ST
U. Eneme-Ella,20,France,59,69,Brighton & Hove Albion,500000.0,6000.0,CAM
S. Loric,20,France,59,71,FC Lorient,525000.0,2000.0,LB
J. Consbruch,19,Germany,59,76,Eintracht Braunschweig,575000.0,2000.0,CM
A. Hurst,21,England,59,69,Port Vale,500000.0,2000.0,LW
A. Gözütok,20,Germany,59,70,1. FC Kaiserslautern,500000.0,750.0,CAM
L. Mercan,20,Germany,59,73,Fatih Karagümrük S.K.,550000.0,2000.0,CM
R. Yapi,20,France,59,71,Vitesse,525000.0,2000.0,RWB
I. Jones,22,England,59,70,Middlesbrough,500000.0,4000.0,LM
J. Smith,19,England,59,70,Stevenage,475000.0,1000.0,CM
L. Oppermann,19,Germany,59,73,Hamburger SV,475000.0,750.0,GK
J. Cain,19,England,59,75,Newport County,575000.0,7000.0,CAM
Nacho Pastor,18,Spain,59,77,SD Huesca,550000.0,550.0,CB
G. Coelho,21,France,59,67,Rodez Aveyron Football,475000.0,650.0,RWB
T. Tamas,20,France,59,74,Montpellier Hérault SC,525000.0,3000.0,LB
H. Wise,21,England,59,69,Watford,500000.0,6000.0,CM
D. Maldini,19,Italy,59,77,AC Milan,575000.0,3000.0,CAM
S. Stehle,19,Germany,59,74,1. FC Kaiserslautern,525000.0,3000.0,RW
J. Eastham,19,England,59,74,Blackburn Rovers,475000.0,2000.0,GK
F. Otto,19,Germany,59,75,Hallescher FC,550000.0,2000.0,CB
F. Arthur,21,Germany,59,71,Barrow,525000.0,2000.0,CB
J. Stark,20,Germany,59,68,1. FC Heidenheim 1846,500000.0,3000.0,CM
G. Cangiano,19,Italy,59,75,Bologna,575000.0,3000.0,LW
C. Wiggett,18,England,59,80,Newcastle United,700000.0,2000.0,LB
J. Brooking,18,England,59,79,Chelsea,575000.0,3000.0,CB
M. Raab,22,Germany,59,68,1. FC Kaiserslautern,450000.0,650.0,GK
N. Bretschneider,21,Germany,59,67,MSV Duisburg,475000.0,1000.0,LB
D. Klein,20,Germany,59,73,FC Augsburg,475000.0,2000.0,GK
T. Walbrecht,19,Germany,59,71,Hannover 96,500000.0,2000.0,CDM
K. Boma,18,France,59,77,Angers SCO,550000.0,950.0,CB
L. Hervieu,21,France,59,68,Stade Malherbe Caen,500000.0,850.0,CM
I. Touré,18,France,59,74,Le Havre AC,500000.0,500.0,CB
Y. Gomes,18,France,59,74,Le Havre AC,525000.0,700.0,ST
J. Wosz,18,Germany,59,76,RB Leipzig,575000.0,3000.0,CM
S. Ahlers,23,Germany,59,64,FC St. Pauli,275000.0,2000.0,GK
S. Bell,19,England,59,75,Bristol City,575000.0,4000.0,ST
Damián,18,Spain,59,67,CF Fuenlabrada,475000.0,500.0,CM
M. Haygarth,19,England,59,75,Brentford,575000.0,5000.0,RW
M. Niang,19,Spain,59,77,Getafe CF,575000.0,3000.0,ST
A. Hackford,17,England,59,84,Sheffield United,700000.0,950.0,ST
John Patrick,17,Spain,59,78,Getafe CF,550000.0,550.0,CAM
L. Hartwig,18,Germany,59,79,VfL Bochum 1848,625000.0,2000.0,ST
R. Khadra,19,Germany,59,74,Blackburn Rovers,525000.0,4000.0,RW
E. Bördner,19,Germany,59,74,Viktoria Köln,475000.0,1000.0,GK
J. Casimir,19,France,59,71,Le Havre AC,550000.0,1000.0,ST
P. Ostachuk,21,Argentina,59,69,Club Atlético Independiente,475000.0,2000.0,CB
Hugo Bueno,18,Spain,59,81,Wolverhampton Wanderers,700000.0,3000.0,LWB
M. Ibrahimi,18,Germany,59,76,RB Leipzig,575000.0,4000.0,LW
T. Conway,18,England,59,76,Bristol City,575000.0,2000.0,ST
K. Kesler Hayden,18,England,59,76,Swindon Town,550000.0,2000.0,RB
P. Minissale,20,Argentina,59,69,Argentinos Juniors,450000.0,1000.0,CB
J. Michelbrink,20,Germany,59,75,Hertha BSC,600000.0,5000.0,CAM
M. Bondswell,19,England,59,72,Newcastle United,500000.0,3000.0,LB
M. Obuz,19,Germany,59,76,1. FC Köln,575000.0,2000.0,LM
L. Lobinger,22,Germany,59,68,Fortuna Düsseldorf,500000.0,4000.0,ST
L. Günther,19,Germany,59,77,FC Augsburg,575000.0,2000.0,RM
A. Martegani,21,Argentina,59,70,San Lorenzo de Almagro,500000.0,2000.0,CAM
G. Luján,20,Argentina,59,70,San Lorenzo de Almagro,450000.0,2000.0,CB
J. Barden,28,England,59,59,Sutton United,200000.0,2000.0,RB
A. Malanda,19,France,59,72,Rodez Aveyron Football,500000.0,500.0,CB
J. Engel,20,Germany,59,70,SC Freiburg II,475000.0,550.0,LB
E. Leopold,20,Germany,59,68,SC Freiburg II,500000.0,650.0,CM
F. Ravizzoli,23,Argentina,59,64,Milton Keynes Dons,275000.0,1000.0,GK
T. Bornemann,20,Germany,59,69,Borussia Dortmund II,500000.0,750.0,ST
D. Kina,28,Germany,59,59,TSV Havelse,200000.0,500.0,RWB
J. Langfeld,26,Germany,59,60,TSV Havelse,240000.0,500.0,RWB
F. Lakenmacher,21,Germany,59,67,TSV Havelse,500000.0,500.0,ST
T. Seifert,19,Germany,59,72,1. FC Heidenheim 1846,500000.0,2000.0,CB
P. Verkamp,23,Germany,59,66,FC Viktoria 1889 Berlin,450000.0,700.0,LW
S. Messeguem,20,Germany,59,71,FC Erzgebirge Aue,550000.0,1000.0,CM
Y. Voigt,18,Germany,59,74,FSV Zwickau,525000.0,500.0,LM
T. Bierschenk,18,Germany,59,70,Hallescher FC,475000.0,500.0,ST
Reinaldo,22,Brazil,59,68,SV Ried,500000.0,2000.0,RW
J. Trafford,18,England,59,77,Accrington Stanley,500000.0,500.0,GK
L. Ennali,19,Germany,59,71,Hannover 96,525000.0,3000.0,LW
M. Elimbi,18,France,59,78,RC Strasbourg Alsace,550000.0,950.0,CB
L. Rieß,19,Germany,59,76,1. FSV Mainz 05,525000.0,1000.0,GK
Y. Cathline,18,France,59,72,En Avant de Guingamp,525000.0,550.0,LM
M. Beifus,18,Germany,59,76,FC St. Pauli,550000.0,750.0,CB
M. Riou,20,France,59,69,En Avant de Guingamp,450000.0,1000.0,CB
E. Uhlmann,18,Germany,59,77,RB Leipzig,550000.0,2000.0,CDM
J. Pfennig,18,Germany,59,77,RB Leipzig,550000.0,2000.0,CB
J. Kizzi,28,England,59,59,Sutton United,200000.0,2000.0,RB
D. Gómez,19,Argentina,59,69,Club Atlético Colón,475000.0,1000.0,CM
L. Bonelli,18,France,59,74,FC Nantes,450000.0,500.0,GK
F. Galván,21,Argentina,59,68,San Lorenzo de Almagro,500000.0,2000.0,ST
J. Gaudin,21,France,59,69,En Avant de Guingamp,500000.0,1000.0,RM
M. Kaba,19,France,59,68,Valenciennes FC,475000.0,650.0,CM
R. Adigo,20,Germany,59,74,FC Würzburger Kickers,550000.0,1000.0,RM
J. Sarmiento,19,England,59,71,Brighton & Hove Albion,525000.0,5000.0,RW
Josema,21,Spain,59,72,FC Cartagena,550000.0,1000.0,ST
L. Delpech,18,France,59,69,Nîmes Olympique,475000.0,500.0,CM
J. Sonnenberg,28,Germany,59,60,TSV Havelse,210000.0,500.0,CB
M. Neuberger,21,Germany,59,68,FC Ingolstadt 04,475000.0,2000.0,CB
T. Oberdorf,24,Germany,59,64,Fortuna Düsseldorf,300000.0,3000.0,CB
A. Mitchell,19,England,59,71,Leyton Orient,500000.0,1000.0,CB
N. Sow,22,France,59,68,Stade Brestois 29,475000.0,2000.0,CDM
R. Bourlès,18,France,59,74,FC Lorient,525000.0,1000.0,CM
Javi Martínez,18,Spain,59,69,UD Ibiza,450000.0,500.0,CB
O. Offiah,18,England,59,79,Brighton & Hove Albion,575000.0,2000.0,CB
D. Mondonico,24,Italy,59,64,Crotone,300000.0,2000.0,CB
Aritz de Miguel,22,Spain,59,71,CD Mirandés,475000.0,900.0,GK
Óscar González,21,Spain,59,71,CD Mirandés,550000.0,1000.0,ST
Femi Seriki,19,England,59,73,K Beerschot VA,500000.0,2000.0,RB
F. Rüth,19,Germany,59,71,TSG Hoffenheim,500000.0,2000.0,CDM
N. König,18,Germany,59,75,TSG Hoffenheim,550000.0,1000.0,CB
Moyano,20,Spain,59,70,AD Alcorcón,500000.0,1000.0,CAM
B. Bobzien,18,Germany,59,77,1. FSV Mainz 05,575000.0,2000.0,RW
J. Malcolm,18,England,59,77,Accrington Stanley,575000.0,3000.0,ST
S. Schmik,31,Germany,58,58,Sportclub Verl,150000.0,500.0,RB
B. Wyatt,25,England,58,62,Sutton United,275000.0,2000.0,LB
S. Bastien,26,France,58,61,Stevenage,210000.0,1000.0,GK
J. Stobbs,24,England,58,63,Oldham Athletic,275000.0,2000.0,RWB
D. Grimshaw,23,England,58,68,Blackpool,400000.0,1000.0,GK
L. Jones,22,England,58,69,Doncaster Rovers,400000.0,1000.0,GK
L. Edwards,24,England,58,63,Bolton Wanderers,275000.0,2000.0,CB
R. Harker,21,England,58,69,Burnley,450000.0,5000.0,ST
J. Law,22,England,58,66,Mansfield Town,450000.0,3000.0,CAM
D. Redmond,24,England,58,63,Wrexham AFC,300000.0,500.0,CM
J. Hawkes,22,England,58,68,Tranmere Rovers,450000.0,2000.0,CAM
N. Awuku,21,Germany,58,67,Holstein Kiel,450000.0,3000.0,RW
T. Möller,22,Germany,58,65,VfL Osnabrück,400000.0,800.0,CDM
M. Sprang,20,Germany,58,67,FSV Zwickau,375000.0,500.0,GK
J. Greenidge,21,England,58,68,Newport County,450000.0,2000.0,ST
J. Grodowski,23,Germany,58,66,Sportclub Verl,450000.0,500.0,ST
M. Sanders,22,England,58,65,Lincoln City,400000.0,2000.0,CM
M. Taylor,21,England,58,69,Rochdale,425000.0,1000.0,CB
O. Younger,21,England,58,69,Sunderland,425000.0,1000.0,CB
M. Dembélé,22,France,58,69,Pau FC,425000.0,2000.0,CB
T. O'Neill,21,England,58,70,Scunthorpe United,500000.0,2000.0,ST
L. Schaffran,22,Germany,58,68,SpVgg Greuther Fürth,400000.0,2000.0,GK
T. Johnson,20,England,58,70,Crewe Alexandra,475000.0,1000.0,RB
A. Long,20,England,58,73,Wigan Athletic,450000.0,700.0,CB
J. Weir,19,England,58,73,Cambridge United,475000.0,900.0,CM
K. Etete,19,England,58,78,Northampton Town,575000.0,7000.0,ST
D. Markanday,19,England,58,76,Tottenham Hotspur,525000.0,6000.0,RM
S. Bouzar,21,France,58,66,AS Nancy Lorraine,425000.0,900.0,RB
Bruno Bertinato,23,Brazil,58,65,Venezia FC,350000.0,2000.0,GK
T. Allen,21,England,58,69,Forest Green Rovers,450000.0,3000.0,RW
M. Lavinier,20,England,58,74,Tottenham Hotspur,525000.0,7000.0,RB
T. Secchi,24,France,58,64,Rodez Aveyron Football,250000.0,600.0,GK
Z. Jeacock,20,England,58,72,Salford City,425000.0,2000.0,GK
T. French,22,England,58,66,Wrexham AFC,425000.0,500.0,CB
T. Sinclair,20,England,58,71,Mansfield Town,500000.0,3000.0,ST
R. Bouallak,21,France,58,70,ESTAC Troyes,450000.0,1000.0,GK
J. Young,20,England,58,75,Newcastle United,525000.0,5000.0,CM
B. Voll,20,Germany,58,69,F.C. Hansa Rostock,375000.0,950.0,GK
D. Langley,20,England,58,75,Newcastle United,475000.0,3000.0,GK
J. Rowe,19,England,58,74,Scunthorpe United,500000.0,1000.0,RB
N. Zohoré,20,France,58,75,FC Sochaux-Montbéliard,500000.0,800.0,CB
D. Youfeigane,21,France,58,70,En Avant de Guingamp,450000.0,750.0,GK
A. Bakhat,21,Germany,58,69,1. FC Kaiserslautern,450000.0,750.0,CM
T. White,24,England,58,63,Barrow,300000.0,2000.0,CM
J. Reckert,24,Germany,58,66,Borussia Dortmund II,400000.0,550.0,GK
J. Hupe,21,Germany,58,70,1. FC Saarbrücken,450000.0,550.0,GK
M. Papela,20,Germany,58,73,1. FSV Mainz 05,500000.0,3000.0,CM
K. Harratt,19,England,58,76,Huddersfield Town,525000.0,1000.0,ST
C. Saydee,19,England,58,75,AFC Bournemouth,525000.0,4000.0,ST
J. March,24,England,58,65,Forest Green Rovers,400000.0,3000.0,ST
Riuler,23,Brazil,58,65,Shonan Bellmare,375000.0,700.0,CDM
M. Helm,19,England,58,71,Burnley,475000.0,3000.0,CAM
F. Krebs,22,Germany,58,66,Borussia Dortmund II,450000.0,750.0,CM
B. Garrity,24,England,58,65,Port Vale,400000.0,2000.0,CM
T. Simpson,19,England,58,70,Swindon Town,475000.0,1000.0,ST
Christian Marques,18,Portugal,58,80,Wolverhampton Wanderers,625000.0,3000.0,CB
J. Moon,20,England,58,70,Barnsley,450000.0,4000.0,CB
N. Gordon,19,England,58,71,Birmingham City,450000.0,2000.0,CB
J. Sterner,19,Germany,58,70,Holstein Kiel,475000.0,2000.0,CM
M. Liesegang,21,Germany,58,65,1. FSV Mainz 05,350000.0,2000.0,GK
M. Schulze,20,Germany,58,70,SC Paderborn 07,425000.0,1000.0,GK
L. Klatte,21,Germany,58,68,F.C. Hansa Rostock,400000.0,950.0,GK
L. Knöferl,18,Germany,58,77,TSV 1860 München,525000.0,500.0,CAM
F. Schneider,18,Germany,58,72,1. FC Union Berlin,475000.0,2000.0,CM
Phelipe,22,Brazil,58,66,FC Dallas,400000.0,850.0,GK
Rafael Bandeira,20,Portugal,58,70,Amiens SC,475000.0,750.0,RB
K. Scales,19,England,58,71,Bradford City,475000.0,2000.0,RM
R. Ponti,23,France,58,67,AJ Auxerre,450000.0,1000.0,LW
J. Ngouabi,18,France,58,76,Stade Malherbe Caen,475000.0,500.0,CB
Diego Bri,18,Spain,58,74,Elche CF,525000.0,1000.0,LW
C. Barker,18,England,58,74,Charlton Athletic,500000.0,500.0,RB
W. Gnonto,17,Italy,58,80,FC Zürich,650000.0,650.0,CF
F. Irorere,19,Germany,58,73,Karlsruher SC,450000.0,1000.0,CB
C. Archer,19,England,58,75,Aston Villa,525000.0,6000.0,ST
H. Roberts,19,England,58,75,Brighton & Hove Albion,500000.0,4000.0,CB
M. Fofana,20,France,58,67,Amiens SC,450000.0,850.0,CM
T. Jenks,19,England,58,75,Aberdeen,525000.0,850.0,CM
E. Oubella,20,Germany,58,72,Heracles Almelo,450000.0,950.0,CB
Lluis Tarrés,20,Spain,58,72,Unión Deportiva Almería,425000.0,900.0,GK
J. Hettwer,18,Germany,58,70,MSV Duisburg,475000.0,650.0,CF
A. Robertson,18,England,58,81,Ross County FC,650000.0,500.0,CM
J. Tchamadeu,17,England,58,71,Colchester United,450000.0,500.0,RWB
L. Rosenlöcher,20,Germany,58,68,1. FC Nürnberg,425000.0,1000.0,LB
K. McDonald,19,England,58,70,Derby County,475000.0,1000.0,RB
J. Frommann,18,Germany,58,74,DSC Arminia Bielefeld,500000.0,1000.0,CDM
K. Chauke,18,England,58,75,Southampton,525000.0,3000.0,RM
L. Sprekelmeyer,19,Germany,58,70,VfL Osnabrück,450000.0,500.0,CB
T. Rapnouil,20,France,58,69,Toulouse Football Club,425000.0,900.0,CDM
M. Johnen,18,Germany,58,74,1. FC Saarbrücken,450000.0,500.0,GK
Leonço,28,Brazil,58,58,Guangzhou City,210000.0,3000.0,ST
Y. Cassubie,20,France,58,65,Chamois Niortais Football Club,375000.0,800.0,CDM
T. Bloxham,17,England,58,72,Shrewsbury Town,475000.0,500.0,ST
M. Bangré,20,France,58,74,Toulouse Football Club,525000.0,1000.0,LM
Y. Pandor,20,France,58,68,Racing Club de Lens,375000.0,2000.0,GK
L. Britton,20,England,58,70,Bristol City,500000.0,5000.0,ST
H. Tebily,19,France,58,72,FC Sochaux-Montbéliard,475000.0,800.0,ST
K. Davis,33,England,58,58,Sutton United,130000.0,2000.0,CM
Unai Marino,21,Spain,58,71,SD Amorebieta,450000.0,650.0,GK
M. Seiffert,20,Germany,58,66,FC Viktoria 1889 Berlin,450000.0,600.0,LW
K. Schmidt,19,Germany,58,70,SC Freiburg II,450000.0,500.0,CB
S. Risch,21,Germany,58,67,SC Freiburg II,425000.0,550.0,LB
M. Amedick,19,Germany,58,73,Borussia Dortmund II,450000.0,500.0,CDM
T. Malbec,19,France,58,69,FC Girondins de Bordeaux,375000.0,1000.0,GK
C. Taylor,19,England,58,71,Bristol Rovers,450000.0,2000.0,CB
A. Dlugaiczyk,38,Germany,58,58,TSV Havelse,25000.0,500.0,GK
A. Cissoko,21,France,58,67,Seattle Sounders FC,425000.0,900.0,CB
Acín,20,Spain,58,67,Real Zaragoza,375000.0,850.0,GK
H. Muller,19,England,58,74,St. Johnstone FC,500000.0,1000.0,CB
D. Atmaca,18,Germany,58,72,FC Würzburger Kickers,475000.0,500.0,LM
M. Franke,19,Germany,58,70,Sportclub Verl,475000.0,500.0,LW
S. El-Faouzi,18,Germany,58,76,SC Paderborn 07,525000.0,950.0,CAM
L. Griebsch,17,Germany,58,73,Hallescher FC,450000.0,500.0,LB
B. Klefisch,18,Germany,58,75,RB Leipzig,525000.0,3000.0,CM
V. Lesieur,18,Portugal,58,73,Racing Club de Lens,400000.0,500.0,GK
Miguel Muñoz,24,Spain,58,63,Piast Gliwice,275000.0,1000.0,CB
P. Schulze,18,Germany,58,76,VfL Wolfsburg,450000.0,700.0,GK
T. Le Normand,20,France,58,68,En Avant de Guingamp,450000.0,1000.0,LM
D. Lelle,18,Germany,58,75,RB Leipzig,475000.0,2000.0,CB
M. Parker,22,England,58,66,Motherwell,425000.0,1000.0,CDM
J. Rufidis,20,Germany,58,64,TSV Havelse,300000.0,500.0,CDM
Mateus Criciúma,22,Brazil,58,66,FC Botoşani,450000.0,2000.0,RW
M. Alfarela,23,France,58,65,Paris FC,400000.0,1000.0,ST
R. Pessel,17,Germany,58,71,Hallescher FC,475000.0,500.0,CM
M. Dabre,18,France,58,74,Swindon Town,525000.0,950.0,CAM
Alex Rodríguez,19,Spain,58,72,Getafe CF,475000.0,2000.0,RB
D. Williams,17,England,58,75,Derby County,475000.0,500.0,LB
Bernardo Vilar,23,Brazil,58,68,IFK Göteborg,425000.0,750.0,CB
Kevin,22,Spain,58,70,CF Fuenlabrada,500000.0,1000.0,RM
S. Westerveld,18,Spain,58,72,AZ Alkmaar,400000.0,500.0,GK
D. Schmidt,20,Germany,58,67,FC Augsburg,425000.0,2000.0,CB
D. Iacoponi,19,Italy,58,75,Parma,525000.0,3000.0,LW
P. Nowack,18,Germany,58,76,FC Erzgebirge Aue,525000.0,600.0,LM
F. Alidou,19,Germany,58,70,Hamburger SV,475000.0,2000.0,LW
C. Setford,17,England,58,76,Ajax,450000.0,500.0,GK
T. Small,16,England,58,77,Southampton,475000.0,500.0,LB
Heron,20,Brazil,58,68,Vejle Boldklub,425000.0,1000.0,LB
A. Camblan,18,France,58,72,Stade Brestois 29,475000.0,1000.0,CAM
Jonatas Santos,19,Brazil,58,70,Al Ain FC,475000.0,500.0,RM
L. Walker,31,England,57,57,Milton Keynes Dons,90000.0,1000.0,GK
J. Cracknell,26,England,57,61,Harrogate Town,180000.0,2000.0,GK
M. Smith,25,England,57,62,Hartlepool United,240000.0,2000.0,CM
W. Randall,24,England,57,62,Sutton United,250000.0,2000.0,LM
J. Akintunde,25,England,57,62,Derry City,240000.0,600.0,ST
W. Mannion,23,England,57,64,Cambridge United,275000.0,1000.0,GK
T. Olusanya,23,England,57,66,Middlesbrough,375000.0,4000.0,ST
R. Longdon,23,England,57,62,Lincoln City,250000.0,2000.0,RW
A. Baldwin,24,England,57,64,Milton Keynes Dons,300000.0,1000.0,CB
S. Nombe,22,England,57,67,Exeter City,375000.0,2000.0,ST
J. Turner,22,England,57,69,Colchester United,350000.0,4000.0,GK
T. Frost,21,England,57,68,Crawley Town,375000.0,2000.0,LM
C. Brown,21,England,57,65,Milton Keynes Dons,375000.0,2000.0,ST
L. Coyle,21,England,57,70,Accrington Stanley,375000.0,700.0,CDM
J. Hickman,22,England,57,65,St. Patrick's Athletic,350000.0,550.0,RWB
J. Lundstram,22,England,57,66,Crewe Alexandra,375000.0,2000.0,CM
E. Chapman,20,England,57,71,Cheltenham Town,400000.0,1000.0,CM
A. Alese,20,England,57,70,West Ham United,375000.0,6000.0,CB
A. Jarvis,23,England,57,64,Scunthorpe United,325000.0,3000.0,ST
B. Crellin,21,England,57,69,Fleetwood Town,350000.0,900.0,GK
J. Olowu,21,England,57,68,Doncaster Rovers,350000.0,1000.0,CB
T. Abraham,20,England,57,70,Newport County,400000.0,7000.0,ST
J. Evans,20,England,57,71,Forest Green Rovers,375000.0,2000.0,LWB
E. Dixon-Bonner,20,England,57,73,Liverpool,400000.0,8000.0,CDM
W. Dennis,20,England,57,70,AFC Bournemouth,350000.0,3000.0,GK
Iker Pozo,20,Spain,57,72,Manchester City,375000.0,10000.0,CDM
T. Callens,22,France,57,66,FC Lorient,325000.0,2000.0,GK
S. Sherring,21,England,57,72,Accrington Stanley,375000.0,4000.0,CB
B. Lyons-Foster,20,England,57,74,Tottenham Hotspur,400000.0,7000.0,CB
M. Kulke,20,Germany,57,72,SG Dynamo Dresden,375000.0,2000.0,RB
L. Pelletier,21,France,57,67,US Quevilly Rouen Métropole,325000.0,500.0,GK
B. Horton,20,England,57,69,Doncaster Rovers,375000.0,1000.0,LB
L. Müller,20,Germany,57,71,SV Darmstadt 98,400000.0,2000.0,CAM
F. Bettache,20,England,57,68,Oldham Athletic,350000.0,2000.0,CM
M. Lewis,19,England,57,70,Royale Union Saint-Gilloise,400000.0,1000.0,LM
T. Leak,20,England,57,67,Walsall,325000.0,2000.0,CB
J. Young,19,England,57,68,Forest Green Rovers,350000.0,2000.0,ST
C. Parsons,20,England,57,68,Wycombe Wanderers,350000.0,1000.0,LM
P. Besong,20,Germany,57,67,1. FC Nürnberg,375000.0,2000.0,ST
H. Saunders,23,England,57,63,Bristol Rovers,250000.0,2000.0,ST
J. Albrecht,19,Germany,57,74,Hertha BSC,400000.0,3000.0,CDM
D. De Vita,21,Germany,57,67,Viktoria Köln,350000.0,700.0,CB
C. Bombo,22,France,57,68,ESTAC Troyes,350000.0,2000.0,CDM
Ángel Fraga,25,Spain,57,63,CD Lugo,200000.0,1000.0,GK
T. Tattermusch,20,Germany,57,68,Borussia Dortmund II,375000.0,750.0,ST
A. Senior,19,England,57,70,Bolton Wanderers,375000.0,900.0,CB
L. Francillette,22,France,57,67,Crawley Town,350000.0,2000.0,CB
E. Walker,18,England,57,71,Preston North End,375000.0,2000.0,LW
L. Schleimer,21,Germany,57,67,1. FC Nürnberg,375000.0,2000.0,CAM
B. Koumetio,18,France,57,78,Liverpool,500000.0,3000.0,CB
A. Greaves,20,England,57,68,Doncaster Rovers,350000.0,1000.0,CDM
A. Odoh,20,England,57,72,Rochdale,400000.0,1000.0,LW
A. Zinga,20,France,57,66,Valenciennes FC,375000.0,950.0,ST
F. Clarke,18,England,57,73,Norwich City,425000.0,2000.0,CAM
J. Dorsett,19,England,57,75,Rochdale,400000.0,2000.0,CB
D. Salhi,22,France,57,67,USL Dunkerque,325000.0,700.0,GK
J. Rahou,18,France,57,70,Olympique de Marseille,375000.0,2000.0,ST
P. Bourdelle,20,France,57,68,Grenoble Foot 38,300000.0,600.0,GK
R. Bulić,20,Germany,57,67,1. FC Saarbrücken,325000.0,700.0,CB
L. Margueron,20,France,57,65,Clermont Foot 63,300000.0,1000.0,GK
N. Touglo,19,Germany,57,69,Fortuna Düsseldorf,375000.0,2000.0,CB
S. Morris,19,England,57,71,Fleetwood Town,400000.0,1000.0,RW
M. Xantippe,19,France,57,73,Amiens SC,400000.0,550.0,CB
D. Neil,19,England,57,68,Sunderland,325000.0,1000.0,CDM
N. Abbey,17,England,57,76,Reading,375000.0,500.0,CB
Julen,22,Spain,57,64,CD Lugo,275000.0,900.0,GK
A. Padula,25,Italy,57,59,FC Basel 1893,190000.0,2000.0,LB
C. Chukwuemeka,19,England,57,74,Aston Villa,425000.0,6000.0,ST
Joël Monteiro,21,Portugal,57,65,BSC Young Boys,375000.0,2000.0,ST
E. Kouadio,22,Germany,57,66,SV Waldhof Mannheim 07,350000.0,650.0,RB
N. May,19,Germany,57,69,Viktoria Köln,375000.0,550.0,LB
D. Sea,20,France,57,71,Barrow,400000.0,1000.0,ST
Marcelo Pitaluga,18,Brazil,57,78,Liverpool,475000.0,1000.0,GK
B. Zempelin,21,Germany,57,66,SSV Jahn Regensburg,375000.0,1000.0,CM
M. Bruns,17,Germany,57,76,1. FC Union Berlin,375000.0,500.0,CB
J. Baptiste,17,England,57,78,West Ham United,500000.0,500.0,CB
D. Galjen,19,Germany,57,70,SV Werder Bremen,400000.0,1000.0,ST
L. Schmökel,19,Germany,57,68,1. FC Magdeburg,325000.0,500.0,CB
A. Jourda,19,France,57,69,SC Bastia,375000.0,500.0,RB
A. Compagno,25,Italy,57,62,FC U Craiova 1948,240000.0,2000.0,ST
K. Corredor,20,France,57,68,Rodez Aveyron Football,375000.0,800.0,CF
P. Treu,20,Germany,57,68,SC Freiburg II,350000.0,550.0,RB
I. Qela,20,Germany,57,64,TSV Havelse,325000.0,500.0,RM
H. Barbet,20,France,57,68,En Avant de Guingamp,300000.0,750.0,GK
S. Carey,20,England,57,68,Blackpool,350000.0,2000.0,CAM
S. Ilic,18,Germany,57,71,SC Freiburg II,350000.0,500.0,CB
L. Jakobi,19,Germany,57,70,Türkgücü München,375000.0,550.0,CDM
Y. Scintu,24,Italy,57,63,Türkgücü München,250000.0,1000.0,ST
M. Rosenfelder,18,Germany,57,71,SC Freiburg II,350000.0,500.0,CB
Z. Oualah,26,England,57,59,AFC Wimbledon,150000.0,1000.0,GK
T. Martens,18,Germany,57,68,F.C. Hansa Rostock,350000.0,850.0,ST
I. Baldé,18,France,57,68,Racing Club de Lens,350000.0,2000.0,ST
E. Nevitt,24,England,57,63,Tranmere Rovers,250000.0,2000.0,ST
Q. Galvez-Diarra,19,France,57,72,FC Sochaux-Montbéliard,350000.0,500.0,GK
N. Heeger,21,Germany,57,65,Karlsruher SC,325000.0,1000.0,GK
J. Henke,20,Germany,57,66,SC Paderborn 07,325000.0,2000.0,CB
A. Francke,19,France,57,69,AS Nancy Lorraine,400000.0,900.0,ST
L. Hawryluk,20,Germany,57,64,SV Waldhof Mannheim 07,275000.0,500.0,GK
E. Ingram,18,England,57,73,West Bromwich Albion,400000.0,2000.0,RWB
L. Hall,22,England,57,65,Newport County,350000.0,2000.0,LWB
L. Thompson,19,England,57,71,Derby County,375000.0,1000.0,CDM
D. Cashman,20,England,57,71,Rochdale,400000.0,3000.0,ST
F. Back,18,England,57,74,Nottingham Forest,400000.0,2000.0,RB
O. Olufunwa,19,England,57,67,Southampton,325000.0,4000.0,RB
L. Dobbin,18,England,57,76,Everton,425000.0,5000.0,ST
A. Devine,16,England,57,82,Tottenham Hotspur,500000.0,1000.0,CM
Fàbrega,21,Spain,57,70,Unión Deportiva Las Palmas,350000.0,800.0,GK
San Nicolás,20,Spain,57,72,SD Eibar,350000.0,900.0,GK
J. Castrop,17,Germany,57,77,1. FC Köln,450000.0,550.0,CAM
G. Walther,18,Germany,57,72,VfL Wolfsburg,375000.0,3000.0,LM
J. Robinson,20,England,57,74,Middlesbrough,425000.0,3000.0,LB
F. Hache,17,Germany,57,72,FC Erzgebirge Aue,375000.0,500.0,CM
H. Lindley,18,England,57,71,Aston Villa,350000.0,2000.0,CDM
E. Philibert,19,France,57,70,Nîmes Olympique,375000.0,600.0,CB
E. Williams,25,England,56,59,Doncaster Rovers,190000.0,2000.0,CAM
Mésaque Djú,22,Portugal,56,65,West Ham United,325000.0,8000.0,RM
J. Louchet,25,France,56,62,Chamois Niortais Football Club,180000.0,850.0,GK
R. East,22,England,56,65,Swindon Town,325000.0,2000.0,CM
J. Löwe,22,Germany,56,62,SG Dynamo Dresden,230000.0,2000.0,CM
M. Köbbing,24,Germany,56,61,1. FC Köln,170000.0,3000.0,GK
J. Hallam,22,England,56,66,Scunthorpe United,325000.0,2000.0,CAM
B. Wade,20,England,56,70,Rochdale,300000.0,850.0,GK
C. Hargreaves,22,England,56,63,Bristol Rovers,300000.0,2000.0,CM
O. Edwards,22,England,56,65,Forest Green Rovers,325000.0,3000.0,RM
H. Kite,21,England,56,67,Exeter City,325000.0,2000.0,CM
C. Thompson,21,England,56,69,Barnsley,350000.0,6000.0,ST
J. Nolan,20,England,56,69,Accrington Stanley,350000.0,800.0,RM
T. Crawford,22,England,56,63,Hartlepool United,300000.0,2000.0,CM
C. Rowe,21,England,56,66,Exeter City,300000.0,1000.0,LB
T. Scully,21,England,56,66,Accrington Stanley,325000.0,800.0,CM
S. Graham,20,England,56,67,Rochdale,300000.0,1000.0,CB
S. Pollock,20,England,56,72,Northampton Town,375000.0,2000.0,CM
C. Jolley,20,England,56,70,Tranmere Rovers,350000.0,1000.0,ST
D. Simeu,19,England,56,75,Southampton,350000.0,4000.0,CB
P. Ekwah Elimby,19,France,56,73,West Ham United,350000.0,4000.0,CDM
A. Tchaptchet,19,France,56,75,Southampton,350000.0,4000.0,CB
S. Beccari,22,Italy,56,63,WSG Tirol,250000.0,1000.0,GK
N. Jaby,20,France,56,63,Clermont Foot 63,275000.0,2000.0,CDM
D. Meddah,18,France,56,70,Le Havre AC,325000.0,550.0,CM
M. Pochettino,20,Argentina,56,72,Watford,375000.0,6000.0,RM
J. Reid,20,England,56,70,Portsmouth,350000.0,2000.0,RM
G. Horton,19,England,56,68,Cheltenham Town,325000.0,900.0,CB
H. Perritt,20,England,56,66,Accrington Stanley,300000.0,700.0,RWB
J. Evan's,22,France,56,65,Pau FC,325000.0,850.0,LM
T. Schlitter,19,Germany,56,65,1. FC Magdeburg,275000.0,500.0,GK
C. Zimba,19,England,56,72,Cardiff City,375000.0,4000.0,ST
H. Cartwright,19,England,56,71,Hull City,300000.0,700.0,GK
K. Simmonds,20,England,56,71,Birmingham City,350000.0,3000.0,LM
W. Forrester,20,England,56,70,Mansfield Town,325000.0,3000.0,CB
T. Bartouche-Selbonne,24,France,56,62,FC Lorient,180000.0,2000.0,GK
M. Sündermann,23,Germany,56,63,Hannover 96,240000.0,3000.0,GK
S. Ashford,25,England,56,59,Crawley Town,190000.0,2000.0,LM
H. Gambor,18,France,56,69,Paris FC,300000.0,500.0,CB
C. Antwi,19,England,56,69,Blackpool,325000.0,1000.0,CDM
Z. Al-Hussaini,21,England,56,68,Crawley Town,350000.0,2000.0,CAM
H. Traoré,20,Germany,56,69,VfL Osnabrück,350000.0,750.0,LM
M. Gresler,18,Germany,56,74,TSV 1860 München,350000.0,500.0,LB
J. Brown,20,England,56,68,Derby County,325000.0,2000.0,CDM
S. Long,18,England,56,74,Lincoln City,325000.0,500.0,GK
R. Edwards,18,England,56,73,Peterborough United,350000.0,600.0,CB
N. Melvin-Lambert,18,England,56,71,St. Patrick's Athletic,325000.0,2000.0,ST
Lluis Andreu,21,Spain,56,64,Elche CF,275000.0,1000.0,GK
M. Torlak,18,Germany,56,70,SpVgg Greuther Fürth,325000.0,1000.0,CAM
Dani Vidal,21,Spain,56,68,CD Lugo,350000.0,1000.0,CM
Y. Maronne,19,France,56,68,Chamois Niortais Football Club,300000.0,500.0,GK
Anderson,24,Brazil,56,62,FC Voluntari,230000.0,1000.0,LW
Alvyn Sanches,18,Portugal,56,75,FC Lausanne-Sport,350000.0,900.0,CM
E. Kratzer,21,Germany,56,66,SpVgg Greuther Fürth,300000.0,2000.0,RB
K. Coates,19,England,56,73,Stoke City,350000.0,2000.0,RB
W. Mikelbrencis,17,France,56,76,FC Metz,375000.0,500.0,RB
G. Bokake,19,Germany,56,68,Hannover 96,350000.0,3000.0,LW
G. Kennedy,18,England,56,70,Colchester United,325000.0,950.0,CM
J. Kleeberg,19,Germany,56,69,Eintracht Braunschweig,325000.0,650.0,LB
A. Roncaglia,21,France,56,65,SC Bastia,300000.0,700.0,CB
J. Rotsen,24,France,56,61,US Quevilly Rouen Métropole,210000.0,950.0,CM
C. Rowe,25,England,56,60,Sutton United,180000.0,2000.0,CB
J. Makengo,19,France,56,70,SC Freiburg II,325000.0,500.0,CB
A. Bazdrigiannis,19,Germany,56,69,SC Freiburg II,350000.0,500.0,RM
A. Schulz,18,Germany,56,72,DSC Arminia Bielefeld,325000.0,500.0,GK
N. Sauter,18,Germany,56,69,SC Freiburg II,300000.0,500.0,GK
L. Kehl,19,Germany,56,69,SC Freiburg II,350000.0,550.0,ST
R. Wagner,17,Germany,56,71,SC Freiburg II,325000.0,500.0,CM
E. Belhadji,20,France,56,64,Dijon FCO,325000.0,750.0,RM
H. Far,19,France,56,67,Rodez Aveyron Football,300000.0,650.0,ST
B. Hompesch,18,Germany,56,72,Viktoria Köln,350000.0,500.0,CAM
I. Altuntas,18,Germany,56,69,Viktoria Köln,325000.0,500.0,RB
T. De Percin,20,France,56,66,AJ Auxerre,275000.0,600.0,GK
K. Silvestre,18,France,56,66,AJ Auxerre,300000.0,550.0,RW
A. Demouchy,19,France,56,65,US Quevilly Rouen Métropole,300000.0,500.0,CB
G. Quilichini,18,France,56,66,AC Ajaccio,250000.0,500.0,GK
F. Stumpe,19,Germany,56,71,Eintracht Braunschweig,350000.0,750.0,LM
M. Nonnenmacher,18,France,56,69,AS Nancy Lorraine,325000.0,500.0,CDM
Z. Labyad,21,France,56,64,Grenoble Foot 38,325000.0,1000.0,ST
C. Taylor,18,England,56,71,West Bromwich Albion,300000.0,2000.0,CB
T. Addy,19,England,56,73,Luton Town,375000.0,2000.0,LW
P. Sieben,22,Germany,56,64,Fortuna Düsseldorf,300000.0,3000.0,CDM
T. Dickinson,20,England,56,70,Wycombe Wanderers,300000.0,850.0,GK
M. Ram,20,England,56,68,Wycombe Wanderers,325000.0,1000.0,CB
M. Koné,19,France,56,68,Le Havre AC,300000.0,500.0,GK
B. Brahimi,21,France,56,64,USL Dunkerque,325000.0,850.0,LM
J. Clarke,17,England,56,73,Reading,350000.0,950.0,ST
M. Oakley,18,England,56,72,Birmingham City,350000.0,950.0,RB
R. Baniya,22,Italy,56,64,Fatih Karagümrük S.K.,300000.0,2000.0,CB
H. Diarra,17,France,56,77,RC Strasbourg Alsace,425000.0,500.0,CDM
G. Schäfer,18,Germany,56,70,Eintracht Frankfurt,325000.0,1000.0,LM
J. Schröder,18,Germany,56,73,Eintracht Frankfurt,350000.0,1000.0,LB
O. Dodgson,18,England,56,68,Burnley,325000.0,1000.0,LB
R. Brush,36,England,55,55,Sligo Rovers,15000.0,500.0,GK
R. Sandford,22,England,55,65,Millwall,250000.0,1000.0,GK
G. Satalino,22,Italy,55,65,U.S. Sassuolo Calcio,250000.0,3000.0,GK
B. House,22,England,55,65,Sutton United,250000.0,1000.0,GK
C. Manicone,23,Italy,55,64,FC Lugano,275000.0,2000.0,ST
B. Seymour,22,England,55,66,Exeter City,275000.0,2000.0,ST
C. Gregory,21,England,55,67,Shrewsbury Town,275000.0,850.0,GK
A. Samuels,20,England,55,72,Aberdeen,325000.0,1000.0,ST
M. Dewhurst,20,England,55,72,Sheffield United,300000.0,2000.0,GK
L. Beckemeyer,21,Germany,55,65,VfL Osnabrück,250000.0,500.0,GK
A. Patterson,21,England,55,65,Sunderland,250000.0,1000.0,GK
L. Pöhls,24,Germany,55,59,Shamrock Rovers,140000.0,500.0,GK
Bernardo Rosa,20,Brazil,55,67,West Ham United,300000.0,6000.0,CAM
P. Grave,20,Germany,55,69,VfL Bochum 1848,275000.0,2000.0,GK
I. Karamoko,20,France,55,65,Torino F.C.,275000.0,4000.0,CM
D. Barden,20,England,55,71,Livingston FC,300000.0,2000.0,GK
J. Walsh,19,England,55,72,Queens Park Rangers,300000.0,800.0,GK
B. Wells,21,England,55,68,Queens Park Rangers,300000.0,2000.0,CB
E. Arslan,19,Germany,55,69,SV Darmstadt 98,300000.0,2000.0,ST
A. Lyska,21,Germany,55,64,SV Wehen Wiesbaden,250000.0,650.0,GK
J. Neufville,21,England,55,68,Luton Town,325000.0,2000.0,ST
J. Austerfield,19,England,55,75,Huddersfield Town,350000.0,950.0,CM
J. Bird,20,England,55,68,Milton Keynes Dons,300000.0,1000.0,ST
J. Willis,19,England,55,68,Walsall,300000.0,1000.0,CM
T. Collins,18,England,55,72,Scunthorpe United,275000.0,500.0,GK
Z. Emmerson,16,England,55,74,Brighton & Hove Albion,325000.0,2000.0,CF
M. Dinger,20,Germany,55,68,Karlsruher SC,275000.0,2000.0,CB
L. Gibbs,18,England,55,73,Norwich City,325000.0,2000.0,CM
O. Tomlinson,19,England,55,69,Plymouth Argyle,275000.0,1000.0,CB
J. Andrews,19,England,55,70,Rochdale,300000.0,2000.0,ST
K. Chapelle,21,France,55,66,AJ Auxerre,275000.0,850.0,RM
M. Köhl,20,Germany,55,66,1. FC Saarbrücken,275000.0,850.0,ST
B. Blythe,19,England,55,68,Doncaster Rovers,275000.0,900.0,CB
F. Price,19,England,55,70,Morecambe,300000.0,800.0,LM
J. Ngounou Djayo,20,Germany,55,68,TSV 1860 München,300000.0,550.0,CF
B. Rowe,19,England,55,70,Coventry City,275000.0,2000.0,RWB
M. McMillan,18,England,55,74,Fleetwood Town,325000.0,750.0,ST
E. Brierley,17,England,55,74,Rochdale,325000.0,500.0,CM
S. Tovide,17,England,55,75,Colchester United,350000.0,550.0,ST
P. Löhr,20,Germany,55,65,Karlsruher SC,240000.0,1000.0,GK
J. Freeman,19,England,55,70,Milton Keynes Dons,300000.0,1000.0,CM
E. Canpolat,20,Germany,55,70,Kasimpaşa SK,275000.0,1000.0,GK
D. Bunk,17,Germany,55,74,Fortuna Düsseldorf,325000.0,500.0,CAM
A. Kazeem,19,England,55,67,Colchester United,275000.0,1000.0,LWB
R. Finnigan,17,England,55,73,Southampton,325000.0,900.0,CM
H. Vaughan,17,England,55,73,Oldham Athletic,325000.0,500.0,CAM
J. Sesay,18,Germany,55,75,SV Darmstadt 98,350000.0,800.0,CAM
F. Torres,24,Argentina,55,58,Deportivo Cali,170000.0,500.0,RM
G. Machado,20,Argentina,55,68,Cerro Largo Fútbol Club,300000.0,500.0,CDM
I. Tshipamba,20,France,55,65,Waterford FC,275000.0,500.0,RM
J. Bevan,18,England,55,70,Shrewsbury Town,250000.0,500.0,GK
O. Hoch,19,Germany,55,67,1. FC Magdeburg,275000.0,500.0,CDM
S. Cornish,19,England,55,68,Colchester United,300000.0,1000.0,CM
N. Noll,18,Germany,55,72,TSG Hoffenheim,275000.0,500.0,GK
J. Bickerstaff,19,England,55,67,Wrexham AFC,300000.0,500.0,ST
T. Muschkowski,20,Germany,55,65,FC Viktoria 1889 Berlin,275000.0,550.0,RW
M. Gumaneh,18,Germany,55,67,FC Viktoria 1889 Berlin,300000.0,500.0,ST
S. Mellack,20,Germany,55,67,SC Freiburg II,275000.0,500.0,GK
T. Bertelsmann,19,Germany,55,71,VfL Osnabrück,325000.0,600.0,ST
J. Grey,18,England,55,68,Hartlepool United,300000.0,900.0,ST
R. Schabbing,19,Germany,55,67,MSV Duisburg,250000.0,500.0,GK
N. Gibs,19,Germany,55,66,1. FC Kaiserslautern,250000.0,500.0,LB
Y. Heimur,18,Germany,55,66,FC Viktoria 1889 Berlin,275000.0,500.0,CM
Victores,20,Spain,55,69,CD Leganés,275000.0,900.0,GK
T. Loridan,18,France,55,74,USL Dunkerque,300000.0,500.0,CB
T. Leigh,21,England,55,64,Accrington Stanley,275000.0,650.0,CDM
J. Chorushij,18,Germany,55,71,VfL Osnabrück,325000.0,500.0,CM
P. Joly,21,France,55,63,AJ Auxerre,275000.0,750.0,CB
M. Viltard,18,France,55,67,FC Sochaux-Montbéliard,300000.0,500.0,CM
C. Riedel,17,Germany,55,73,SV Darmstadt 98,300000.0,500.0,CB
A. Farouk,17,Germany,55,67,SV Wehen Wiesbaden,300000.0,500.0,CAM
J. Urbig,17,Germany,55,75,1. FC Köln,300000.0,500.0,GK
N. Saintini,21,France,55,65,FC Sion,275000.0,2000.0,CB
N. Mercier,18,France,55,70,AJ Auxerre,300000.0,500.0,RW
O. Gene,18,France,55,70,Amiens SC,300000.0,500.0,CM
M. Rongier,19,France,55,71,Amiens SC,300000.0,500.0,GK
S. Visentin,22,Argentina,55,64,Crotone,275000.0,2000.0,CB
J. Hall,23,England,55,62,Melbourne City FC,240000.0,2000.0,CB
T. Fellows,18,England,55,71,West Bromwich Albion,325000.0,2000.0,RM
K. Lloyd,18,England,55,72,Wigan Athletic,300000.0,500.0,RB
Guille Bueno,19,Spain,55,69,Borussia Dortmund II,275000.0,500.0,LB
B. James,21,England,54,66,Middlesbrough,230000.0,2000.0,GK
D. Zappella,23,Italy,54,63,Empoli,230000.0,5000.0,RB
S. Moloney,21,England,54,62,Barrow,210000.0,800.0,GK
K. Ward,21,England,54,68,Mansfield Town,275000.0,2000.0,CM
J. Helliwell,19,England,54,72,Barnsley,275000.0,3000.0,RWB
M. Wagner,20,Germany,54,67,Türkgücü München,230000.0,500.0,GK
K. Gordon,19,England,54,71,Sheffield United,275000.0,2000.0,CB
G. Forrest,21,England,54,63,Waterford FC,230000.0,500.0,CB
C. Panter,20,England,54,69,Dundee FC,240000.0,1000.0,CB
L. Otto,20,Germany,54,67,1. FC Kaiserslautern,230000.0,500.0,GK
F. Lockett,18,England,54,73,Bolton Wanderers,275000.0,600.0,LM
T. Charters,19,England,54,69,Carlisle United,250000.0,1000.0,CM
H. Hackney,19,England,54,72,Scunthorpe United,275000.0,2000.0,CM
L. Cundle,19,England,54,74,Wolverhampton Wanderers,300000.0,6000.0,CM
A. Smith,19,England,54,67,Salford City,240000.0,1000.0,CB
T. Mehew,20,England,54,61,Bristol Rovers,210000.0,2000.0,CM
W. Lancaster,18,England,54,70,Barnsley,250000.0,2000.0,CDM
J. Robbins,19,England,54,70,Crewe Alexandra,275000.0,1000.0,CM
R. Richards,17,England,54,76,West Bromwich Albion,350000.0,1000.0,LW
M. Marshall,18,England,54,69,Colchester United,250000.0,850.0,CM
J. Hutchinson,19,England,54,68,Colchester United,250000.0,2000.0,ST
D. Fisher,19,England,54,70,AFC Wimbledon,275000.0,900.0,ST
M. Richter,21,Germany,54,64,FC Würzburger Kickers,210000.0,650.0,GK
P. Boer,19,Italy,54,74,Roma,275000.0,2000.0,GK
G. Bellagambi,19,England,54,73,Huddersfield Town,250000.0,500.0,GK
C. Wood,18,England,54,68,Bradford City,250000.0,1000.0,CAM
K. Monzialo,20,France,54,63,FC Lugano,240000.0,1000.0,LW
J. Stafford,18,England,54,63,Waterford FC,220000.0,500.0,LB
S. Lee,20,Germany,54,66,SV Waldhof Mannheim 07,250000.0,600.0,CF
C. Harris,21,England,54,64,FC Cincinnati,240000.0,1000.0,LW
L. Schulze-Kökelsum,19,Germany,54,68,Eintracht Braunschweig,220000.0,500.0,GK
R. Djedje,19,France,54,65,Seraing,220000.0,1000.0,CDM
D. Thomas,17,England,54,69,Colchester United,250000.0,500.0,CAM
M. Cleworth,18,England,54,67,Wrexham AFC,230000.0,500.0,CB
L. Vincent,18,England,54,74,Portsmouth,275000.0,550.0,LB
L. Klußmann,18,Germany,54,72,Borussia Dortmund II,240000.0,500.0,GK
T. Ernst,18,Germany,54,75,VfL Bochum 1848,300000.0,500.0,GK
D. Coogan,19,England,54,68,Walsall,240000.0,1000.0,RB
A. Brown,19,England,54,74,FC Lausanne-Sport,300000.0,1000.0,LB
L. Becker,19,Germany,54,66,SV Wehen Wiesbaden,220000.0,500.0,GK
L. Breunig,17,Germany,54,70,FC Würzburger Kickers,250000.0,500.0,CB
J. Klöpper,19,Germany,54,67,SV Meppen,250000.0,500.0,RM
K. Ehibhatiomhan,18,England,54,71,Reading,275000.0,2000.0,ST
S. Goma,19,France,54,65,FC Academica Clinceni,230000.0,750.0,ST
P. Zimmermann,18,Germany,54,70,Viktoria Köln,250000.0,500.0,CB
A. Delphis,18,France,54,66,FC Sochaux-Montbéliard,250000.0,500.0,CM
R. Glover,20,England,54,68,AFC Bournemouth,250000.0,4000.0,RW
H. Beadle,18,England,54,69,Colchester United,230000.0,650.0,CB
Papu Mendes,20,Portugal,54,67,Servette FC,250000.0,2000.0,ST
A. Powell,18,England,54,70,Peterborough United,250000.0,550.0,LWB
P. Fahrner,18,Germany,54,69,SC Freiburg II,250000.0,500.0,RM
L. Jenkins,18,England,54,72,AFC Wimbledon,250000.0,500.0,CB
I. Ogundere,18,England,54,69,AFC Wimbledon,240000.0,500.0,RB
K. Frimpong,18,England,54,72,AFC Wimbledon,250000.0,500.0,CDM
R. Shirley,18,England,54,73,Plymouth Argyle,275000.0,950.0,ST
J. Oehmichen,17,Germany,54,72,SG Dynamo Dresden,275000.0,500.0,CAM
I. Hamache,18,France,54,69,Valenciennes FC,250000.0,500.0,RW
B. Nkololo,24,France,53,60,Central Coast Mariners,190000.0,500.0,CAM
R. Hannam,20,England,53,69,Crystal Palace,240000.0,5000.0,LB
S. Shotton,20,England,53,68,West Bromwich Albion,210000.0,4000.0,CB
S. Brynn,20,England,53,68,Middlesbrough,200000.0,2000.0,GK
R. Griffiths,21,England,53,65,Crewe Alexandra,230000.0,1000.0,CM
C. Malley,21,England,53,66,Middlesbrough,230000.0,3000.0,CAM
K. Berkoe,19,England,53,65,Salford City,210000.0,1000.0,LB
M. Felici,20,Italy,53,65,Lecce,230000.0,550.0,CAM
A. Procter,19,England,53,70,Accrington Stanley,230000.0,500.0,CB
J. Sweeney,19,England,53,68,Leyton Orient,210000.0,1000.0,LB
I. Bakare,19,England,53,68,Cardiff City,210000.0,2000.0,CB
J. Gubbins,19,England,53,68,Queens Park Rangers,210000.0,1000.0,CB
B. Chrisene,17,England,53,78,Aston Villa,275000.0,500.0,LB
J. Guadagno,18,Italy,53,76,F.C. København,275000.0,500.0,GK
K. Hurst,19,England,53,67,Birmingham City,220000.0,2000.0,LM
T. Onyeka,19,England,53,69,Crewe Alexandra,240000.0,1000.0,ST
J. Carney,20,England,53,68,Sunderland,200000.0,1000.0,GK
M. Mannhardt,18,Germany,53,70,TSV 1860 München,230000.0,500.0,CDM
R. Fenlon,19,England,53,70,Accrington Stanley,240000.0,550.0,CM
B. Pursall,17,England,53,72,Plymouth Argyle,220000.0,500.0,CB
H. Lintott,18,England,53,65,Gillingham,210000.0,500.0,RB
H. Parsons,18,England,53,64,Swindon Town,200000.0,1000.0,ST
G. Sithole,18,England,53,71,Gillingham,240000.0,700.0,ST
A. Lovatt,22,England,53,61,Sutton United,210000.0,1000.0,CM
G. Cooper,18,England,53,63,Mansfield Town,180000.0,800.0,CB
S. Simons,17,England,53,70,Carlisle United,210000.0,500.0,GK
F. Recktenwald,18,Germany,53,71,1. FC Saarbrücken,230000.0,500.0,RB
M. Hinnenkamp,19,Germany,53,68,SV Meppen,210000.0,500.0,CB
E. Fernandez,19,England,53,72,Peterborough United,230000.0,1000.0,CB
A. Marsh,18,England,53,72,Barnsley,240000.0,3000.0,ST
M. Snelgrove,18,England,53,68,Hull City,220000.0,750.0,RM
J. Hinds,18,England,53,68,Hull City,220000.0,950.0,ST
T. Nixon,18,England,53,69,Hull City,230000.0,550.0,RB
H. Wood,18,England,53,69,Scunthorpe United,240000.0,750.0,CM
D. Wright-Phillips,19,England,53,69,Stoke City,240000.0,3000.0,RW
M. Bardell,18,England,53,68,Derby County,210000.0,600.0,RB
J. Melhado,20,England,53,66,Salford City,220000.0,2000.0,CM
C. Wilson,18,England,53,70,Scunthorpe United,240000.0,850.0,CAM
J. Carragher,18,England,53,72,Wigan Athletic,220000.0,500.0,CB
D. Elerewe,17,England,53,71,Charlton Athletic,220000.0,500.0,CB
E. Kischka,19,Germany,53,68,Eintracht Braunschweig,220000.0,700.0,CM
H. Wright,22,England,52,62,Fleetwood Town,160000.0,1000.0,GK
J. Dodd,20,England,52,65,Exeter City,190000.0,2000.0,CM
J. Dyer,20,England,52,65,Exeter City,180000.0,1000.0,CB
J. Dixon,20,England,52,66,Carlisle United,190000.0,2000.0,CM
G. Shelvey,20,England,52,67,Mansfield Town,170000.0,3000.0,GK
O. Ashley,21,England,52,64,West Ham United,200000.0,6000.0,CM
J. Peck,20,England,52,65,Luton Town,190000.0,2000.0,CM
B. Grawe,21,Germany,52,63,SV Sandhausen,160000.0,650.0,GK
A. George,18,England,52,70,Birmingham City,200000.0,1000.0,ST
J. Dunne,19,England,52,70,Rochdale,190000.0,800.0,CB
N. Iseguan,18,England,52,70,Exeter City,200000.0,700.0,CAM
André Mendes,18,Portugal,52,68,Morecambe,180000.0,500.0,GK
V. Da Silva,18,England,52,66,Oldham Athletic,190000.0,900.0,ST
L. Loughlan,19,England,52,68,Salford City,210000.0,2000.0,CM
M. Townsend-West,18,England,52,68,Stevenage,190000.0,500.0,CB
B. Jones,20,England,52,63,Tranmere Rovers,150000.0,800.0,GK
F. Gebhardt,19,Germany,52,66,FC Basel 1893,170000.0,650.0,GK
L. Jackson,19,England,52,68,Sheffield Wednesday,180000.0,500.0,GK
J. Coburn,18,England,52,68,Middlesbrough,200000.0,2000.0,ST
L. Chambers-Parillon,19,England,52,66,Oxford United,190000.0,1000.0,CM
S. Dreyer,17,England,52,68,Stevenage,190000.0,500.0,CB
F. Draper,16,England,52,71,Lincoln City,200000.0,500.0,ST
A. Papadopoulos,18,England,52,63,Leyton Orient,170000.0,850.0,CM
J. Sivi,18,England,52,71,Middlesbrough,200000.0,1000.0,RM
L. Bennett,19,England,52,67,Cambridge United,180000.0,700.0,RB
C. O'Connell,18,England,52,70,Peterborough United,190000.0,550.0,CB
T. Costello,18,England,52,70,Wigan Athletic,200000.0,500.0,ST
O. Green,18,England,52,67,Hull City,180000.0,750.0,CM
J. Chapman,18,England,52,68,Rotherham United,180000.0,500.0,GK
L. McFayden,21,England,52,63,Swansea City,170000.0,3000.0,LB
J. Milambo,20,England,52,62,Waterford FC,170000.0,500.0,LB
M. Mastil,21,France,52,62,FC Lausanne-Sport,160000.0,1000.0,GK
W. Jarvis,18,England,52,68,Hull City,200000.0,950.0,ST
R. Stratulis,18,England,52,70,Tranmere Rovers,200000.0,600.0,RM
K. N'Mai,17,England,52,75,Salford City,250000.0,500.0,CAM
D. Gordon,17,England,52,70,Swindon Town,200000.0,500.0,RM
J. Torrance,19,England,52,69,Salford City,180000.0,900.0,GK
B. Worman,19,England,51,65,Cambridge United,140000.0,950.0,ST
K. Barker,20,England,51,67,Peterborough United,150000.0,1000.0,CDM
J. Wright,20,England,51,62,Millwall,110000.0,1000.0,GK
J. Tiensia,20,England,51,66,Millwall,130000.0,1000.0,LWB
S. Booth,20,England,51,61,Crewe Alexandra,110000.0,850.0,GK
T. Campbell,19,England,51,69,Birmingham City,150000.0,2000.0,CM
A. Jones,19,England,51,70,Luton Town,150000.0,1000.0,RB
K. Hayde,19,England,51,64,Tranmere Rovers,130000.0,800.0,CB
L. Bell,18,England,51,66,Carlisle United,140000.0,900.0,RW
L. Johnson,17,England,51,69,Milton Keynes Dons,150000.0,500.0,ST
G. Breeze,17,England,51,68,Carlisle United,130000.0,500.0,GK
M. Young,18,England,51,65,Leyton Orient,140000.0,850.0,CM
R. Byrne,18,England,51,66,Leyton Orient,120000.0,500.0,GK
E. Hill,18,England,51,65,Mansfield Town,140000.0,1000.0,CM
H. Beckett,17,England,51,66,Cambridge United,120000.0,500.0,CB
B. Hemcke,18,Germany,51,67,Viktoria Köln,150000.0,500.0,CM
D. Gallimore,18,England,51,67,Scunthorpe United,150000.0,850.0,CM
B. Kelly,17,England,51,68,Rochdale,130000.0,500.0,GK
E. Taylor,18,England,51,72,Sunderland,190000.0,700.0,LM
J. Sraha,18,England,51,68,Barnsley,140000.0,2000.0,CB
F. Craske,18,England,51,69,Plymouth Argyle,140000.0,600.0,RWB
A. Jones,20,England,50,66,Crawley Town,110000.0,850.0,GK
S. Beckwith,19,England,50,70,Luton Town,130000.0,1000.0,CM
H. Baker,18,England,50,69,Scunthorpe United,110000.0,600.0,RB
S. Kowalczyk,17,England,50,69,Crawley Town,120000.0,500.0,CM
W. Blackmore,19,England,50,68,Peterborough United,110000.0,600.0,GK
M. Chapman,18,England,50,68,Oxford United,100000.0,500.0,GK
B. Mensah,18,England,50,68,Peterborough United,110000.0,500.0,RWB
M. Pérez Hintermeier,17,Spain,50,65,FC Würzburger Kickers,90000.0,500.0,GK
C. Teale,18,England,50,62,Fleetwood Town,100000.0,500.0,CB
K. Kouassi,18,England,50,60,Sutton United,100000.0,650.0,ST
A. Porter,19,England,50,61,Stoke City,100000.0,2000.0,CM
G. Cowmeadow,17,England,50,66,Swindon Town,120000.0,500.0,ST
R. Aguiar,20,England,50,65,Swindon Town,110000.0,2000.0,CM
G. Figliuzzi,20,Italy,49,64,Crotone,100000.0,850.0,GK
Bernardo,17,Brazil,49,67,Adelaide United,120000.0,500.0,CAM
H. Wiles-Richards,19,England,48,65,Bristol City,110000.0,1000.0,GK
